2026-01-28 00:04:12 INFO werkzeug [req=-]  * Restarting with stat
2026-01-28 00:04:16 INFO app [req=-] Startup: prewarming TTS...
2026-01-28 00:04:16 INFO app [req=-] Prewarming Kokoro pipeline...
2026-01-28 00:04:16 INFO app [req=-] Kokoro device: cuda (NVIDIA GeForce RTX 5070)
2026-01-28 00:04:16 DEBUG urllib3.connectionpool [req=-] Starting new HTTPS connection (1): huggingface.co:443
2026-01-28 00:04:16 DEBUG urllib3.connectionpool [req=-] https://huggingface.co:443 "HEAD /hexgrad/Kokoro-82M/resolve/main/config.json HTTP/1.1" 307 0
2026-01-28 00:04:17 DEBUG urllib3.connectionpool [req=-] https://huggingface.co:443 "HEAD /api/resolve-cache/models/hexgrad/Kokoro-82M/f3ff3571791e39611d31c381e3a41a3af07b4987/config.json HTTP/1.1" 200 0
2026-01-28 00:04:18 DEBUG urllib3.connectionpool [req=-] https://huggingface.co:443 "HEAD /hexgrad/Kokoro-82M/resolve/main/kokoro-v1_0.pth HTTP/1.1" 302 0
2026-01-28 00:04:19 INFO app [req=-] Kokoro pipeline prewarmed
2026-01-28 00:04:19 DEBUG urllib3.connectionpool [req=-] https://huggingface.co:443 "HEAD /hexgrad/Kokoro-82M/resolve/main/voices/af_heart.pt HTTP/1.1" 302 0
2026-01-28 00:04:20 INFO app [req=-] Kokoro synthesis prewarm complete (voice=af_heart)
2026-01-28 00:04:20 INFO app [req=-] Startup: TTS prewarm done in 3.27s
2026-01-28 00:04:20 WARNING werkzeug [req=-]  * Debugger is active!
2026-01-28 00:04:20 INFO werkzeug [req=-]  * Debugger PIN: 342-109-490
2026-01-28 00:07:02 INFO werkzeug [req=-]  * Detected change in '/workspace/TOEFL/app/flask_app/services/writing_analyzer.py', reloading
2026-01-28 00:07:03 INFO werkzeug [req=-]  * Restarting with stat
2026-01-28 00:07:07 INFO app [req=-] Startup: prewarming TTS...
2026-01-28 00:07:07 INFO app [req=-] Prewarming Kokoro pipeline...
2026-01-28 00:07:07 INFO app [req=-] Kokoro device: cuda (NVIDIA GeForce RTX 5070)
2026-01-28 00:07:07 DEBUG urllib3.connectionpool [req=-] Starting new HTTPS connection (1): huggingface.co:443
2026-01-28 00:07:07 DEBUG urllib3.connectionpool [req=-] https://huggingface.co:443 "HEAD /hexgrad/Kokoro-82M/resolve/main/config.json HTTP/1.1" 307 0
2026-01-28 00:07:07 DEBUG urllib3.connectionpool [req=-] https://huggingface.co:443 "HEAD /api/resolve-cache/models/hexgrad/Kokoro-82M/f3ff3571791e39611d31c381e3a41a3af07b4987/config.json HTTP/1.1" 200 0
2026-01-28 00:07:09 DEBUG urllib3.connectionpool [req=-] https://huggingface.co:443 "HEAD /hexgrad/Kokoro-82M/resolve/main/kokoro-v1_0.pth HTTP/1.1" 302 0
2026-01-28 00:07:10 INFO app [req=-] Kokoro pipeline prewarmed
2026-01-28 00:07:10 DEBUG urllib3.connectionpool [req=-] https://huggingface.co:443 "HEAD /hexgrad/Kokoro-82M/resolve/main/voices/af_heart.pt HTTP/1.1" 302 0
2026-01-28 00:07:11 INFO app [req=-] Kokoro synthesis prewarm complete (voice=af_heart)
2026-01-28 00:07:11 INFO app [req=-] Startup: TTS prewarm done in 3.54s
2026-01-28 00:07:11 WARNING werkzeug [req=-]  * Debugger is active!
2026-01-28 00:07:11 INFO werkzeug [req=-]  * Debugger PIN: 342-109-490
2026-01-28 00:07:23 INFO werkzeug [req=-]  * Detected change in '/workspace/TOEFL/app/flask_app/app.py', reloading
2026-01-28 00:07:24 INFO werkzeug [req=-]  * Restarting with stat
2026-01-28 00:07:28 INFO app [req=-] Startup: prewarming TTS...
2026-01-28 00:07:28 INFO app [req=-] Prewarming Kokoro pipeline...
2026-01-28 00:07:28 INFO app [req=-] Kokoro device: cuda (NVIDIA GeForce RTX 5070)
2026-01-28 00:07:28 DEBUG urllib3.connectionpool [req=-] Starting new HTTPS connection (1): huggingface.co:443
2026-01-28 00:07:28 DEBUG urllib3.connectionpool [req=-] https://huggingface.co:443 "HEAD /hexgrad/Kokoro-82M/resolve/main/config.json HTTP/1.1" 307 0
2026-01-28 00:07:28 DEBUG urllib3.connectionpool [req=-] https://huggingface.co:443 "HEAD /api/resolve-cache/models/hexgrad/Kokoro-82M/f3ff3571791e39611d31c381e3a41a3af07b4987/config.json HTTP/1.1" 200 0
2026-01-28 00:07:30 DEBUG urllib3.connectionpool [req=-] https://huggingface.co:443 "HEAD /hexgrad/Kokoro-82M/resolve/main/kokoro-v1_0.pth HTTP/1.1" 302 0
2026-01-28 00:07:31 INFO app [req=-] Kokoro pipeline prewarmed
2026-01-28 00:07:31 DEBUG urllib3.connectionpool [req=-] https://huggingface.co:443 "HEAD /hexgrad/Kokoro-82M/resolve/main/voices/af_heart.pt HTTP/1.1" 302 0
2026-01-28 00:07:32 INFO app [req=-] Kokoro synthesis prewarm complete (voice=af_heart)
2026-01-28 00:07:32 INFO app [req=-] Startup: TTS prewarm done in 3.53s
2026-01-28 00:07:32 WARNING werkzeug [req=-]  * Debugger is active!
2026-01-28 00:07:32 INFO werkzeug [req=-]  * Debugger PIN: 342-109-490
2026-01-28 00:08:23 INFO werkzeug [req=-]  * Detected change in '/workspace/TOEFL/app/flask_app/app.py', reloading
2026-01-28 00:08:25 INFO werkzeug [req=-]  * Restarting with stat
2026-01-28 00:08:29 INFO app [req=-] Startup: prewarming TTS...
2026-01-28 00:08:29 INFO app [req=-] Prewarming Kokoro pipeline...
2026-01-28 00:08:29 INFO app [req=-] Kokoro device: cuda (NVIDIA GeForce RTX 5070)
2026-01-28 00:08:29 DEBUG urllib3.connectionpool [req=-] Starting new HTTPS connection (1): huggingface.co:443
2026-01-28 00:08:29 DEBUG urllib3.connectionpool [req=-] https://huggingface.co:443 "HEAD /hexgrad/Kokoro-82M/resolve/main/config.json HTTP/1.1" 307 0
2026-01-28 00:08:29 DEBUG urllib3.connectionpool [req=-] https://huggingface.co:443 "HEAD /api/resolve-cache/models/hexgrad/Kokoro-82M/f3ff3571791e39611d31c381e3a41a3af07b4987/config.json HTTP/1.1" 200 0
2026-01-28 00:08:30 DEBUG urllib3.connectionpool [req=-] https://huggingface.co:443 "HEAD /hexgrad/Kokoro-82M/resolve/main/kokoro-v1_0.pth HTTP/1.1" 302 0
2026-01-28 00:08:31 INFO app [req=-] Kokoro pipeline prewarmed
2026-01-28 00:08:31 DEBUG urllib3.connectionpool [req=-] https://huggingface.co:443 "HEAD /hexgrad/Kokoro-82M/resolve/main/voices/af_heart.pt HTTP/1.1" 302 0
2026-01-28 00:08:32 INFO app [req=-] Kokoro synthesis prewarm complete (voice=af_heart)
2026-01-28 00:08:32 INFO app [req=-] Startup: TTS prewarm done in 3.36s
2026-01-28 00:08:32 WARNING werkzeug [req=-]  * Debugger is active!
2026-01-28 00:08:32 INFO werkzeug [req=-]  * Debugger PIN: 342-109-490
2026-01-28 00:08:38 INFO werkzeug [req=-]  * Detected change in '/workspace/TOEFL/app/flask_app/services/speaking_feedback_engine.py', reloading
2026-01-28 00:08:39 INFO werkzeug [req=-]  * Restarting with stat
2026-01-28 00:08:43 INFO app [req=-] Startup: prewarming TTS...
2026-01-28 00:08:43 INFO app [req=-] Prewarming Kokoro pipeline...
2026-01-28 00:08:43 INFO app [req=-] Kokoro device: cuda (NVIDIA GeForce RTX 5070)
2026-01-28 00:08:43 DEBUG urllib3.connectionpool [req=-] Starting new HTTPS connection (1): huggingface.co:443
2026-01-28 00:08:43 DEBUG urllib3.connectionpool [req=-] https://huggingface.co:443 "HEAD /hexgrad/Kokoro-82M/resolve/main/config.json HTTP/1.1" 307 0
2026-01-28 00:08:43 DEBUG urllib3.connectionpool [req=-] https://huggingface.co:443 "HEAD /api/resolve-cache/models/hexgrad/Kokoro-82M/f3ff3571791e39611d31c381e3a41a3af07b4987/config.json HTTP/1.1" 200 0
2026-01-28 00:08:45 DEBUG urllib3.connectionpool [req=-] https://huggingface.co:443 "HEAD /hexgrad/Kokoro-82M/resolve/main/kokoro-v1_0.pth HTTP/1.1" 302 0
2026-01-28 00:08:46 INFO app [req=-] Kokoro pipeline prewarmed
2026-01-28 00:08:46 DEBUG urllib3.connectionpool [req=-] https://huggingface.co:443 "HEAD /hexgrad/Kokoro-82M/resolve/main/voices/af_heart.pt HTTP/1.1" 302 0
2026-01-28 00:08:46 INFO app [req=-] Kokoro synthesis prewarm complete (voice=af_heart)
2026-01-28 00:08:46 INFO app [req=-] Startup: TTS prewarm done in 3.27s
2026-01-28 00:08:46 WARNING werkzeug [req=-]  * Debugger is active!
2026-01-28 00:08:46 INFO werkzeug [req=-]  * Debugger PIN: 342-109-490
2026-01-28 00:10:54 INFO app [req=-] Startup: prewarming TTS...
2026-01-28 00:10:54 INFO app [req=-] Prewarming Kokoro pipeline...
2026-01-28 00:10:54 INFO app [req=-] Kokoro device: cuda (NVIDIA GeForce RTX 5070)
2026-01-28 00:10:54 DEBUG urllib3.connectionpool [req=-] Starting new HTTPS connection (1): huggingface.co:443
2026-01-28 00:10:54 DEBUG urllib3.connectionpool [req=-] https://huggingface.co:443 "HEAD /hexgrad/Kokoro-82M/resolve/main/config.json HTTP/1.1" 307 0
2026-01-28 00:10:54 DEBUG urllib3.connectionpool [req=-] https://huggingface.co:443 "HEAD /api/resolve-cache/models/hexgrad/Kokoro-82M/f3ff3571791e39611d31c381e3a41a3af07b4987/config.json HTTP/1.1" 200 0
2026-01-28 00:10:55 DEBUG urllib3.connectionpool [req=-] https://huggingface.co:443 "HEAD /hexgrad/Kokoro-82M/resolve/main/kokoro-v1_0.pth HTTP/1.1" 302 0
2026-01-28 00:10:56 INFO app [req=-] Kokoro pipeline prewarmed
2026-01-28 00:10:56 DEBUG urllib3.connectionpool [req=-] https://huggingface.co:443 "HEAD /hexgrad/Kokoro-82M/resolve/main/voices/af_heart.pt HTTP/1.1" 302 0
2026-01-28 00:10:57 INFO app [req=-] Kokoro synthesis prewarm complete (voice=af_heart)
2026-01-28 00:10:57 INFO app [req=-] Startup: TTS prewarm done in 3.50s
2026-01-28 00:10:57 INFO werkzeug [req=-] [31m[1mWARNING: This is a development server. Do not use it in a production deployment. Use a production WSGI server instead.[0m
 * Running on all addresses (0.0.0.0)
 * Running on http://127.0.0.1:1111
 * Running on http://172.17.0.3:1111
2026-01-28 00:10:57 INFO werkzeug [req=-] [33mPress CTRL+C to quit[0m
2026-01-28 00:10:57 INFO werkzeug [req=-]  * Restarting with stat
2026-01-28 00:11:01 INFO app [req=-] Startup: prewarming TTS...
2026-01-28 00:11:01 INFO app [req=-] Prewarming Kokoro pipeline...
2026-01-28 00:11:01 INFO app [req=-] Kokoro device: cuda (NVIDIA GeForce RTX 5070)
2026-01-28 00:11:01 DEBUG urllib3.connectionpool [req=-] Starting new HTTPS connection (1): huggingface.co:443
2026-01-28 00:11:01 DEBUG urllib3.connectionpool [req=-] https://huggingface.co:443 "HEAD /hexgrad/Kokoro-82M/resolve/main/config.json HTTP/1.1" 307 0
2026-01-28 00:11:01 DEBUG urllib3.connectionpool [req=-] https://huggingface.co:443 "HEAD /api/resolve-cache/models/hexgrad/Kokoro-82M/f3ff3571791e39611d31c381e3a41a3af07b4987/config.json HTTP/1.1" 200 0
2026-01-28 00:11:03 DEBUG urllib3.connectionpool [req=-] https://huggingface.co:443 "HEAD /hexgrad/Kokoro-82M/resolve/main/kokoro-v1_0.pth HTTP/1.1" 302 0
2026-01-28 00:11:04 INFO app [req=-] Kokoro pipeline prewarmed
2026-01-28 00:11:04 DEBUG urllib3.connectionpool [req=-] https://huggingface.co:443 "HEAD /hexgrad/Kokoro-82M/resolve/main/voices/af_heart.pt HTTP/1.1" 302 0
2026-01-28 00:11:05 INFO app [req=-] Kokoro synthesis prewarm complete (voice=af_heart)
2026-01-28 00:11:05 INFO app [req=-] Startup: TTS prewarm done in 3.45s
2026-01-28 00:11:05 WARNING werkzeug [req=-]  * Debugger is active!
2026-01-28 00:11:05 INFO werkzeug [req=-]  * Debugger PIN: 342-109-490
2026-01-28 00:12:56 INFO app [req=9c4c47f25e5e7c9d-LAX] GET /dashboard -> 200 (43ms)
2026-01-28 00:12:56 INFO werkzeug [req=-] 127.0.0.1 - - [28/Jan/2026 00:12:56] "GET /dashboard HTTP/1.1" 200 -
2026-01-28 00:12:56 INFO app [req=9c4c47f44e667c9d-LAX] GET /static/css/unfamiliar_words.css -> 304 (3ms)
2026-01-28 00:12:56 INFO werkzeug [req=-] 127.0.0.1 - - [28/Jan/2026 00:12:56] "[36mGET /static/css/unfamiliar_words.css HTTP/1.1[0m" 304 -
2026-01-28 00:12:56 INFO app [req=9c4c47f46e687c9d-LAX] GET /static/js/unfamiliar_words.js -> 304 (0ms)
2026-01-28 00:12:56 INFO werkzeug [req=-] 127.0.0.1 - - [28/Jan/2026 00:12:56] "[36mGET /static/js/unfamiliar_words.js HTTP/1.1[0m" 304 -
2026-01-28 00:12:57 INFO app [req=9c4c47f8de747c9d-LAX] GET /favicon.ico -> 404 (1ms)
2026-01-28 00:12:57 INFO werkzeug [req=-] 127.0.0.1 - - [28/Jan/2026 00:12:57] "[33mGET /favicon.ico HTTP/1.1[0m" 404 -
2026-01-28 00:12:57 INFO app [req=9c4c47fd3e937c9d-LAX] GET /new-toefl -> 200 (4ms)
2026-01-28 00:12:57 INFO werkzeug [req=-] 127.0.0.1 - - [28/Jan/2026 00:12:57] "GET /new-toefl HTTP/1.1" 200 -
2026-01-28 00:13:01 INFO app [req=9c4c4811df067c9d-LAX] GET /new-toefl/reading-mock -> 200 (4ms)
2026-01-28 00:13:01 INFO werkzeug [req=-] 127.0.0.1 - - [28/Jan/2026 00:13:01] "GET /new-toefl/reading-mock HTTP/1.1" 200 -
2026-01-28 00:13:03 INFO app [req=9c4c48212f567c9d-LAX] GET /new-toefl -> 200 (1ms)
2026-01-28 00:13:03 INFO werkzeug [req=-] 127.0.0.1 - - [28/Jan/2026 00:13:03] "GET /new-toefl HTTP/1.1" 200 -
2026-01-28 00:13:05 INFO app [req=9c4c482c9fc27c9d-LAX] GET /dashboard -> 200 (2ms)
2026-01-28 00:13:05 INFO werkzeug [req=-] 127.0.0.1 - - [28/Jan/2026 00:13:05] "GET /dashboard HTTP/1.1" 200 -
2026-01-28 00:14:18 INFO werkzeug [req=-]  * Detected change in '/workspace/TOEFL/app/flask_app/services/new_toefl_mock.py', reloading
2026-01-28 00:14:19 INFO werkzeug [req=-]  * Restarting with stat
2026-01-28 00:14:24 INFO app [req=-] Startup: prewarming TTS...
2026-01-28 00:14:24 INFO app [req=-] Prewarming Kokoro pipeline...
2026-01-28 00:14:24 INFO app [req=-] Kokoro device: cuda (NVIDIA GeForce RTX 5070)
2026-01-28 00:14:24 DEBUG urllib3.connectionpool [req=-] Starting new HTTPS connection (1): huggingface.co:443
2026-01-28 00:14:24 DEBUG urllib3.connectionpool [req=-] https://huggingface.co:443 "HEAD /hexgrad/Kokoro-82M/resolve/main/config.json HTTP/1.1" 307 0
2026-01-28 00:14:24 DEBUG urllib3.connectionpool [req=-] https://huggingface.co:443 "HEAD /api/resolve-cache/models/hexgrad/Kokoro-82M/f3ff3571791e39611d31c381e3a41a3af07b4987/config.json HTTP/1.1" 200 0
2026-01-28 00:14:25 DEBUG urllib3.connectionpool [req=-] https://huggingface.co:443 "HEAD /hexgrad/Kokoro-82M/resolve/main/kokoro-v1_0.pth HTTP/1.1" 302 0
2026-01-28 00:14:26 INFO app [req=-] Kokoro pipeline prewarmed
2026-01-28 00:14:27 DEBUG urllib3.connectionpool [req=-] https://huggingface.co:443 "HEAD /hexgrad/Kokoro-82M/resolve/main/voices/af_heart.pt HTTP/1.1" 302 0
2026-01-28 00:14:27 INFO app [req=-] Kokoro synthesis prewarm complete (voice=af_heart)
2026-01-28 00:14:27 INFO app [req=-] Startup: TTS prewarm done in 3.44s
2026-01-28 00:14:27 WARNING werkzeug [req=-]  * Debugger is active!
2026-01-28 00:14:27 INFO werkzeug [req=-]  * Debugger PIN: 342-109-490
2026-01-28 00:14:37 INFO werkzeug [req=-]  * Detected change in '/workspace/TOEFL/app/flask_app/app.py', reloading
2026-01-28 00:14:39 INFO werkzeug [req=-]  * Restarting with stat
2026-01-28 00:14:43 INFO app [req=-] Startup: prewarming TTS...
2026-01-28 00:14:43 INFO app [req=-] Prewarming Kokoro pipeline...
2026-01-28 00:14:43 INFO app [req=-] Kokoro device: cuda (NVIDIA GeForce RTX 5070)
2026-01-28 00:14:43 DEBUG urllib3.connectionpool [req=-] Starting new HTTPS connection (1): huggingface.co:443
2026-01-28 00:14:43 DEBUG urllib3.connectionpool [req=-] https://huggingface.co:443 "HEAD /hexgrad/Kokoro-82M/resolve/main/config.json HTTP/1.1" 307 0
2026-01-28 00:14:43 DEBUG urllib3.connectionpool [req=-] https://huggingface.co:443 "HEAD /api/resolve-cache/models/hexgrad/Kokoro-82M/f3ff3571791e39611d31c381e3a41a3af07b4987/config.json HTTP/1.1" 200 0
2026-01-28 00:14:44 DEBUG urllib3.connectionpool [req=-] https://huggingface.co:443 "HEAD /hexgrad/Kokoro-82M/resolve/main/kokoro-v1_0.pth HTTP/1.1" 302 0
2026-01-28 00:14:45 INFO app [req=-] Kokoro pipeline prewarmed
2026-01-28 00:14:45 DEBUG urllib3.connectionpool [req=-] https://huggingface.co:443 "HEAD /hexgrad/Kokoro-82M/resolve/main/voices/af_heart.pt HTTP/1.1" 302 0
2026-01-28 00:14:46 INFO app [req=-] Kokoro synthesis prewarm complete (voice=af_heart)
2026-01-28 00:14:46 INFO app [req=-] Startup: TTS prewarm done in 3.27s
2026-01-28 00:14:46 WARNING werkzeug [req=-]  * Debugger is active!
2026-01-28 00:14:46 INFO werkzeug [req=-]  * Debugger PIN: 342-109-490
2026-01-28 00:15:12 INFO app [req=9c4c4b443a10eb69-ORD] GET /dashboard -> 200 (52ms)
2026-01-28 00:15:12 INFO werkzeug [req=-] 127.0.0.1 - - [28/Jan/2026 00:15:12] "GET /dashboard HTTP/1.1" 200 -
2026-01-28 00:15:13 INFO app [req=9c4c4b4f0af4eb69-ORD] GET /new-toefl -> 200 (4ms)
2026-01-28 00:15:13 INFO werkzeug [req=-] 127.0.0.1 - - [28/Jan/2026 00:15:13] "GET /new-toefl HTTP/1.1" 200 -
2026-01-28 00:15:15 INFO app [req=9c4c4b577bbbeb69-ORD] GET /new-toefl/reading-mock -> 200 (6ms)
2026-01-28 00:15:15 INFO werkzeug [req=-] 127.0.0.1 - - [28/Jan/2026 00:15:15] "GET /new-toefl/reading-mock HTTP/1.1" 200 -
2026-01-28 00:15:17 INFO app [req=9c4c4b64ed86eb69-ORD] GET /new-toefl -> 200 (1ms)
2026-01-28 00:15:17 INFO werkzeug [req=-] 127.0.0.1 - - [28/Jan/2026 00:15:17] "GET /new-toefl HTTP/1.1" 200 -
2026-01-28 00:15:19 INFO app [req=9c4c4b752f0feb69-ORD] GET /new-toefl -> 200 (1ms)
2026-01-28 00:15:19 INFO werkzeug [req=-] 127.0.0.1 - - [28/Jan/2026 00:15:19] "GET /new-toefl HTTP/1.1" 200 -
2026-01-28 00:15:20 INFO app [req=9c4c4b75bf1beb69-ORD] GET /static/css/unfamiliar_words.css -> 304 (3ms)
2026-01-28 00:15:20 INFO werkzeug [req=-] 127.0.0.1 - - [28/Jan/2026 00:15:20] "[36mGET /static/css/unfamiliar_words.css HTTP/1.1[0m" 304 -
2026-01-28 00:15:20 INFO app [req=9c4c4b75bf1ceb69-ORD] GET /static/js/unfamiliar_words.js -> 200 (0ms)
2026-01-28 00:15:20 INFO werkzeug [req=-] 127.0.0.1 - - [28/Jan/2026 00:15:20] "GET /static/js/unfamiliar_words.js HTTP/1.1" 200 -
2026-01-28 00:15:20 INFO app [req=9c4c4b7a7fb8eb69-ORD] GET /favicon.ico -> 404 (2ms)
2026-01-28 00:15:20 INFO werkzeug [req=-] 127.0.0.1 - - [28/Jan/2026 00:15:20] "[33mGET /favicon.ico HTTP/1.1[0m" 404 -
2026-01-28 00:15:22 INFO app [req=9c4c4b82987beb69-ORD] GET /dashboard -> 200 (2ms)
2026-01-28 00:15:22 INFO werkzeug [req=-] 127.0.0.1 - - [28/Jan/2026 00:15:22] "GET /dashboard HTTP/1.1" 200 -
2026-01-28 00:15:22 INFO app [req=9c4c4b832883eb69-ORD] GET /static/js/unfamiliar_words.js -> 304 (0ms)
2026-01-28 00:15:22 INFO werkzeug [req=-] 127.0.0.1 - - [28/Jan/2026 00:15:22] "[36mGET /static/js/unfamiliar_words.js HTTP/1.1[0m" 304 -
2026-01-28 00:15:24 INFO app [req=9c4c4b9259b2eb69-ORD] GET /new-toefl -> 200 (2ms)
2026-01-28 00:15:24 INFO werkzeug [req=-] 127.0.0.1 - - [28/Jan/2026 00:15:24] "GET /new-toefl HTTP/1.1" 200 -
2026-01-28 00:15:24 INFO app [req=9c4c4b92e9bdeb69-ORD] GET /static/js/unfamiliar_words.js -> 304 (0ms)
2026-01-28 00:15:24 INFO werkzeug [req=-] 127.0.0.1 - - [28/Jan/2026 00:15:24] "[36mGET /static/js/unfamiliar_words.js HTTP/1.1[0m" 304 -
2026-01-28 00:15:26 INFO app [req=9c4c4b9eeb25eb69-ORD] GET /new-toefl/reading-mock -> 200 (1ms)
2026-01-28 00:15:26 INFO werkzeug [req=-] 127.0.0.1 - - [28/Jan/2026 00:15:26] "GET /new-toefl/reading-mock HTTP/1.1" 200 -
2026-01-28 00:15:26 INFO app [req=9c4c4b9f8b35eb69-ORD] GET /static/js/unfamiliar_words.js -> 304 (0ms)
2026-01-28 00:15:26 INFO werkzeug [req=-] 127.0.0.1 - - [28/Jan/2026 00:15:26] "[36mGET /static/js/unfamiliar_words.js HTTP/1.1[0m" 304 -
2026-01-28 00:15:41 INFO app [req=9c4c4ba87c19eb69-ORD] POST /new-toefl/api/reading/generate -> 200 (13499ms)
2026-01-28 00:15:41 INFO werkzeug [req=-] 127.0.0.1 - - [28/Jan/2026 00:15:41] "POST /new-toefl/api/reading/generate HTTP/1.1" 200 -
2026-01-28 00:15:53 INFO app [req=9c4c4c46fcd5eb69-ORD] GET /new-toefl -> 200 (2ms)
2026-01-28 00:15:53 INFO werkzeug [req=-] 127.0.0.1 - - [28/Jan/2026 00:15:53] "GET /new-toefl HTTP/1.1" 200 -
2026-01-28 00:15:53 INFO app [req=9c4c4c479cdaeb69-ORD] GET /static/js/unfamiliar_words.js -> 304 (0ms)
2026-01-28 00:15:53 INFO werkzeug [req=-] 127.0.0.1 - - [28/Jan/2026 00:15:53] "[36mGET /static/js/unfamiliar_words.js HTTP/1.1[0m" 304 -
2026-01-28 00:16:00 INFO app [req=9c4c4c7548a9eb69-ORD] GET /dashboard -> 200 (2ms)
2026-01-28 00:16:00 INFO werkzeug [req=-] 127.0.0.1 - - [28/Jan/2026 00:16:00] "GET /dashboard HTTP/1.1" 200 -
2026-01-28 00:16:00 INFO app [req=9c4c4c75d8c2eb69-ORD] GET /static/js/unfamiliar_words.js -> 304 (0ms)
2026-01-28 00:16:00 INFO werkzeug [req=-] 127.0.0.1 - - [28/Jan/2026 00:16:00] "[36mGET /static/js/unfamiliar_words.js HTTP/1.1[0m" 304 -
2026-01-28 00:16:18 INFO app [req=9c4c4ce2ec2feb69-ORD] GET /new-toefl -> 200 (1ms)
2026-01-28 00:16:18 INFO werkzeug [req=-] 127.0.0.1 - - [28/Jan/2026 00:16:18] "GET /new-toefl HTTP/1.1" 200 -
2026-01-28 00:16:18 INFO app [req=9c4c4ce3ac3aeb69-ORD] GET /static/js/unfamiliar_words.js -> 304 (0ms)
2026-01-28 00:16:18 INFO werkzeug [req=-] 127.0.0.1 - - [28/Jan/2026 00:16:18] "[36mGET /static/js/unfamiliar_words.js HTTP/1.1[0m" 304 -
2026-01-28 00:16:19 INFO app [req=9c4c4ce97cb3eb69-ORD] GET /new-toefl/speaking-mock -> 200 (4ms)
2026-01-28 00:16:19 INFO werkzeug [req=-] 127.0.0.1 - - [28/Jan/2026 00:16:19] "GET /new-toefl/speaking-mock HTTP/1.1" 200 -
2026-01-28 00:16:19 INFO app [req=9c4c4cea1cbdeb69-ORD] GET /static/js/unfamiliar_words.js -> 304 (0ms)
2026-01-28 00:16:19 INFO werkzeug [req=-] 127.0.0.1 - - [28/Jan/2026 00:16:19] "[36mGET /static/js/unfamiliar_words.js HTTP/1.1[0m" 304 -
2026-01-28 00:16:19 INFO app [req=9c4c4cea8cc4eb69-ORD] GET /new-toefl/api/speaking/interview-sets -> 200 (1ms)
2026-01-28 00:16:19 INFO werkzeug [req=-] 127.0.0.1 - - [28/Jan/2026 00:16:19] "GET /new-toefl/api/speaking/interview-sets HTTP/1.1" 200 -
2026-01-28 00:16:22 INFO app [req=9c4c4cfefef9eb69-ORD] GET /new-toefl -> 200 (1ms)
2026-01-28 00:16:22 INFO werkzeug [req=-] 127.0.0.1 - - [28/Jan/2026 00:16:22] "GET /new-toefl HTTP/1.1" 200 -
2026-01-28 00:16:22 INFO app [req=9c4c4cff7f0ceb69-ORD] GET /static/js/unfamiliar_words.js -> 304 (0ms)
2026-01-28 00:16:22 INFO werkzeug [req=-] 127.0.0.1 - - [28/Jan/2026 00:16:22] "[36mGET /static/js/unfamiliar_words.js HTTP/1.1[0m" 304 -
2026-01-28 00:16:23 INFO app [req=9c4c4d047fb2eb69-ORD] GET /new-toefl/writing-mock -> 200 (7ms)
2026-01-28 00:16:23 INFO werkzeug [req=-] 127.0.0.1 - - [28/Jan/2026 00:16:23] "GET /new-toefl/writing-mock HTTP/1.1" 200 -
2026-01-28 00:16:23 INFO app [req=9c4c4d051fbfeb69-ORD] GET /static/js/unfamiliar_words.js -> 304 (0ms)
2026-01-28 00:16:23 INFO werkzeug [req=-] 127.0.0.1 - - [28/Jan/2026 00:16:23] "[36mGET /static/js/unfamiliar_words.js HTTP/1.1[0m" 304 -
2026-01-28 00:16:25 INFO app [req=9c4c4d10c8bceb69-ORD] GET /new-toefl -> 200 (1ms)
2026-01-28 00:16:25 INFO werkzeug [req=-] 127.0.0.1 - - [28/Jan/2026 00:16:25] "GET /new-toefl HTTP/1.1" 200 -
2026-01-28 00:16:25 INFO app [req=9c4c4d1158d0eb69-ORD] GET /static/js/unfamiliar_words.js -> 304 (0ms)
2026-01-28 00:16:25 INFO werkzeug [req=-] 127.0.0.1 - - [28/Jan/2026 00:16:25] "[36mGET /static/js/unfamiliar_words.js HTTP/1.1[0m" 304 -
2026-01-28 00:16:26 INFO app [req=9c4c4d15d966eb69-ORD] GET /new-toefl/listening-mock -> 200 (5ms)
2026-01-28 00:16:26 INFO werkzeug [req=-] 127.0.0.1 - - [28/Jan/2026 00:16:26] "GET /new-toefl/listening-mock HTTP/1.1" 200 -
2026-01-28 00:16:26 INFO app [req=9c4c4d167974eb69-ORD] GET /static/js/unfamiliar_words.js -> 304 (0ms)
2026-01-28 00:16:26 INFO werkzeug [req=-] 127.0.0.1 - - [28/Jan/2026 00:16:26] "[36mGET /static/js/unfamiliar_words.js HTTP/1.1[0m" 304 -
2026-01-28 00:16:51 INFO app [req=9c4c4daea80aeb69-ORD] GET /new-toefl -> 200 (1ms)
2026-01-28 00:16:51 INFO werkzeug [req=-] 127.0.0.1 - - [28/Jan/2026 00:16:51] "GET /new-toefl HTTP/1.1" 200 -
2026-01-28 00:16:51 INFO app [req=9c4c4daf4825eb69-ORD] GET /static/js/unfamiliar_words.js -> 304 (0ms)
2026-01-28 00:16:51 INFO werkzeug [req=-] 127.0.0.1 - - [28/Jan/2026 00:16:51] "[36mGET /static/js/unfamiliar_words.js HTTP/1.1[0m" 304 -
2026-01-28 00:16:51 INFO app [req=9c4c4db378a1eb69-ORD] GET /new-toefl/speaking-mock -> 200 (1ms)
2026-01-28 00:16:51 INFO werkzeug [req=-] 127.0.0.1 - - [28/Jan/2026 00:16:51] "GET /new-toefl/speaking-mock HTTP/1.1" 200 -
2026-01-28 00:16:51 INFO app [req=9c4c4db408abeb69-ORD] GET /static/js/unfamiliar_words.js -> 304 (0ms)
2026-01-28 00:16:51 INFO werkzeug [req=-] 127.0.0.1 - - [28/Jan/2026 00:16:51] "[36mGET /static/js/unfamiliar_words.js HTTP/1.1[0m" 304 -
2026-01-28 00:16:51 INFO app [req=9c4c4db4a8b3eb69-ORD] GET /new-toefl/api/speaking/interview-sets -> 200 (1ms)
2026-01-28 00:16:51 INFO werkzeug [req=-] 127.0.0.1 - - [28/Jan/2026 00:16:51] "GET /new-toefl/api/speaking/interview-sets HTTP/1.1" 200 -
2026-01-28 00:16:57 DEBUG pydub.converter [req=9c4c4dcc3b0feb69-ORD] subprocess.call(['ffmpeg', '-y', '-f', 'wav', '-i', '/tmp/tmpvoa67jjh', '-f', 'mp3', '/tmp/tmpmkrs1o15'])
2026-01-28 00:16:57 DEBUG pydub.converter [req=9c4c4dcc3b0feb69-ORD] subprocess output: b'ffmpeg version 6.1.1-3ubuntu5 Copyright (c) 2000-2023 the FFmpeg developers'
2026-01-28 00:16:57 DEBUG pydub.converter [req=9c4c4dcc3b0feb69-ORD] subprocess output: b'  built with gcc 13 (Ubuntu 13.2.0-23ubuntu3)'
2026-01-28 00:16:57 DEBUG pydub.converter [req=9c4c4dcc3b0feb69-ORD] subprocess output: b'  configuration: --prefix=/usr --extra-version=3ubuntu5 --toolchain=hardened --libdir=/usr/lib/x86_64-linux-gnu --incdir=/usr/include/x86_64-linux-gnu --arch=amd64 --enable-gpl --disable-stripping --disable-omx --enable-gnutls --enable-libaom --enable-libass --enable-libbs2b --enable-libcaca --enable-libcdio --enable-libcodec2 --enable-libdav1d --enable-libflite --enable-libfontconfig --enable-libfreetype --enable-libfribidi --enable-libglslang --enable-libgme --enable-libgsm --enable-libharfbuzz --enable-libmp3lame --enable-libmysofa --enable-libopenjpeg --enable-libopenmpt --enable-libopus --enable-librubberband --enable-libshine --enable-libsnappy --enable-libsoxr --enable-libspeex --enable-libtheora --enable-libtwolame --enable-libvidstab --enable-libvorbis --enable-libvpx --enable-libwebp --enable-libx265 --enable-libxml2 --enable-libxvid --enable-libzimg --enable-openal --enable-opencl --enable-opengl --disable-sndio --enable-libvpl --disable-libmfx --enable-libdc1394 --enable-libdrm --enable-libiec61883 --enable-chromaprint --enable-frei0r --enable-ladspa --enable-libbluray --enable-libjack --enable-libpulse --enable-librabbitmq --enable-librist --enable-libsrt --enable-libssh --enable-libsvtav1 --enable-libx264 --enable-libzmq --enable-libzvbi --enable-lv2 --enable-sdl2 --enable-libplacebo --enable-librav1e --enable-pocketsphinx --enable-librsvg --enable-libjxl --enable-shared'
2026-01-28 00:16:57 DEBUG pydub.converter [req=9c4c4dcc3b0feb69-ORD] subprocess output: b'  libavutil      58. 29.100 / 58. 29.100'
2026-01-28 00:16:57 DEBUG pydub.converter [req=9c4c4dcc3b0feb69-ORD] subprocess output: b'  libavcodec     60. 31.102 / 60. 31.102'
2026-01-28 00:16:57 DEBUG pydub.converter [req=9c4c4dcc3b0feb69-ORD] subprocess output: b'  libavformat    60. 16.100 / 60. 16.100'
2026-01-28 00:16:57 DEBUG pydub.converter [req=9c4c4dcc3b0feb69-ORD] subprocess output: b'  libavdevice    60.  3.100 / 60.  3.100'
2026-01-28 00:16:57 DEBUG pydub.converter [req=9c4c4dcc3b0feb69-ORD] subprocess output: b'  libavfilter     9. 12.100 /  9. 12.100'
2026-01-28 00:16:57 DEBUG pydub.converter [req=9c4c4dcc3b0feb69-ORD] subprocess output: b'  libswscale      7.  5.100 /  7.  5.100'
2026-01-28 00:16:57 DEBUG pydub.converter [req=9c4c4dcc3b0feb69-ORD] subprocess output: b'  libswresample   4. 12.100 /  4. 12.100'
2026-01-28 00:16:57 DEBUG pydub.converter [req=9c4c4dcc3b0feb69-ORD] subprocess output: b'  libpostproc    57.  3.100 / 57.  3.100'
2026-01-28 00:16:57 DEBUG pydub.converter [req=9c4c4dcc3b0feb69-ORD] subprocess output: b'[aist#0:0/pcm_s16le @ 0x64dd76af7f00] Guessed Channel Layout: mono'
2026-01-28 00:16:57 DEBUG pydub.converter [req=9c4c4dcc3b0feb69-ORD] subprocess output: b"Input #0, wav, from '/tmp/tmpvoa67jjh':"
2026-01-28 00:16:57 DEBUG pydub.converter [req=9c4c4dcc3b0feb69-ORD] subprocess output: b'  Duration: 00:00:09.25, bitrate: 384 kb/s'
2026-01-28 00:16:57 DEBUG pydub.converter [req=9c4c4dcc3b0feb69-ORD] subprocess output: b'  Stream #0:0: Audio: pcm_s16le ([1][0][0][0] / 0x0001), 24000 Hz, 1 channels, s16, 384 kb/s'
2026-01-28 00:16:57 DEBUG pydub.converter [req=9c4c4dcc3b0feb69-ORD] subprocess output: b'Stream mapping:'
2026-01-28 00:16:57 DEBUG pydub.converter [req=9c4c4dcc3b0feb69-ORD] subprocess output: b'  Stream #0:0 -> #0:0 (pcm_s16le (native) -> mp3 (libmp3lame))'
2026-01-28 00:16:57 DEBUG pydub.converter [req=9c4c4dcc3b0feb69-ORD] subprocess output: b'Press [q] to stop, [?] for help'
2026-01-28 00:16:57 DEBUG pydub.converter [req=9c4c4dcc3b0feb69-ORD] subprocess output: b"Output #0, mp3, to '/tmp/tmpmkrs1o15':"
2026-01-28 00:16:57 DEBUG pydub.converter [req=9c4c4dcc3b0feb69-ORD] subprocess output: b'  Metadata:'
2026-01-28 00:16:57 DEBUG pydub.converter [req=9c4c4dcc3b0feb69-ORD] subprocess output: b'    TSSE            : Lavf60.16.100'
2026-01-28 00:16:57 DEBUG pydub.converter [req=9c4c4dcc3b0feb69-ORD] subprocess output: b'  Stream #0:0: Audio: mp3, 24000 Hz, mono, s16p'
2026-01-28 00:16:57 DEBUG pydub.converter [req=9c4c4dcc3b0feb69-ORD] subprocess output: b'    Metadata:'
2026-01-28 00:16:57 DEBUG pydub.converter [req=9c4c4dcc3b0feb69-ORD] subprocess output: b'      encoder         : Lavc60.31.102 libmp3lame'
2026-01-28 00:16:57 DEBUG pydub.converter [req=9c4c4dcc3b0feb69-ORD] subprocess output: b'size=       0kB time=-00:00:00.04 bitrate=  -0.0kbits/s speed=N/A'
2026-01-28 00:16:57 DEBUG pydub.converter [req=9c4c4dcc3b0feb69-ORD] subprocess output: b'[out#0/mp3 @ 0x64dd76acea40] video:0kB audio:36kB subtitle:0kB other streams:0kB global headers:0kB muxing overhead: 0.636276%'
2026-01-28 00:16:57 DEBUG pydub.converter [req=9c4c4dcc3b0feb69-ORD] subprocess output: b'size=      37kB time=00:00:09.24 bitrate=  32.4kbits/s speed= 254x'
2026-01-28 00:16:57 DEBUG pydub.converter [req=9c4c4dcc3b0feb69-ORD] subprocess.call(['ffmpeg', '-y', '-f', 'wav', '-i', '/tmp/tmptidi7cut', '-f', 'mp3', '/tmp/tmpyi6oyg05'])
2026-01-28 00:16:58 DEBUG pydub.converter [req=9c4c4dcc3b0feb69-ORD] subprocess output: b'ffmpeg version 6.1.1-3ubuntu5 Copyright (c) 2000-2023 the FFmpeg developers'
2026-01-28 00:16:58 DEBUG pydub.converter [req=9c4c4dcc3b0feb69-ORD] subprocess output: b'  built with gcc 13 (Ubuntu 13.2.0-23ubuntu3)'
2026-01-28 00:16:58 DEBUG pydub.converter [req=9c4c4dcc3b0feb69-ORD] subprocess output: b'  configuration: --prefix=/usr --extra-version=3ubuntu5 --toolchain=hardened --libdir=/usr/lib/x86_64-linux-gnu --incdir=/usr/include/x86_64-linux-gnu --arch=amd64 --enable-gpl --disable-stripping --disable-omx --enable-gnutls --enable-libaom --enable-libass --enable-libbs2b --enable-libcaca --enable-libcdio --enable-libcodec2 --enable-libdav1d --enable-libflite --enable-libfontconfig --enable-libfreetype --enable-libfribidi --enable-libglslang --enable-libgme --enable-libgsm --enable-libharfbuzz --enable-libmp3lame --enable-libmysofa --enable-libopenjpeg --enable-libopenmpt --enable-libopus --enable-librubberband --enable-libshine --enable-libsnappy --enable-libsoxr --enable-libspeex --enable-libtheora --enable-libtwolame --enable-libvidstab --enable-libvorbis --enable-libvpx --enable-libwebp --enable-libx265 --enable-libxml2 --enable-libxvid --enable-libzimg --enable-openal --enable-opencl --enable-opengl --disable-sndio --enable-libvpl --disable-libmfx --enable-libdc1394 --enable-libdrm --enable-libiec61883 --enable-chromaprint --enable-frei0r --enable-ladspa --enable-libbluray --enable-libjack --enable-libpulse --enable-librabbitmq --enable-librist --enable-libsrt --enable-libssh --enable-libsvtav1 --enable-libx264 --enable-libzmq --enable-libzvbi --enable-lv2 --enable-sdl2 --enable-libplacebo --enable-librav1e --enable-pocketsphinx --enable-librsvg --enable-libjxl --enable-shared'
2026-01-28 00:16:58 DEBUG pydub.converter [req=9c4c4dcc3b0feb69-ORD] subprocess output: b'  libavutil      58. 29.100 / 58. 29.100'
2026-01-28 00:16:58 DEBUG pydub.converter [req=9c4c4dcc3b0feb69-ORD] subprocess output: b'  libavcodec     60. 31.102 / 60. 31.102'
2026-01-28 00:16:58 DEBUG pydub.converter [req=9c4c4dcc3b0feb69-ORD] subprocess output: b'  libavformat    60. 16.100 / 60. 16.100'
2026-01-28 00:16:58 DEBUG pydub.converter [req=9c4c4dcc3b0feb69-ORD] subprocess output: b'  libavdevice    60.  3.100 / 60.  3.100'
2026-01-28 00:16:58 DEBUG pydub.converter [req=9c4c4dcc3b0feb69-ORD] subprocess output: b'  libavfilter     9. 12.100 /  9. 12.100'
2026-01-28 00:16:58 DEBUG pydub.converter [req=9c4c4dcc3b0feb69-ORD] subprocess output: b'  libswscale      7.  5.100 /  7.  5.100'
2026-01-28 00:16:58 DEBUG pydub.converter [req=9c4c4dcc3b0feb69-ORD] subprocess output: b'  libswresample   4. 12.100 /  4. 12.100'
2026-01-28 00:16:58 DEBUG pydub.converter [req=9c4c4dcc3b0feb69-ORD] subprocess output: b'  libpostproc    57.  3.100 / 57.  3.100'
2026-01-28 00:16:58 DEBUG pydub.converter [req=9c4c4dcc3b0feb69-ORD] subprocess output: b'[aist#0:0/pcm_s16le @ 0x57bf0ba9ff00] Guessed Channel Layout: mono'
2026-01-28 00:16:58 DEBUG pydub.converter [req=9c4c4dcc3b0feb69-ORD] subprocess output: b"Input #0, wav, from '/tmp/tmptidi7cut':"
2026-01-28 00:16:58 DEBUG pydub.converter [req=9c4c4dcc3b0feb69-ORD] subprocess output: b'  Duration: 00:00:08.08, bitrate: 384 kb/s'
2026-01-28 00:16:58 DEBUG pydub.converter [req=9c4c4dcc3b0feb69-ORD] subprocess output: b'  Stream #0:0: Audio: pcm_s16le ([1][0][0][0] / 0x0001), 24000 Hz, 1 channels, s16, 384 kb/s'
2026-01-28 00:16:58 DEBUG pydub.converter [req=9c4c4dcc3b0feb69-ORD] subprocess output: b'Stream mapping:'
2026-01-28 00:16:58 DEBUG pydub.converter [req=9c4c4dcc3b0feb69-ORD] subprocess output: b'  Stream #0:0 -> #0:0 (pcm_s16le (native) -> mp3 (libmp3lame))'
2026-01-28 00:16:58 DEBUG pydub.converter [req=9c4c4dcc3b0feb69-ORD] subprocess output: b'Press [q] to stop, [?] for help'
2026-01-28 00:16:58 DEBUG pydub.converter [req=9c4c4dcc3b0feb69-ORD] subprocess output: b"Output #0, mp3, to '/tmp/tmpyi6oyg05':"
2026-01-28 00:16:58 DEBUG pydub.converter [req=9c4c4dcc3b0feb69-ORD] subprocess output: b'  Metadata:'
2026-01-28 00:16:58 DEBUG pydub.converter [req=9c4c4dcc3b0feb69-ORD] subprocess output: b'    TSSE            : Lavf60.16.100'
2026-01-28 00:16:58 DEBUG pydub.converter [req=9c4c4dcc3b0feb69-ORD] subprocess output: b'  Stream #0:0: Audio: mp3, 24000 Hz, mono, s16p'
2026-01-28 00:16:58 DEBUG pydub.converter [req=9c4c4dcc3b0feb69-ORD] subprocess output: b'    Metadata:'
2026-01-28 00:16:58 DEBUG pydub.converter [req=9c4c4dcc3b0feb69-ORD] subprocess output: b'      encoder         : Lavc60.31.102 libmp3lame'
2026-01-28 00:16:58 DEBUG pydub.converter [req=9c4c4dcc3b0feb69-ORD] subprocess output: b'size=       0kB time=-00:00:00.04 bitrate=  -0.0kbits/s speed=N/A'
2026-01-28 00:16:58 DEBUG pydub.converter [req=9c4c4dcc3b0feb69-ORD] subprocess output: b'[out#0/mp3 @ 0x57bf0ba76a40] video:0kB audio:32kB subtitle:0kB other streams:0kB global headers:0kB muxing overhead: 0.728245%'
2026-01-28 00:16:58 DEBUG pydub.converter [req=9c4c4dcc3b0feb69-ORD] subprocess output: b'size=      32kB time=00:00:08.06 bitrate=  32.5kbits/s speed= 248x'
2026-01-28 00:16:58 DEBUG pydub.converter [req=9c4c4dcc3b0feb69-ORD] subprocess.call(['ffmpeg', '-y', '-f', 'wav', '-i', '/tmp/tmp4gl0g98j', '-f', 'mp3', '/tmp/tmpukom58sz'])
2026-01-28 00:16:58 DEBUG pydub.converter [req=9c4c4dcc3b0feb69-ORD] subprocess output: b'ffmpeg version 6.1.1-3ubuntu5 Copyright (c) 2000-2023 the FFmpeg developers'
2026-01-28 00:16:58 DEBUG pydub.converter [req=9c4c4dcc3b0feb69-ORD] subprocess output: b'  built with gcc 13 (Ubuntu 13.2.0-23ubuntu3)'
2026-01-28 00:16:58 DEBUG pydub.converter [req=9c4c4dcc3b0feb69-ORD] subprocess output: b'  configuration: --prefix=/usr --extra-version=3ubuntu5 --toolchain=hardened --libdir=/usr/lib/x86_64-linux-gnu --incdir=/usr/include/x86_64-linux-gnu --arch=amd64 --enable-gpl --disable-stripping --disable-omx --enable-gnutls --enable-libaom --enable-libass --enable-libbs2b --enable-libcaca --enable-libcdio --enable-libcodec2 --enable-libdav1d --enable-libflite --enable-libfontconfig --enable-libfreetype --enable-libfribidi --enable-libglslang --enable-libgme --enable-libgsm --enable-libharfbuzz --enable-libmp3lame --enable-libmysofa --enable-libopenjpeg --enable-libopenmpt --enable-libopus --enable-librubberband --enable-libshine --enable-libsnappy --enable-libsoxr --enable-libspeex --enable-libtheora --enable-libtwolame --enable-libvidstab --enable-libvorbis --enable-libvpx --enable-libwebp --enable-libx265 --enable-libxml2 --enable-libxvid --enable-libzimg --enable-openal --enable-opencl --enable-opengl --disable-sndio --enable-libvpl --disable-libmfx --enable-libdc1394 --enable-libdrm --enable-libiec61883 --enable-chromaprint --enable-frei0r --enable-ladspa --enable-libbluray --enable-libjack --enable-libpulse --enable-librabbitmq --enable-librist --enable-libsrt --enable-libssh --enable-libsvtav1 --enable-libx264 --enable-libzmq --enable-libzvbi --enable-lv2 --enable-sdl2 --enable-libplacebo --enable-librav1e --enable-pocketsphinx --enable-librsvg --enable-libjxl --enable-shared'
2026-01-28 00:16:58 DEBUG pydub.converter [req=9c4c4dcc3b0feb69-ORD] subprocess output: b'  libavutil      58. 29.100 / 58. 29.100'
2026-01-28 00:16:58 DEBUG pydub.converter [req=9c4c4dcc3b0feb69-ORD] subprocess output: b'  libavcodec     60. 31.102 / 60. 31.102'
2026-01-28 00:16:58 DEBUG pydub.converter [req=9c4c4dcc3b0feb69-ORD] subprocess output: b'  libavformat    60. 16.100 / 60. 16.100'
2026-01-28 00:16:58 DEBUG pydub.converter [req=9c4c4dcc3b0feb69-ORD] subprocess output: b'  libavdevice    60.  3.100 / 60.  3.100'
2026-01-28 00:16:58 DEBUG pydub.converter [req=9c4c4dcc3b0feb69-ORD] subprocess output: b'  libavfilter     9. 12.100 /  9. 12.100'
2026-01-28 00:16:58 DEBUG pydub.converter [req=9c4c4dcc3b0feb69-ORD] subprocess output: b'  libswscale      7.  5.100 /  7.  5.100'
2026-01-28 00:16:58 DEBUG pydub.converter [req=9c4c4dcc3b0feb69-ORD] subprocess output: b'  libswresample   4. 12.100 /  4. 12.100'
2026-01-28 00:16:58 DEBUG pydub.converter [req=9c4c4dcc3b0feb69-ORD] subprocess output: b'  libpostproc    57.  3.100 / 57.  3.100'
2026-01-28 00:16:58 DEBUG pydub.converter [req=9c4c4dcc3b0feb69-ORD] subprocess output: b'[aist#0:0/pcm_s16le @ 0x56013808cf00] Guessed Channel Layout: mono'
2026-01-28 00:16:58 DEBUG pydub.converter [req=9c4c4dcc3b0feb69-ORD] subprocess output: b"Input #0, wav, from '/tmp/tmp4gl0g98j':"
2026-01-28 00:16:58 DEBUG pydub.converter [req=9c4c4dcc3b0feb69-ORD] subprocess output: b'  Duration: 00:00:08.43, bitrate: 384 kb/s'
2026-01-28 00:16:58 DEBUG pydub.converter [req=9c4c4dcc3b0feb69-ORD] subprocess output: b'  Stream #0:0: Audio: pcm_s16le ([1][0][0][0] / 0x0001), 24000 Hz, 1 channels, s16, 384 kb/s'
2026-01-28 00:16:58 DEBUG pydub.converter [req=9c4c4dcc3b0feb69-ORD] subprocess output: b'Stream mapping:'
2026-01-28 00:16:58 DEBUG pydub.converter [req=9c4c4dcc3b0feb69-ORD] subprocess output: b'  Stream #0:0 -> #0:0 (pcm_s16le (native) -> mp3 (libmp3lame))'
2026-01-28 00:16:58 DEBUG pydub.converter [req=9c4c4dcc3b0feb69-ORD] subprocess output: b'Press [q] to stop, [?] for help'
2026-01-28 00:16:58 DEBUG pydub.converter [req=9c4c4dcc3b0feb69-ORD] subprocess output: b"Output #0, mp3, to '/tmp/tmpukom58sz':"
2026-01-28 00:16:58 DEBUG pydub.converter [req=9c4c4dcc3b0feb69-ORD] subprocess output: b'  Metadata:'
2026-01-28 00:16:58 DEBUG pydub.converter [req=9c4c4dcc3b0feb69-ORD] subprocess output: b'    TSSE            : Lavf60.16.100'
2026-01-28 00:16:58 DEBUG pydub.converter [req=9c4c4dcc3b0feb69-ORD] subprocess output: b'  Stream #0:0: Audio: mp3, 24000 Hz, mono, s16p'
2026-01-28 00:16:58 DEBUG pydub.converter [req=9c4c4dcc3b0feb69-ORD] subprocess output: b'    Metadata:'
2026-01-28 00:16:58 DEBUG pydub.converter [req=9c4c4dcc3b0feb69-ORD] subprocess output: b'      encoder         : Lavc60.31.102 libmp3lame'
2026-01-28 00:16:58 DEBUG pydub.converter [req=9c4c4dcc3b0feb69-ORD] subprocess output: b'size=       0kB time=-00:00:00.04 bitrate=  -0.0kbits/s speed=N/A'
2026-01-28 00:16:58 DEBUG pydub.converter [req=9c4c4dcc3b0feb69-ORD] subprocess output: b'[libmp3lame @ 0x560138094a00] Trying to remove 576 samples, but the queue is empty'
2026-01-28 00:16:58 DEBUG pydub.converter [req=9c4c4dcc3b0feb69-ORD] subprocess output: b'[out#0/mp3 @ 0x560138063a40] video:0kB audio:33kB subtitle:0kB other streams:0kB global headers:0kB muxing overhead: 0.697387%'
2026-01-28 00:16:58 DEBUG pydub.converter [req=9c4c4dcc3b0feb69-ORD] subprocess output: b'size=      33kB time=00:00:08.42 bitrate=  32.5kbits/s speed= 255x'
2026-01-28 00:16:58 DEBUG pydub.converter [req=9c4c4dcc3b0feb69-ORD] subprocess.call(['ffmpeg', '-y', '-f', 'wav', '-i', '/tmp/tmp64_ygpw8', '-f', 'mp3', '/tmp/tmph_jkmeh5'])
2026-01-28 00:16:58 DEBUG pydub.converter [req=9c4c4dcc3b0feb69-ORD] subprocess output: b'ffmpeg version 6.1.1-3ubuntu5 Copyright (c) 2000-2023 the FFmpeg developers'
2026-01-28 00:16:58 DEBUG pydub.converter [req=9c4c4dcc3b0feb69-ORD] subprocess output: b'  built with gcc 13 (Ubuntu 13.2.0-23ubuntu3)'
2026-01-28 00:16:58 DEBUG pydub.converter [req=9c4c4dcc3b0feb69-ORD] subprocess output: b'  configuration: --prefix=/usr --extra-version=3ubuntu5 --toolchain=hardened --libdir=/usr/lib/x86_64-linux-gnu --incdir=/usr/include/x86_64-linux-gnu --arch=amd64 --enable-gpl --disable-stripping --disable-omx --enable-gnutls --enable-libaom --enable-libass --enable-libbs2b --enable-libcaca --enable-libcdio --enable-libcodec2 --enable-libdav1d --enable-libflite --enable-libfontconfig --enable-libfreetype --enable-libfribidi --enable-libglslang --enable-libgme --enable-libgsm --enable-libharfbuzz --enable-libmp3lame --enable-libmysofa --enable-libopenjpeg --enable-libopenmpt --enable-libopus --enable-librubberband --enable-libshine --enable-libsnappy --enable-libsoxr --enable-libspeex --enable-libtheora --enable-libtwolame --enable-libvidstab --enable-libvorbis --enable-libvpx --enable-libwebp --enable-libx265 --enable-libxml2 --enable-libxvid --enable-libzimg --enable-openal --enable-opencl --enable-opengl --disable-sndio --enable-libvpl --disable-libmfx --enable-libdc1394 --enable-libdrm --enable-libiec61883 --enable-chromaprint --enable-frei0r --enable-ladspa --enable-libbluray --enable-libjack --enable-libpulse --enable-librabbitmq --enable-librist --enable-libsrt --enable-libssh --enable-libsvtav1 --enable-libx264 --enable-libzmq --enable-libzvbi --enable-lv2 --enable-sdl2 --enable-libplacebo --enable-librav1e --enable-pocketsphinx --enable-librsvg --enable-libjxl --enable-shared'
2026-01-28 00:16:58 DEBUG pydub.converter [req=9c4c4dcc3b0feb69-ORD] subprocess output: b'  libavutil      58. 29.100 / 58. 29.100'
2026-01-28 00:16:58 DEBUG pydub.converter [req=9c4c4dcc3b0feb69-ORD] subprocess output: b'  libavcodec     60. 31.102 / 60. 31.102'
2026-01-28 00:16:58 DEBUG pydub.converter [req=9c4c4dcc3b0feb69-ORD] subprocess output: b'  libavformat    60. 16.100 / 60. 16.100'
2026-01-28 00:16:58 DEBUG pydub.converter [req=9c4c4dcc3b0feb69-ORD] subprocess output: b'  libavdevice    60.  3.100 / 60.  3.100'
2026-01-28 00:16:58 DEBUG pydub.converter [req=9c4c4dcc3b0feb69-ORD] subprocess output: b'  libavfilter     9. 12.100 /  9. 12.100'
2026-01-28 00:16:58 DEBUG pydub.converter [req=9c4c4dcc3b0feb69-ORD] subprocess output: b'  libswscale      7.  5.100 /  7.  5.100'
2026-01-28 00:16:58 DEBUG pydub.converter [req=9c4c4dcc3b0feb69-ORD] subprocess output: b'  libswresample   4. 12.100 /  4. 12.100'
2026-01-28 00:16:58 DEBUG pydub.converter [req=9c4c4dcc3b0feb69-ORD] subprocess output: b'  libpostproc    57.  3.100 / 57.  3.100'
2026-01-28 00:16:58 DEBUG pydub.converter [req=9c4c4dcc3b0feb69-ORD] subprocess output: b'[aist#0:0/pcm_s16le @ 0x5a63adb30f00] Guessed Channel Layout: mono'
2026-01-28 00:16:58 DEBUG pydub.converter [req=9c4c4dcc3b0feb69-ORD] subprocess output: b"Input #0, wav, from '/tmp/tmp64_ygpw8':"
2026-01-28 00:16:58 DEBUG pydub.converter [req=9c4c4dcc3b0feb69-ORD] subprocess output: b'  Duration: 00:00:08.13, bitrate: 384 kb/s'
2026-01-28 00:16:58 DEBUG pydub.converter [req=9c4c4dcc3b0feb69-ORD] subprocess output: b'  Stream #0:0: Audio: pcm_s16le ([1][0][0][0] / 0x0001), 24000 Hz, 1 channels, s16, 384 kb/s'
2026-01-28 00:16:58 DEBUG pydub.converter [req=9c4c4dcc3b0feb69-ORD] subprocess output: b'Stream mapping:'
2026-01-28 00:16:58 DEBUG pydub.converter [req=9c4c4dcc3b0feb69-ORD] subprocess output: b'  Stream #0:0 -> #0:0 (pcm_s16le (native) -> mp3 (libmp3lame))'
2026-01-28 00:16:58 DEBUG pydub.converter [req=9c4c4dcc3b0feb69-ORD] subprocess output: b'Press [q] to stop, [?] for help'
2026-01-28 00:16:58 DEBUG pydub.converter [req=9c4c4dcc3b0feb69-ORD] subprocess output: b"Output #0, mp3, to '/tmp/tmph_jkmeh5':"
2026-01-28 00:16:58 DEBUG pydub.converter [req=9c4c4dcc3b0feb69-ORD] subprocess output: b'  Metadata:'
2026-01-28 00:16:58 DEBUG pydub.converter [req=9c4c4dcc3b0feb69-ORD] subprocess output: b'    TSSE            : Lavf60.16.100'
2026-01-28 00:16:58 DEBUG pydub.converter [req=9c4c4dcc3b0feb69-ORD] subprocess output: b'  Stream #0:0: Audio: mp3, 24000 Hz, mono, s16p'
2026-01-28 00:16:58 DEBUG pydub.converter [req=9c4c4dcc3b0feb69-ORD] subprocess output: b'    Metadata:'
2026-01-28 00:16:58 DEBUG pydub.converter [req=9c4c4dcc3b0feb69-ORD] subprocess output: b'      encoder         : Lavc60.31.102 libmp3lame'
2026-01-28 00:16:58 DEBUG pydub.converter [req=9c4c4dcc3b0feb69-ORD] subprocess output: b'size=       0kB time=-00:00:00.04 bitrate=  -0.0kbits/s speed=N/A'
2026-01-28 00:16:58 DEBUG pydub.converter [req=9c4c4dcc3b0feb69-ORD] subprocess output: b'[out#0/mp3 @ 0x5a63adb07a40] video:0kB audio:32kB subtitle:0kB other streams:0kB global headers:0kB muxing overhead: 0.723974%'
2026-01-28 00:16:58 DEBUG pydub.converter [req=9c4c4dcc3b0feb69-ORD] subprocess output: b'size=      32kB time=00:00:08.11 bitrate=  32.5kbits/s speed= 265x'
2026-01-28 00:16:58 DEBUG pydub.converter [req=9c4c4dcc3b0feb69-ORD] subprocess.call(['ffmpeg', '-y', '-f', 'wav', '-i', '/tmp/tmposk7t5xv', '-f', 'mp3', '/tmp/tmp81lm_rse'])
2026-01-28 00:16:58 DEBUG pydub.converter [req=9c4c4dcc3b0feb69-ORD] subprocess output: b'ffmpeg version 6.1.1-3ubuntu5 Copyright (c) 2000-2023 the FFmpeg developers'
2026-01-28 00:16:58 DEBUG pydub.converter [req=9c4c4dcc3b0feb69-ORD] subprocess output: b'  built with gcc 13 (Ubuntu 13.2.0-23ubuntu3)'
2026-01-28 00:16:58 DEBUG pydub.converter [req=9c4c4dcc3b0feb69-ORD] subprocess output: b'  configuration: --prefix=/usr --extra-version=3ubuntu5 --toolchain=hardened --libdir=/usr/lib/x86_64-linux-gnu --incdir=/usr/include/x86_64-linux-gnu --arch=amd64 --enable-gpl --disable-stripping --disable-omx --enable-gnutls --enable-libaom --enable-libass --enable-libbs2b --enable-libcaca --enable-libcdio --enable-libcodec2 --enable-libdav1d --enable-libflite --enable-libfontconfig --enable-libfreetype --enable-libfribidi --enable-libglslang --enable-libgme --enable-libgsm --enable-libharfbuzz --enable-libmp3lame --enable-libmysofa --enable-libopenjpeg --enable-libopenmpt --enable-libopus --enable-librubberband --enable-libshine --enable-libsnappy --enable-libsoxr --enable-libspeex --enable-libtheora --enable-libtwolame --enable-libvidstab --enable-libvorbis --enable-libvpx --enable-libwebp --enable-libx265 --enable-libxml2 --enable-libxvid --enable-libzimg --enable-openal --enable-opencl --enable-opengl --disable-sndio --enable-libvpl --disable-libmfx --enable-libdc1394 --enable-libdrm --enable-libiec61883 --enable-chromaprint --enable-frei0r --enable-ladspa --enable-libbluray --enable-libjack --enable-libpulse --enable-librabbitmq --enable-librist --enable-libsrt --enable-libssh --enable-libsvtav1 --enable-libx264 --enable-libzmq --enable-libzvbi --enable-lv2 --enable-sdl2 --enable-libplacebo --enable-librav1e --enable-pocketsphinx --enable-librsvg --enable-libjxl --enable-shared'
2026-01-28 00:16:58 DEBUG pydub.converter [req=9c4c4dcc3b0feb69-ORD] subprocess output: b'  libavutil      58. 29.100 / 58. 29.100'
2026-01-28 00:16:58 DEBUG pydub.converter [req=9c4c4dcc3b0feb69-ORD] subprocess output: b'  libavcodec     60. 31.102 / 60. 31.102'
2026-01-28 00:16:58 DEBUG pydub.converter [req=9c4c4dcc3b0feb69-ORD] subprocess output: b'  libavformat    60. 16.100 / 60. 16.100'
2026-01-28 00:16:58 DEBUG pydub.converter [req=9c4c4dcc3b0feb69-ORD] subprocess output: b'  libavdevice    60.  3.100 / 60.  3.100'
2026-01-28 00:16:58 DEBUG pydub.converter [req=9c4c4dcc3b0feb69-ORD] subprocess output: b'  libavfilter     9. 12.100 /  9. 12.100'
2026-01-28 00:16:58 DEBUG pydub.converter [req=9c4c4dcc3b0feb69-ORD] subprocess output: b'  libswscale      7.  5.100 /  7.  5.100'
2026-01-28 00:16:58 DEBUG pydub.converter [req=9c4c4dcc3b0feb69-ORD] subprocess output: b'  libswresample   4. 12.100 /  4. 12.100'
2026-01-28 00:16:58 DEBUG pydub.converter [req=9c4c4dcc3b0feb69-ORD] subprocess output: b'  libpostproc    57.  3.100 / 57.  3.100'
2026-01-28 00:16:58 DEBUG pydub.converter [req=9c4c4dcc3b0feb69-ORD] subprocess output: b'[aist#0:0/pcm_s16le @ 0x5804b6c58f00] Guessed Channel Layout: mono'
2026-01-28 00:16:58 DEBUG pydub.converter [req=9c4c4dcc3b0feb69-ORD] subprocess output: b"Input #0, wav, from '/tmp/tmposk7t5xv':"
2026-01-28 00:16:58 DEBUG pydub.converter [req=9c4c4dcc3b0feb69-ORD] subprocess output: b'  Duration: 00:00:08.48, bitrate: 384 kb/s'
2026-01-28 00:16:58 DEBUG pydub.converter [req=9c4c4dcc3b0feb69-ORD] subprocess output: b'  Stream #0:0: Audio: pcm_s16le ([1][0][0][0] / 0x0001), 24000 Hz, 1 channels, s16, 384 kb/s'
2026-01-28 00:16:58 DEBUG pydub.converter [req=9c4c4dcc3b0feb69-ORD] subprocess output: b'Stream mapping:'
2026-01-28 00:16:58 DEBUG pydub.converter [req=9c4c4dcc3b0feb69-ORD] subprocess output: b'  Stream #0:0 -> #0:0 (pcm_s16le (native) -> mp3 (libmp3lame))'
2026-01-28 00:16:58 DEBUG pydub.converter [req=9c4c4dcc3b0feb69-ORD] subprocess output: b'Press [q] to stop, [?] for help'
2026-01-28 00:16:58 DEBUG pydub.converter [req=9c4c4dcc3b0feb69-ORD] subprocess output: b"Output #0, mp3, to '/tmp/tmp81lm_rse':"
2026-01-28 00:16:58 DEBUG pydub.converter [req=9c4c4dcc3b0feb69-ORD] subprocess output: b'  Metadata:'
2026-01-28 00:16:58 DEBUG pydub.converter [req=9c4c4dcc3b0feb69-ORD] subprocess output: b'    TSSE            : Lavf60.16.100'
2026-01-28 00:16:58 DEBUG pydub.converter [req=9c4c4dcc3b0feb69-ORD] subprocess output: b'  Stream #0:0: Audio: mp3, 24000 Hz, mono, s16p'
2026-01-28 00:16:58 DEBUG pydub.converter [req=9c4c4dcc3b0feb69-ORD] subprocess output: b'    Metadata:'
2026-01-28 00:16:58 DEBUG pydub.converter [req=9c4c4dcc3b0feb69-ORD] subprocess output: b'      encoder         : Lavc60.31.102 libmp3lame'
2026-01-28 00:16:58 DEBUG pydub.converter [req=9c4c4dcc3b0feb69-ORD] subprocess output: b'size=       0kB time=-00:00:00.04 bitrate=  -0.0kbits/s speed=N/A'
2026-01-28 00:16:58 DEBUG pydub.converter [req=9c4c4dcc3b0feb69-ORD] subprocess output: b'[out#0/mp3 @ 0x5804b6c2fa40] video:0kB audio:33kB subtitle:0kB other streams:0kB global headers:0kB muxing overhead: 0.693469%'
2026-01-28 00:16:58 DEBUG pydub.converter [req=9c4c4dcc3b0feb69-ORD] subprocess output: b'size=      34kB time=00:00:08.47 bitrate=  32.5kbits/s speed= 252x'
2026-01-28 00:16:58 DEBUG pydub.converter [req=9c4c4dcc3b0feb69-ORD] subprocess.call(['ffmpeg', '-y', '-f', 'wav', '-i', '/tmp/tmpd7jtehbm', '-f', 'mp3', '/tmp/tmpo_239wo2'])
2026-01-28 00:16:58 DEBUG pydub.converter [req=9c4c4dcc3b0feb69-ORD] subprocess output: b'ffmpeg version 6.1.1-3ubuntu5 Copyright (c) 2000-2023 the FFmpeg developers'
2026-01-28 00:16:58 DEBUG pydub.converter [req=9c4c4dcc3b0feb69-ORD] subprocess output: b'  built with gcc 13 (Ubuntu 13.2.0-23ubuntu3)'
2026-01-28 00:16:58 DEBUG pydub.converter [req=9c4c4dcc3b0feb69-ORD] subprocess output: b'  configuration: --prefix=/usr --extra-version=3ubuntu5 --toolchain=hardened --libdir=/usr/lib/x86_64-linux-gnu --incdir=/usr/include/x86_64-linux-gnu --arch=amd64 --enable-gpl --disable-stripping --disable-omx --enable-gnutls --enable-libaom --enable-libass --enable-libbs2b --enable-libcaca --enable-libcdio --enable-libcodec2 --enable-libdav1d --enable-libflite --enable-libfontconfig --enable-libfreetype --enable-libfribidi --enable-libglslang --enable-libgme --enable-libgsm --enable-libharfbuzz --enable-libmp3lame --enable-libmysofa --enable-libopenjpeg --enable-libopenmpt --enable-libopus --enable-librubberband --enable-libshine --enable-libsnappy --enable-libsoxr --enable-libspeex --enable-libtheora --enable-libtwolame --enable-libvidstab --enable-libvorbis --enable-libvpx --enable-libwebp --enable-libx265 --enable-libxml2 --enable-libxvid --enable-libzimg --enable-openal --enable-opencl --enable-opengl --disable-sndio --enable-libvpl --disable-libmfx --enable-libdc1394 --enable-libdrm --enable-libiec61883 --enable-chromaprint --enable-frei0r --enable-ladspa --enable-libbluray --enable-libjack --enable-libpulse --enable-librabbitmq --enable-librist --enable-libsrt --enable-libssh --enable-libsvtav1 --enable-libx264 --enable-libzmq --enable-libzvbi --enable-lv2 --enable-sdl2 --enable-libplacebo --enable-librav1e --enable-pocketsphinx --enable-librsvg --enable-libjxl --enable-shared'
2026-01-28 00:16:58 DEBUG pydub.converter [req=9c4c4dcc3b0feb69-ORD] subprocess output: b'  libavutil      58. 29.100 / 58. 29.100'
2026-01-28 00:16:58 DEBUG pydub.converter [req=9c4c4dcc3b0feb69-ORD] subprocess output: b'  libavcodec     60. 31.102 / 60. 31.102'
2026-01-28 00:16:58 DEBUG pydub.converter [req=9c4c4dcc3b0feb69-ORD] subprocess output: b'  libavformat    60. 16.100 / 60. 16.100'
2026-01-28 00:16:58 DEBUG pydub.converter [req=9c4c4dcc3b0feb69-ORD] subprocess output: b'  libavdevice    60.  3.100 / 60.  3.100'
2026-01-28 00:16:58 DEBUG pydub.converter [req=9c4c4dcc3b0feb69-ORD] subprocess output: b'  libavfilter     9. 12.100 /  9. 12.100'
2026-01-28 00:16:58 DEBUG pydub.converter [req=9c4c4dcc3b0feb69-ORD] subprocess output: b'  libswscale      7.  5.100 /  7.  5.100'
2026-01-28 00:16:58 DEBUG pydub.converter [req=9c4c4dcc3b0feb69-ORD] subprocess output: b'  libswresample   4. 12.100 /  4. 12.100'
2026-01-28 00:16:58 DEBUG pydub.converter [req=9c4c4dcc3b0feb69-ORD] subprocess output: b'  libpostproc    57.  3.100 / 57.  3.100'
2026-01-28 00:16:58 DEBUG pydub.converter [req=9c4c4dcc3b0feb69-ORD] subprocess output: b'[aist#0:0/pcm_s16le @ 0x5633bae48f00] Guessed Channel Layout: mono'
2026-01-28 00:16:58 DEBUG pydub.converter [req=9c4c4dcc3b0feb69-ORD] subprocess output: b"Input #0, wav, from '/tmp/tmpd7jtehbm':"
2026-01-28 00:16:58 DEBUG pydub.converter [req=9c4c4dcc3b0feb69-ORD] subprocess output: b'  Duration: 00:00:09.48, bitrate: 384 kb/s'
2026-01-28 00:16:58 DEBUG pydub.converter [req=9c4c4dcc3b0feb69-ORD] subprocess output: b'  Stream #0:0: Audio: pcm_s16le ([1][0][0][0] / 0x0001), 24000 Hz, 1 channels, s16, 384 kb/s'
2026-01-28 00:16:58 DEBUG pydub.converter [req=9c4c4dcc3b0feb69-ORD] subprocess output: b'Stream mapping:'
2026-01-28 00:16:58 DEBUG pydub.converter [req=9c4c4dcc3b0feb69-ORD] subprocess output: b'  Stream #0:0 -> #0:0 (pcm_s16le (native) -> mp3 (libmp3lame))'
2026-01-28 00:16:58 DEBUG pydub.converter [req=9c4c4dcc3b0feb69-ORD] subprocess output: b'Press [q] to stop, [?] for help'
2026-01-28 00:16:58 DEBUG pydub.converter [req=9c4c4dcc3b0feb69-ORD] subprocess output: b"Output #0, mp3, to '/tmp/tmpo_239wo2':"
2026-01-28 00:16:58 DEBUG pydub.converter [req=9c4c4dcc3b0feb69-ORD] subprocess output: b'  Metadata:'
2026-01-28 00:16:58 DEBUG pydub.converter [req=9c4c4dcc3b0feb69-ORD] subprocess output: b'    TSSE            : Lavf60.16.100'
2026-01-28 00:16:58 DEBUG pydub.converter [req=9c4c4dcc3b0feb69-ORD] subprocess output: b'  Stream #0:0: Audio: mp3, 24000 Hz, mono, s16p'
2026-01-28 00:16:58 DEBUG pydub.converter [req=9c4c4dcc3b0feb69-ORD] subprocess output: b'    Metadata:'
2026-01-28 00:16:58 DEBUG pydub.converter [req=9c4c4dcc3b0feb69-ORD] subprocess output: b'      encoder         : Lavc60.31.102 libmp3lame'
2026-01-28 00:16:58 DEBUG pydub.converter [req=9c4c4dcc3b0feb69-ORD] subprocess output: b'size=       0kB time=-00:00:00.04 bitrate=  -0.0kbits/s speed=N/A'
2026-01-28 00:16:58 DEBUG pydub.converter [req=9c4c4dcc3b0feb69-ORD] subprocess output: b'[out#0/mp3 @ 0x5633bae1fa40] video:0kB audio:37kB subtitle:0kB other streams:0kB global headers:0kB muxing overhead: 0.621851%'
2026-01-28 00:16:58 DEBUG pydub.converter [req=9c4c4dcc3b0feb69-ORD] subprocess output: b'size=      37kB time=00:00:09.45 bitrate=  32.4kbits/s speed= 252x'
2026-01-28 00:16:59 DEBUG pydub.converter [req=9c4c4dcc3b0feb69-ORD] subprocess.call(['ffmpeg', '-y', '-f', 'wav', '-i', '/tmp/tmpvsv8qnuq', '-f', 'mp3', '/tmp/tmpk944no0m'])
2026-01-28 00:16:59 DEBUG pydub.converter [req=9c4c4dcc3b0feb69-ORD] subprocess output: b'ffmpeg version 6.1.1-3ubuntu5 Copyright (c) 2000-2023 the FFmpeg developers'
2026-01-28 00:16:59 DEBUG pydub.converter [req=9c4c4dcc3b0feb69-ORD] subprocess output: b'  built with gcc 13 (Ubuntu 13.2.0-23ubuntu3)'
2026-01-28 00:16:59 DEBUG pydub.converter [req=9c4c4dcc3b0feb69-ORD] subprocess output: b'  configuration: --prefix=/usr --extra-version=3ubuntu5 --toolchain=hardened --libdir=/usr/lib/x86_64-linux-gnu --incdir=/usr/include/x86_64-linux-gnu --arch=amd64 --enable-gpl --disable-stripping --disable-omx --enable-gnutls --enable-libaom --enable-libass --enable-libbs2b --enable-libcaca --enable-libcdio --enable-libcodec2 --enable-libdav1d --enable-libflite --enable-libfontconfig --enable-libfreetype --enable-libfribidi --enable-libglslang --enable-libgme --enable-libgsm --enable-libharfbuzz --enable-libmp3lame --enable-libmysofa --enable-libopenjpeg --enable-libopenmpt --enable-libopus --enable-librubberband --enable-libshine --enable-libsnappy --enable-libsoxr --enable-libspeex --enable-libtheora --enable-libtwolame --enable-libvidstab --enable-libvorbis --enable-libvpx --enable-libwebp --enable-libx265 --enable-libxml2 --enable-libxvid --enable-libzimg --enable-openal --enable-opencl --enable-opengl --disable-sndio --enable-libvpl --disable-libmfx --enable-libdc1394 --enable-libdrm --enable-libiec61883 --enable-chromaprint --enable-frei0r --enable-ladspa --enable-libbluray --enable-libjack --enable-libpulse --enable-librabbitmq --enable-librist --enable-libsrt --enable-libssh --enable-libsvtav1 --enable-libx264 --enable-libzmq --enable-libzvbi --enable-lv2 --enable-sdl2 --enable-libplacebo --enable-librav1e --enable-pocketsphinx --enable-librsvg --enable-libjxl --enable-shared'
2026-01-28 00:16:59 DEBUG pydub.converter [req=9c4c4dcc3b0feb69-ORD] subprocess output: b'  libavutil      58. 29.100 / 58. 29.100'
2026-01-28 00:16:59 DEBUG pydub.converter [req=9c4c4dcc3b0feb69-ORD] subprocess output: b'  libavcodec     60. 31.102 / 60. 31.102'
2026-01-28 00:16:59 DEBUG pydub.converter [req=9c4c4dcc3b0feb69-ORD] subprocess output: b'  libavformat    60. 16.100 / 60. 16.100'
2026-01-28 00:16:59 DEBUG pydub.converter [req=9c4c4dcc3b0feb69-ORD] subprocess output: b'  libavdevice    60.  3.100 / 60.  3.100'
2026-01-28 00:16:59 DEBUG pydub.converter [req=9c4c4dcc3b0feb69-ORD] subprocess output: b'  libavfilter     9. 12.100 /  9. 12.100'
2026-01-28 00:16:59 DEBUG pydub.converter [req=9c4c4dcc3b0feb69-ORD] subprocess output: b'  libswscale      7.  5.100 /  7.  5.100'
2026-01-28 00:16:59 DEBUG pydub.converter [req=9c4c4dcc3b0feb69-ORD] subprocess output: b'  libswresample   4. 12.100 /  4. 12.100'
2026-01-28 00:16:59 DEBUG pydub.converter [req=9c4c4dcc3b0feb69-ORD] subprocess output: b'  libpostproc    57.  3.100 / 57.  3.100'
2026-01-28 00:16:59 DEBUG pydub.converter [req=9c4c4dcc3b0feb69-ORD] subprocess output: b'[aist#0:0/pcm_s16le @ 0x62878e87df00] Guessed Channel Layout: mono'
2026-01-28 00:16:59 DEBUG pydub.converter [req=9c4c4dcc3b0feb69-ORD] subprocess output: b"Input #0, wav, from '/tmp/tmpvsv8qnuq':"
2026-01-28 00:16:59 DEBUG pydub.converter [req=9c4c4dcc3b0feb69-ORD] subprocess output: b'  Duration: 00:00:07.90, bitrate: 384 kb/s'
2026-01-28 00:16:59 DEBUG pydub.converter [req=9c4c4dcc3b0feb69-ORD] subprocess output: b'  Stream #0:0: Audio: pcm_s16le ([1][0][0][0] / 0x0001), 24000 Hz, 1 channels, s16, 384 kb/s'
2026-01-28 00:16:59 DEBUG pydub.converter [req=9c4c4dcc3b0feb69-ORD] subprocess output: b'Stream mapping:'
2026-01-28 00:16:59 DEBUG pydub.converter [req=9c4c4dcc3b0feb69-ORD] subprocess output: b'  Stream #0:0 -> #0:0 (pcm_s16le (native) -> mp3 (libmp3lame))'
2026-01-28 00:16:59 DEBUG pydub.converter [req=9c4c4dcc3b0feb69-ORD] subprocess output: b'Press [q] to stop, [?] for help'
2026-01-28 00:16:59 DEBUG pydub.converter [req=9c4c4dcc3b0feb69-ORD] subprocess output: b"Output #0, mp3, to '/tmp/tmpk944no0m':"
2026-01-28 00:16:59 DEBUG pydub.converter [req=9c4c4dcc3b0feb69-ORD] subprocess output: b'  Metadata:'
2026-01-28 00:16:59 DEBUG pydub.converter [req=9c4c4dcc3b0feb69-ORD] subprocess output: b'    TSSE            : Lavf60.16.100'
2026-01-28 00:16:59 DEBUG pydub.converter [req=9c4c4dcc3b0feb69-ORD] subprocess output: b'  Stream #0:0: Audio: mp3, 24000 Hz, mono, s16p'
2026-01-28 00:16:59 DEBUG pydub.converter [req=9c4c4dcc3b0feb69-ORD] subprocess output: b'    Metadata:'
2026-01-28 00:16:59 DEBUG pydub.converter [req=9c4c4dcc3b0feb69-ORD] subprocess output: b'      encoder         : Lavc60.31.102 libmp3lame'
2026-01-28 00:16:59 DEBUG pydub.converter [req=9c4c4dcc3b0feb69-ORD] subprocess output: b'size=       0kB time=-00:00:00.04 bitrate=  -0.0kbits/s speed=N/A'
2026-01-28 00:16:59 DEBUG pydub.converter [req=9c4c4dcc3b0feb69-ORD] subprocess output: b'[out#0/mp3 @ 0x62878e854a40] video:0kB audio:31kB subtitle:0kB other streams:0kB global headers:0kB muxing overhead: 0.743599%'
2026-01-28 00:16:59 DEBUG pydub.converter [req=9c4c4dcc3b0feb69-ORD] subprocess output: b'size=      31kB time=00:00:07.89 bitrate=  32.5kbits/s speed= 248x'
2026-01-28 00:16:59 DEBUG pydub.converter [req=9c4c4dcc3b0feb69-ORD] subprocess.call(['ffmpeg', '-y', '-f', 'wav', '-i', '/tmp/tmp9_s56c1w', '-f', 'mp3', '/tmp/tmp141h665x'])
2026-01-28 00:16:59 DEBUG pydub.converter [req=9c4c4dcc3b0feb69-ORD] subprocess output: b'ffmpeg version 6.1.1-3ubuntu5 Copyright (c) 2000-2023 the FFmpeg developers'
2026-01-28 00:16:59 DEBUG pydub.converter [req=9c4c4dcc3b0feb69-ORD] subprocess output: b'  built with gcc 13 (Ubuntu 13.2.0-23ubuntu3)'
2026-01-28 00:16:59 DEBUG pydub.converter [req=9c4c4dcc3b0feb69-ORD] subprocess output: b'  configuration: --prefix=/usr --extra-version=3ubuntu5 --toolchain=hardened --libdir=/usr/lib/x86_64-linux-gnu --incdir=/usr/include/x86_64-linux-gnu --arch=amd64 --enable-gpl --disable-stripping --disable-omx --enable-gnutls --enable-libaom --enable-libass --enable-libbs2b --enable-libcaca --enable-libcdio --enable-libcodec2 --enable-libdav1d --enable-libflite --enable-libfontconfig --enable-libfreetype --enable-libfribidi --enable-libglslang --enable-libgme --enable-libgsm --enable-libharfbuzz --enable-libmp3lame --enable-libmysofa --enable-libopenjpeg --enable-libopenmpt --enable-libopus --enable-librubberband --enable-libshine --enable-libsnappy --enable-libsoxr --enable-libspeex --enable-libtheora --enable-libtwolame --enable-libvidstab --enable-libvorbis --enable-libvpx --enable-libwebp --enable-libx265 --enable-libxml2 --enable-libxvid --enable-libzimg --enable-openal --enable-opencl --enable-opengl --disable-sndio --enable-libvpl --disable-libmfx --enable-libdc1394 --enable-libdrm --enable-libiec61883 --enable-chromaprint --enable-frei0r --enable-ladspa --enable-libbluray --enable-libjack --enable-libpulse --enable-librabbitmq --enable-librist --enable-libsrt --enable-libssh --enable-libsvtav1 --enable-libx264 --enable-libzmq --enable-libzvbi --enable-lv2 --enable-sdl2 --enable-libplacebo --enable-librav1e --enable-pocketsphinx --enable-librsvg --enable-libjxl --enable-shared'
2026-01-28 00:16:59 DEBUG pydub.converter [req=9c4c4dcc3b0feb69-ORD] subprocess output: b'  libavutil      58. 29.100 / 58. 29.100'
2026-01-28 00:16:59 DEBUG pydub.converter [req=9c4c4dcc3b0feb69-ORD] subprocess output: b'  libavcodec     60. 31.102 / 60. 31.102'
2026-01-28 00:16:59 DEBUG pydub.converter [req=9c4c4dcc3b0feb69-ORD] subprocess output: b'  libavformat    60. 16.100 / 60. 16.100'
2026-01-28 00:16:59 DEBUG pydub.converter [req=9c4c4dcc3b0feb69-ORD] subprocess output: b'  libavdevice    60.  3.100 / 60.  3.100'
2026-01-28 00:16:59 DEBUG pydub.converter [req=9c4c4dcc3b0feb69-ORD] subprocess output: b'  libavfilter     9. 12.100 /  9. 12.100'
2026-01-28 00:16:59 DEBUG pydub.converter [req=9c4c4dcc3b0feb69-ORD] subprocess output: b'  libswscale      7.  5.100 /  7.  5.100'
2026-01-28 00:16:59 DEBUG pydub.converter [req=9c4c4dcc3b0feb69-ORD] subprocess output: b'  libswresample   4. 12.100 /  4. 12.100'
2026-01-28 00:16:59 DEBUG pydub.converter [req=9c4c4dcc3b0feb69-ORD] subprocess output: b'  libpostproc    57.  3.100 / 57.  3.100'
2026-01-28 00:16:59 DEBUG pydub.converter [req=9c4c4dcc3b0feb69-ORD] subprocess output: b'[aist#0:0/pcm_s16le @ 0x594ead504f00] Guessed Channel Layout: mono'
2026-01-28 00:16:59 DEBUG pydub.converter [req=9c4c4dcc3b0feb69-ORD] subprocess output: b"Input #0, wav, from '/tmp/tmp9_s56c1w':"
2026-01-28 00:16:59 DEBUG pydub.converter [req=9c4c4dcc3b0feb69-ORD] subprocess output: b'  Duration: 00:00:10.33, bitrate: 384 kb/s'
2026-01-28 00:16:59 DEBUG pydub.converter [req=9c4c4dcc3b0feb69-ORD] subprocess output: b'  Stream #0:0: Audio: pcm_s16le ([1][0][0][0] / 0x0001), 24000 Hz, 1 channels, s16, 384 kb/s'
2026-01-28 00:16:59 DEBUG pydub.converter [req=9c4c4dcc3b0feb69-ORD] subprocess output: b'Stream mapping:'
2026-01-28 00:16:59 DEBUG pydub.converter [req=9c4c4dcc3b0feb69-ORD] subprocess output: b'  Stream #0:0 -> #0:0 (pcm_s16le (native) -> mp3 (libmp3lame))'
2026-01-28 00:16:59 DEBUG pydub.converter [req=9c4c4dcc3b0feb69-ORD] subprocess output: b'Press [q] to stop, [?] for help'
2026-01-28 00:16:59 DEBUG pydub.converter [req=9c4c4dcc3b0feb69-ORD] subprocess output: b"Output #0, mp3, to '/tmp/tmp141h665x':"
2026-01-28 00:16:59 DEBUG pydub.converter [req=9c4c4dcc3b0feb69-ORD] subprocess output: b'  Metadata:'
2026-01-28 00:16:59 DEBUG pydub.converter [req=9c4c4dcc3b0feb69-ORD] subprocess output: b'    TSSE            : Lavf60.16.100'
2026-01-28 00:16:59 DEBUG pydub.converter [req=9c4c4dcc3b0feb69-ORD] subprocess output: b'  Stream #0:0: Audio: mp3, 24000 Hz, mono, s16p'
2026-01-28 00:16:59 DEBUG pydub.converter [req=9c4c4dcc3b0feb69-ORD] subprocess output: b'    Metadata:'
2026-01-28 00:16:59 DEBUG pydub.converter [req=9c4c4dcc3b0feb69-ORD] subprocess output: b'      encoder         : Lavc60.31.102 libmp3lame'
2026-01-28 00:16:59 DEBUG pydub.converter [req=9c4c4dcc3b0feb69-ORD] subprocess output: b'size=       0kB time=-00:00:00.04 bitrate=  -0.0kbits/s speed=N/A'
2026-01-28 00:16:59 DEBUG pydub.converter [req=9c4c4dcc3b0feb69-ORD] subprocess output: b'[out#0/mp3 @ 0x594ead4dba40] video:0kB audio:41kB subtitle:0kB other streams:0kB global headers:0kB muxing overhead: 0.570150%'
2026-01-28 00:16:59 DEBUG pydub.converter [req=9c4c4dcc3b0feb69-ORD] subprocess output: b'size=      41kB time=00:00:10.32 bitrate=  32.4kbits/s speed= 252x'
2026-01-28 00:16:59 DEBUG pydub.converter [req=9c4c4dcc3b0feb69-ORD] subprocess.call(['ffmpeg', '-y', '-f', 'wav', '-i', '/tmp/tmpv9lxf2f1', '-f', 'mp3', '/tmp/tmphhhuepk4'])
2026-01-28 00:16:59 DEBUG pydub.converter [req=9c4c4dcc3b0feb69-ORD] subprocess output: b'ffmpeg version 6.1.1-3ubuntu5 Copyright (c) 2000-2023 the FFmpeg developers'
2026-01-28 00:16:59 DEBUG pydub.converter [req=9c4c4dcc3b0feb69-ORD] subprocess output: b'  built with gcc 13 (Ubuntu 13.2.0-23ubuntu3)'
2026-01-28 00:16:59 DEBUG pydub.converter [req=9c4c4dcc3b0feb69-ORD] subprocess output: b'  configuration: --prefix=/usr --extra-version=3ubuntu5 --toolchain=hardened --libdir=/usr/lib/x86_64-linux-gnu --incdir=/usr/include/x86_64-linux-gnu --arch=amd64 --enable-gpl --disable-stripping --disable-omx --enable-gnutls --enable-libaom --enable-libass --enable-libbs2b --enable-libcaca --enable-libcdio --enable-libcodec2 --enable-libdav1d --enable-libflite --enable-libfontconfig --enable-libfreetype --enable-libfribidi --enable-libglslang --enable-libgme --enable-libgsm --enable-libharfbuzz --enable-libmp3lame --enable-libmysofa --enable-libopenjpeg --enable-libopenmpt --enable-libopus --enable-librubberband --enable-libshine --enable-libsnappy --enable-libsoxr --enable-libspeex --enable-libtheora --enable-libtwolame --enable-libvidstab --enable-libvorbis --enable-libvpx --enable-libwebp --enable-libx265 --enable-libxml2 --enable-libxvid --enable-libzimg --enable-openal --enable-opencl --enable-opengl --disable-sndio --enable-libvpl --disable-libmfx --enable-libdc1394 --enable-libdrm --enable-libiec61883 --enable-chromaprint --enable-frei0r --enable-ladspa --enable-libbluray --enable-libjack --enable-libpulse --enable-librabbitmq --enable-librist --enable-libsrt --enable-libssh --enable-libsvtav1 --enable-libx264 --enable-libzmq --enable-libzvbi --enable-lv2 --enable-sdl2 --enable-libplacebo --enable-librav1e --enable-pocketsphinx --enable-librsvg --enable-libjxl --enable-shared'
2026-01-28 00:16:59 DEBUG pydub.converter [req=9c4c4dcc3b0feb69-ORD] subprocess output: b'  libavutil      58. 29.100 / 58. 29.100'
2026-01-28 00:16:59 DEBUG pydub.converter [req=9c4c4dcc3b0feb69-ORD] subprocess output: b'  libavcodec     60. 31.102 / 60. 31.102'
2026-01-28 00:16:59 DEBUG pydub.converter [req=9c4c4dcc3b0feb69-ORD] subprocess output: b'  libavformat    60. 16.100 / 60. 16.100'
2026-01-28 00:16:59 DEBUG pydub.converter [req=9c4c4dcc3b0feb69-ORD] subprocess output: b'  libavdevice    60.  3.100 / 60.  3.100'
2026-01-28 00:16:59 DEBUG pydub.converter [req=9c4c4dcc3b0feb69-ORD] subprocess output: b'  libavfilter     9. 12.100 /  9. 12.100'
2026-01-28 00:16:59 DEBUG pydub.converter [req=9c4c4dcc3b0feb69-ORD] subprocess output: b'  libswscale      7.  5.100 /  7.  5.100'
2026-01-28 00:16:59 DEBUG pydub.converter [req=9c4c4dcc3b0feb69-ORD] subprocess output: b'  libswresample   4. 12.100 /  4. 12.100'
2026-01-28 00:16:59 DEBUG pydub.converter [req=9c4c4dcc3b0feb69-ORD] subprocess output: b'  libpostproc    57.  3.100 / 57.  3.100'
2026-01-28 00:16:59 DEBUG pydub.converter [req=9c4c4dcc3b0feb69-ORD] subprocess output: b'[aist#0:0/pcm_s16le @ 0x63f368ce2f00] Guessed Channel Layout: mono'
2026-01-28 00:16:59 DEBUG pydub.converter [req=9c4c4dcc3b0feb69-ORD] subprocess output: b"Input #0, wav, from '/tmp/tmpv9lxf2f1':"
2026-01-28 00:16:59 DEBUG pydub.converter [req=9c4c4dcc3b0feb69-ORD] subprocess output: b'  Duration: 00:00:12.33, bitrate: 384 kb/s'
2026-01-28 00:16:59 DEBUG pydub.converter [req=9c4c4dcc3b0feb69-ORD] subprocess output: b'  Stream #0:0: Audio: pcm_s16le ([1][0][0][0] / 0x0001), 24000 Hz, 1 channels, s16, 384 kb/s'
2026-01-28 00:16:59 DEBUG pydub.converter [req=9c4c4dcc3b0feb69-ORD] subprocess output: b'Stream mapping:'
2026-01-28 00:16:59 DEBUG pydub.converter [req=9c4c4dcc3b0feb69-ORD] subprocess output: b'  Stream #0:0 -> #0:0 (pcm_s16le (native) -> mp3 (libmp3lame))'
2026-01-28 00:16:59 DEBUG pydub.converter [req=9c4c4dcc3b0feb69-ORD] subprocess output: b'Press [q] to stop, [?] for help'
2026-01-28 00:16:59 DEBUG pydub.converter [req=9c4c4dcc3b0feb69-ORD] subprocess output: b"Output #0, mp3, to '/tmp/tmphhhuepk4':"
2026-01-28 00:16:59 DEBUG pydub.converter [req=9c4c4dcc3b0feb69-ORD] subprocess output: b'  Metadata:'
2026-01-28 00:16:59 DEBUG pydub.converter [req=9c4c4dcc3b0feb69-ORD] subprocess output: b'    TSSE            : Lavf60.16.100'
2026-01-28 00:16:59 DEBUG pydub.converter [req=9c4c4dcc3b0feb69-ORD] subprocess output: b'  Stream #0:0: Audio: mp3, 24000 Hz, mono, s16p'
2026-01-28 00:16:59 DEBUG pydub.converter [req=9c4c4dcc3b0feb69-ORD] subprocess output: b'    Metadata:'
2026-01-28 00:16:59 DEBUG pydub.converter [req=9c4c4dcc3b0feb69-ORD] subprocess output: b'      encoder         : Lavc60.31.102 libmp3lame'
2026-01-28 00:16:59 DEBUG pydub.converter [req=9c4c4dcc3b0feb69-ORD] subprocess output: b'size=       0kB time=-00:00:00.04 bitrate=  -0.0kbits/s speed=N/A'
2026-01-28 00:16:59 DEBUG pydub.converter [req=9c4c4dcc3b0feb69-ORD] subprocess output: b'[out#0/mp3 @ 0x63f368cb9a40] video:0kB audio:48kB subtitle:0kB other streams:0kB global headers:0kB muxing overhead: 0.478440%'
2026-01-28 00:16:59 DEBUG pydub.converter [req=9c4c4dcc3b0feb69-ORD] subprocess output: b'size=      49kB time=00:00:12.31 bitrate=  32.3kbits/s speed= 233x'
2026-01-28 00:16:59 DEBUG pydub.converter [req=9c4c4dcc3b0feb69-ORD] subprocess.call(['ffmpeg', '-y', '-f', 'wav', '-i', '/tmp/tmpq762g8nx', '-f', 'mp3', '/tmp/tmp5ob909_1'])
2026-01-28 00:16:59 DEBUG pydub.converter [req=9c4c4dcc3b0feb69-ORD] subprocess output: b'ffmpeg version 6.1.1-3ubuntu5 Copyright (c) 2000-2023 the FFmpeg developers'
2026-01-28 00:16:59 DEBUG pydub.converter [req=9c4c4dcc3b0feb69-ORD] subprocess output: b'  built with gcc 13 (Ubuntu 13.2.0-23ubuntu3)'
2026-01-28 00:16:59 DEBUG pydub.converter [req=9c4c4dcc3b0feb69-ORD] subprocess output: b'  configuration: --prefix=/usr --extra-version=3ubuntu5 --toolchain=hardened --libdir=/usr/lib/x86_64-linux-gnu --incdir=/usr/include/x86_64-linux-gnu --arch=amd64 --enable-gpl --disable-stripping --disable-omx --enable-gnutls --enable-libaom --enable-libass --enable-libbs2b --enable-libcaca --enable-libcdio --enable-libcodec2 --enable-libdav1d --enable-libflite --enable-libfontconfig --enable-libfreetype --enable-libfribidi --enable-libglslang --enable-libgme --enable-libgsm --enable-libharfbuzz --enable-libmp3lame --enable-libmysofa --enable-libopenjpeg --enable-libopenmpt --enable-libopus --enable-librubberband --enable-libshine --enable-libsnappy --enable-libsoxr --enable-libspeex --enable-libtheora --enable-libtwolame --enable-libvidstab --enable-libvorbis --enable-libvpx --enable-libwebp --enable-libx265 --enable-libxml2 --enable-libxvid --enable-libzimg --enable-openal --enable-opencl --enable-opengl --disable-sndio --enable-libvpl --disable-libmfx --enable-libdc1394 --enable-libdrm --enable-libiec61883 --enable-chromaprint --enable-frei0r --enable-ladspa --enable-libbluray --enable-libjack --enable-libpulse --enable-librabbitmq --enable-librist --enable-libsrt --enable-libssh --enable-libsvtav1 --enable-libx264 --enable-libzmq --enable-libzvbi --enable-lv2 --enable-sdl2 --enable-libplacebo --enable-librav1e --enable-pocketsphinx --enable-librsvg --enable-libjxl --enable-shared'
2026-01-28 00:16:59 DEBUG pydub.converter [req=9c4c4dcc3b0feb69-ORD] subprocess output: b'  libavutil      58. 29.100 / 58. 29.100'
2026-01-28 00:16:59 DEBUG pydub.converter [req=9c4c4dcc3b0feb69-ORD] subprocess output: b'  libavcodec     60. 31.102 / 60. 31.102'
2026-01-28 00:16:59 DEBUG pydub.converter [req=9c4c4dcc3b0feb69-ORD] subprocess output: b'  libavformat    60. 16.100 / 60. 16.100'
2026-01-28 00:16:59 DEBUG pydub.converter [req=9c4c4dcc3b0feb69-ORD] subprocess output: b'  libavdevice    60.  3.100 / 60.  3.100'
2026-01-28 00:16:59 DEBUG pydub.converter [req=9c4c4dcc3b0feb69-ORD] subprocess output: b'  libavfilter     9. 12.100 /  9. 12.100'
2026-01-28 00:16:59 DEBUG pydub.converter [req=9c4c4dcc3b0feb69-ORD] subprocess output: b'  libswscale      7.  5.100 /  7.  5.100'
2026-01-28 00:16:59 DEBUG pydub.converter [req=9c4c4dcc3b0feb69-ORD] subprocess output: b'  libswresample   4. 12.100 /  4. 12.100'
2026-01-28 00:16:59 DEBUG pydub.converter [req=9c4c4dcc3b0feb69-ORD] subprocess output: b'  libpostproc    57.  3.100 / 57.  3.100'
2026-01-28 00:16:59 DEBUG pydub.converter [req=9c4c4dcc3b0feb69-ORD] subprocess output: b'[aist#0:0/pcm_s16le @ 0x5e8066da0f00] Guessed Channel Layout: mono'
2026-01-28 00:16:59 DEBUG pydub.converter [req=9c4c4dcc3b0feb69-ORD] subprocess output: b"Input #0, wav, from '/tmp/tmpq762g8nx':"
2026-01-28 00:16:59 DEBUG pydub.converter [req=9c4c4dcc3b0feb69-ORD] subprocess output: b'  Duration: 00:00:11.20, bitrate: 384 kb/s'
2026-01-28 00:16:59 DEBUG pydub.converter [req=9c4c4dcc3b0feb69-ORD] subprocess output: b'  Stream #0:0: Audio: pcm_s16le ([1][0][0][0] / 0x0001), 24000 Hz, 1 channels, s16, 384 kb/s'
2026-01-28 00:16:59 DEBUG pydub.converter [req=9c4c4dcc3b0feb69-ORD] subprocess output: b'Stream mapping:'
2026-01-28 00:16:59 DEBUG pydub.converter [req=9c4c4dcc3b0feb69-ORD] subprocess output: b'  Stream #0:0 -> #0:0 (pcm_s16le (native) -> mp3 (libmp3lame))'
2026-01-28 00:16:59 DEBUG pydub.converter [req=9c4c4dcc3b0feb69-ORD] subprocess output: b'Press [q] to stop, [?] for help'
2026-01-28 00:16:59 DEBUG pydub.converter [req=9c4c4dcc3b0feb69-ORD] subprocess output: b"Output #0, mp3, to '/tmp/tmp5ob909_1':"
2026-01-28 00:16:59 DEBUG pydub.converter [req=9c4c4dcc3b0feb69-ORD] subprocess output: b'  Metadata:'
2026-01-28 00:16:59 DEBUG pydub.converter [req=9c4c4dcc3b0feb69-ORD] subprocess output: b'    TSSE            : Lavf60.16.100'
2026-01-28 00:16:59 DEBUG pydub.converter [req=9c4c4dcc3b0feb69-ORD] subprocess output: b'  Stream #0:0: Audio: mp3, 24000 Hz, mono, s16p'
2026-01-28 00:16:59 DEBUG pydub.converter [req=9c4c4dcc3b0feb69-ORD] subprocess output: b'    Metadata:'
2026-01-28 00:16:59 DEBUG pydub.converter [req=9c4c4dcc3b0feb69-ORD] subprocess output: b'      encoder         : Lavc60.31.102 libmp3lame'
2026-01-28 00:16:59 DEBUG pydub.converter [req=9c4c4dcc3b0feb69-ORD] subprocess output: b'size=       0kB time=-00:00:00.04 bitrate=  -0.0kbits/s speed=N/A'
2026-01-28 00:16:59 DEBUG pydub.converter [req=9c4c4dcc3b0feb69-ORD] subprocess output: b'[out#0/mp3 @ 0x5e8066d77a40] video:0kB audio:44kB subtitle:0kB other streams:0kB global headers:0kB muxing overhead: 0.526386%'
2026-01-28 00:16:59 DEBUG pydub.converter [req=9c4c4dcc3b0feb69-ORD] subprocess output: b'size=      44kB time=00:00:11.18 bitrate=  32.4kbits/s speed= 255x'
2026-01-28 00:17:00 DEBUG pydub.converter [req=9c4c4dcc3b0feb69-ORD] subprocess.call(['ffmpeg', '-y', '-f', 'wav', '-i', '/tmp/tmph25bhmji', '-f', 'mp3', '/tmp/tmpis8otdkn'])
2026-01-28 00:17:00 DEBUG pydub.converter [req=9c4c4dcc3b0feb69-ORD] subprocess output: b'ffmpeg version 6.1.1-3ubuntu5 Copyright (c) 2000-2023 the FFmpeg developers'
2026-01-28 00:17:00 DEBUG pydub.converter [req=9c4c4dcc3b0feb69-ORD] subprocess output: b'  built with gcc 13 (Ubuntu 13.2.0-23ubuntu3)'
2026-01-28 00:17:00 DEBUG pydub.converter [req=9c4c4dcc3b0feb69-ORD] subprocess output: b'  configuration: --prefix=/usr --extra-version=3ubuntu5 --toolchain=hardened --libdir=/usr/lib/x86_64-linux-gnu --incdir=/usr/include/x86_64-linux-gnu --arch=amd64 --enable-gpl --disable-stripping --disable-omx --enable-gnutls --enable-libaom --enable-libass --enable-libbs2b --enable-libcaca --enable-libcdio --enable-libcodec2 --enable-libdav1d --enable-libflite --enable-libfontconfig --enable-libfreetype --enable-libfribidi --enable-libglslang --enable-libgme --enable-libgsm --enable-libharfbuzz --enable-libmp3lame --enable-libmysofa --enable-libopenjpeg --enable-libopenmpt --enable-libopus --enable-librubberband --enable-libshine --enable-libsnappy --enable-libsoxr --enable-libspeex --enable-libtheora --enable-libtwolame --enable-libvidstab --enable-libvorbis --enable-libvpx --enable-libwebp --enable-libx265 --enable-libxml2 --enable-libxvid --enable-libzimg --enable-openal --enable-opencl --enable-opengl --disable-sndio --enable-libvpl --disable-libmfx --enable-libdc1394 --enable-libdrm --enable-libiec61883 --enable-chromaprint --enable-frei0r --enable-ladspa --enable-libbluray --enable-libjack --enable-libpulse --enable-librabbitmq --enable-librist --enable-libsrt --enable-libssh --enable-libsvtav1 --enable-libx264 --enable-libzmq --enable-libzvbi --enable-lv2 --enable-sdl2 --enable-libplacebo --enable-librav1e --enable-pocketsphinx --enable-librsvg --enable-libjxl --enable-shared'
2026-01-28 00:17:00 DEBUG pydub.converter [req=9c4c4dcc3b0feb69-ORD] subprocess output: b'  libavutil      58. 29.100 / 58. 29.100'
2026-01-28 00:17:00 DEBUG pydub.converter [req=9c4c4dcc3b0feb69-ORD] subprocess output: b'  libavcodec     60. 31.102 / 60. 31.102'
2026-01-28 00:17:00 DEBUG pydub.converter [req=9c4c4dcc3b0feb69-ORD] subprocess output: b'  libavformat    60. 16.100 / 60. 16.100'
2026-01-28 00:17:00 DEBUG pydub.converter [req=9c4c4dcc3b0feb69-ORD] subprocess output: b'  libavdevice    60.  3.100 / 60.  3.100'
2026-01-28 00:17:00 DEBUG pydub.converter [req=9c4c4dcc3b0feb69-ORD] subprocess output: b'  libavfilter     9. 12.100 /  9. 12.100'
2026-01-28 00:17:00 DEBUG pydub.converter [req=9c4c4dcc3b0feb69-ORD] subprocess output: b'  libswscale      7.  5.100 /  7.  5.100'
2026-01-28 00:17:00 DEBUG pydub.converter [req=9c4c4dcc3b0feb69-ORD] subprocess output: b'  libswresample   4. 12.100 /  4. 12.100'
2026-01-28 00:17:00 DEBUG pydub.converter [req=9c4c4dcc3b0feb69-ORD] subprocess output: b'  libpostproc    57.  3.100 / 57.  3.100'
2026-01-28 00:17:00 DEBUG pydub.converter [req=9c4c4dcc3b0feb69-ORD] subprocess output: b'[aist#0:0/pcm_s16le @ 0x64ab614d8f00] Guessed Channel Layout: mono'
2026-01-28 00:17:00 DEBUG pydub.converter [req=9c4c4dcc3b0feb69-ORD] subprocess output: b"Input #0, wav, from '/tmp/tmph25bhmji':"
2026-01-28 00:17:00 DEBUG pydub.converter [req=9c4c4dcc3b0feb69-ORD] subprocess output: b'  Duration: 00:00:16.55, bitrate: 384 kb/s'
2026-01-28 00:17:00 DEBUG pydub.converter [req=9c4c4dcc3b0feb69-ORD] subprocess output: b'  Stream #0:0: Audio: pcm_s16le ([1][0][0][0] / 0x0001), 24000 Hz, 1 channels, s16, 384 kb/s'
2026-01-28 00:17:00 DEBUG pydub.converter [req=9c4c4dcc3b0feb69-ORD] subprocess output: b'Stream mapping:'
2026-01-28 00:17:00 DEBUG pydub.converter [req=9c4c4dcc3b0feb69-ORD] subprocess output: b'  Stream #0:0 -> #0:0 (pcm_s16le (native) -> mp3 (libmp3lame))'
2026-01-28 00:17:00 DEBUG pydub.converter [req=9c4c4dcc3b0feb69-ORD] subprocess output: b'Press [q] to stop, [?] for help'
2026-01-28 00:17:00 DEBUG pydub.converter [req=9c4c4dcc3b0feb69-ORD] subprocess output: b"Output #0, mp3, to '/tmp/tmpis8otdkn':"
2026-01-28 00:17:00 DEBUG pydub.converter [req=9c4c4dcc3b0feb69-ORD] subprocess output: b'  Metadata:'
2026-01-28 00:17:00 DEBUG pydub.converter [req=9c4c4dcc3b0feb69-ORD] subprocess output: b'    TSSE            : Lavf60.16.100'
2026-01-28 00:17:00 DEBUG pydub.converter [req=9c4c4dcc3b0feb69-ORD] subprocess output: b'  Stream #0:0: Audio: mp3, 24000 Hz, mono, s16p'
2026-01-28 00:17:00 DEBUG pydub.converter [req=9c4c4dcc3b0feb69-ORD] subprocess output: b'    Metadata:'
2026-01-28 00:17:00 DEBUG pydub.converter [req=9c4c4dcc3b0feb69-ORD] subprocess output: b'      encoder         : Lavc60.31.102 libmp3lame'
2026-01-28 00:17:00 DEBUG pydub.converter [req=9c4c4dcc3b0feb69-ORD] subprocess output: b'size=       0kB time=-00:00:00.04 bitrate=  -0.0kbits/s speed=N/A'
2026-01-28 00:17:00 DEBUG pydub.converter [req=9c4c4dcc3b0feb69-ORD] subprocess output: b'[out#0/mp3 @ 0x64ab614afa40] video:0kB audio:65kB subtitle:0kB other streams:0kB global headers:0kB muxing overhead: 0.356756%'
2026-01-28 00:17:00 DEBUG pydub.converter [req=9c4c4dcc3b0feb69-ORD] subprocess output: b'size=      65kB time=00:00:16.53 bitrate=  32.3kbits/s speed= 268x'
2026-01-28 00:17:00 INFO app [req=9c4c4dcc3b0feb69-ORD] POST /new-toefl/api/speaking/generate -> 200 (4451ms)
2026-01-28 00:17:00 INFO werkzeug [req=-] 127.0.0.1 - - [28/Jan/2026 00:17:00] "POST /new-toefl/api/speaking/generate HTTP/1.1" 200 -
2026-01-28 00:17:02 INFO app [req=9c4c4df4b996eb69-ORD] GET /new-toefl/speaking/task/102 -> 200 (17ms)
2026-01-28 00:17:02 INFO werkzeug [req=-] 127.0.0.1 - - [28/Jan/2026 00:17:02] "GET /new-toefl/speaking/task/102 HTTP/1.1" 200 -
2026-01-28 00:17:02 INFO app [req=9c4c4df589b3eb69-ORD] GET /static/js/unfamiliar_words.js -> 304 (0ms)
2026-01-28 00:17:02 INFO werkzeug [req=-] 127.0.0.1 - - [28/Jan/2026 00:17:02] "[36mGET /static/js/unfamiliar_words.js HTTP/1.1[0m" 304 -
2026-01-28 00:17:02 INFO app [req=9c4c4df559a4eb69-ORD] GET /static/listening_audio/new_toefl_repeat_1769559417597.mp3 -> 200 (0ms)
2026-01-28 00:17:02 INFO werkzeug [req=-] 127.0.0.1 - - [28/Jan/2026 00:17:02] "GET /static/listening_audio/new_toefl_repeat_1769559417597.mp3 HTTP/1.1" 200 -
2026-01-28 00:17:03 INFO app [req=9c4c4dfdcabfeb69-ORD] GET /favicon.ico -> 404 (0ms)
2026-01-28 00:17:03 INFO werkzeug [req=-] 127.0.0.1 - - [28/Jan/2026 00:17:03] "[33mGET /favicon.ico HTTP/1.1[0m" 404 -
2026-01-28 00:18:00 INFO app [req=9c4c4f5e0d575515-NRT] GET /.well-known/passkey-endpoints -> 404 (0ms)
2026-01-28 00:18:00 INFO werkzeug [req=-] 127.0.0.1 - - [28/Jan/2026 00:18:00] "[33mGET /.well-known/passkey-endpoints HTTP/1.1[0m" 404 -
2026-01-28 00:19:27 INFO app [req=9c4c5182fad2eb5c-ORD] GET /dashboard -> 200 (3ms)
2026-01-28 00:19:27 INFO werkzeug [req=-] 127.0.0.1 - - [28/Jan/2026 00:19:27] "GET /dashboard HTTP/1.1" 200 -
2026-01-28 00:19:28 INFO app [req=9c4c5183eadfeb5c-ORD] GET /static/js/unfamiliar_words.js -> 304 (0ms)
2026-01-28 00:19:28 INFO werkzeug [req=-] 127.0.0.1 - - [28/Jan/2026 00:19:28] "[36mGET /static/js/unfamiliar_words.js HTTP/1.1[0m" 304 -
2026-01-28 00:19:28 INFO app [req=9c4c5189ab45eb5c-ORD] GET /new-toefl/speaking-mock -> 200 (3ms)
2026-01-28 00:19:28 INFO werkzeug [req=-] 127.0.0.1 - - [28/Jan/2026 00:19:28] "GET /new-toefl/speaking-mock HTTP/1.1" 200 -
2026-01-28 00:19:29 INFO app [req=9c4c518a2b55eb5c-ORD] GET /static/js/unfamiliar_words.js -> 304 (0ms)
2026-01-28 00:19:29 INFO werkzeug [req=-] 127.0.0.1 - - [28/Jan/2026 00:19:29] "[36mGET /static/js/unfamiliar_words.js HTTP/1.1[0m" 304 -
2026-01-28 00:19:29 INFO app [req=9c4c518a8b5deb5c-ORD] GET /new-toefl/api/speaking/interview-sets -> 200 (1ms)
2026-01-28 00:19:29 INFO werkzeug [req=-] 127.0.0.1 - - [28/Jan/2026 00:19:29] "GET /new-toefl/api/speaking/interview-sets HTTP/1.1" 200 -
2026-01-28 00:19:48 DEBUG pydub.converter [req=9c4c51f62f20eb5c-ORD] subprocess.call(['ffmpeg', '-y', '-f', 'wav', '-i', '/tmp/tmppnddfiyc', '-f', 'mp3', '/tmp/tmpyi2iep01'])
2026-01-28 00:19:48 DEBUG pydub.converter [req=9c4c51f62f20eb5c-ORD] subprocess output: b'ffmpeg version 6.1.1-3ubuntu5 Copyright (c) 2000-2023 the FFmpeg developers'
2026-01-28 00:19:48 DEBUG pydub.converter [req=9c4c51f62f20eb5c-ORD] subprocess output: b'  built with gcc 13 (Ubuntu 13.2.0-23ubuntu3)'
2026-01-28 00:19:48 DEBUG pydub.converter [req=9c4c51f62f20eb5c-ORD] subprocess output: b'  configuration: --prefix=/usr --extra-version=3ubuntu5 --toolchain=hardened --libdir=/usr/lib/x86_64-linux-gnu --incdir=/usr/include/x86_64-linux-gnu --arch=amd64 --enable-gpl --disable-stripping --disable-omx --enable-gnutls --enable-libaom --enable-libass --enable-libbs2b --enable-libcaca --enable-libcdio --enable-libcodec2 --enable-libdav1d --enable-libflite --enable-libfontconfig --enable-libfreetype --enable-libfribidi --enable-libglslang --enable-libgme --enable-libgsm --enable-libharfbuzz --enable-libmp3lame --enable-libmysofa --enable-libopenjpeg --enable-libopenmpt --enable-libopus --enable-librubberband --enable-libshine --enable-libsnappy --enable-libsoxr --enable-libspeex --enable-libtheora --enable-libtwolame --enable-libvidstab --enable-libvorbis --enable-libvpx --enable-libwebp --enable-libx265 --enable-libxml2 --enable-libxvid --enable-libzimg --enable-openal --enable-opencl --enable-opengl --disable-sndio --enable-libvpl --disable-libmfx --enable-libdc1394 --enable-libdrm --enable-libiec61883 --enable-chromaprint --enable-frei0r --enable-ladspa --enable-libbluray --enable-libjack --enable-libpulse --enable-librabbitmq --enable-librist --enable-libsrt --enable-libssh --enable-libsvtav1 --enable-libx264 --enable-libzmq --enable-libzvbi --enable-lv2 --enable-sdl2 --enable-libplacebo --enable-librav1e --enable-pocketsphinx --enable-librsvg --enable-libjxl --enable-shared'
2026-01-28 00:19:48 DEBUG pydub.converter [req=9c4c51f62f20eb5c-ORD] subprocess output: b'  libavutil      58. 29.100 / 58. 29.100'
2026-01-28 00:19:48 DEBUG pydub.converter [req=9c4c51f62f20eb5c-ORD] subprocess output: b'  libavcodec     60. 31.102 / 60. 31.102'
2026-01-28 00:19:48 DEBUG pydub.converter [req=9c4c51f62f20eb5c-ORD] subprocess output: b'  libavformat    60. 16.100 / 60. 16.100'
2026-01-28 00:19:48 DEBUG pydub.converter [req=9c4c51f62f20eb5c-ORD] subprocess output: b'  libavdevice    60.  3.100 / 60.  3.100'
2026-01-28 00:19:48 DEBUG pydub.converter [req=9c4c51f62f20eb5c-ORD] subprocess output: b'  libavfilter     9. 12.100 /  9. 12.100'
2026-01-28 00:19:48 DEBUG pydub.converter [req=9c4c51f62f20eb5c-ORD] subprocess output: b'  libswscale      7.  5.100 /  7.  5.100'
2026-01-28 00:19:48 DEBUG pydub.converter [req=9c4c51f62f20eb5c-ORD] subprocess output: b'  libswresample   4. 12.100 /  4. 12.100'
2026-01-28 00:19:48 DEBUG pydub.converter [req=9c4c51f62f20eb5c-ORD] subprocess output: b'  libpostproc    57.  3.100 / 57.  3.100'
2026-01-28 00:19:48 DEBUG pydub.converter [req=9c4c51f62f20eb5c-ORD] subprocess output: b'[aist#0:0/pcm_s16le @ 0x5bcab1a2af00] Guessed Channel Layout: mono'
2026-01-28 00:19:48 DEBUG pydub.converter [req=9c4c51f62f20eb5c-ORD] subprocess output: b"Input #0, wav, from '/tmp/tmppnddfiyc':"
2026-01-28 00:19:48 DEBUG pydub.converter [req=9c4c51f62f20eb5c-ORD] subprocess output: b'  Duration: 00:00:07.35, bitrate: 384 kb/s'
2026-01-28 00:19:48 DEBUG pydub.converter [req=9c4c51f62f20eb5c-ORD] subprocess output: b'  Stream #0:0: Audio: pcm_s16le ([1][0][0][0] / 0x0001), 24000 Hz, 1 channels, s16, 384 kb/s'
2026-01-28 00:19:48 DEBUG pydub.converter [req=9c4c51f62f20eb5c-ORD] subprocess output: b'Stream mapping:'
2026-01-28 00:19:48 DEBUG pydub.converter [req=9c4c51f62f20eb5c-ORD] subprocess output: b'  Stream #0:0 -> #0:0 (pcm_s16le (native) -> mp3 (libmp3lame))'
2026-01-28 00:19:48 DEBUG pydub.converter [req=9c4c51f62f20eb5c-ORD] subprocess output: b'Press [q] to stop, [?] for help'
2026-01-28 00:19:48 DEBUG pydub.converter [req=9c4c51f62f20eb5c-ORD] subprocess output: b"Output #0, mp3, to '/tmp/tmpyi2iep01':"
2026-01-28 00:19:48 DEBUG pydub.converter [req=9c4c51f62f20eb5c-ORD] subprocess output: b'  Metadata:'
2026-01-28 00:19:48 DEBUG pydub.converter [req=9c4c51f62f20eb5c-ORD] subprocess output: b'    TSSE            : Lavf60.16.100'
2026-01-28 00:19:48 DEBUG pydub.converter [req=9c4c51f62f20eb5c-ORD] subprocess output: b'  Stream #0:0: Audio: mp3, 24000 Hz, mono, s16p'
2026-01-28 00:19:48 DEBUG pydub.converter [req=9c4c51f62f20eb5c-ORD] subprocess output: b'    Metadata:'
2026-01-28 00:19:48 DEBUG pydub.converter [req=9c4c51f62f20eb5c-ORD] subprocess output: b'      encoder         : Lavc60.31.102 libmp3lame'
2026-01-28 00:19:48 DEBUG pydub.converter [req=9c4c51f62f20eb5c-ORD] subprocess output: b'size=       0kB time=-00:00:00.04 bitrate=  -0.0kbits/s speed=N/A'
2026-01-28 00:19:48 DEBUG pydub.converter [req=9c4c51f62f20eb5c-ORD] subprocess output: b'[out#0/mp3 @ 0x5bcab1a01a40] video:0kB audio:29kB subtitle:0kB other streams:0kB global headers:0kB muxing overhead: 0.798948%'
2026-01-28 00:19:48 DEBUG pydub.converter [req=9c4c51f62f20eb5c-ORD] subprocess output: b'size=      29kB time=00:00:07.34 bitrate=  32.6kbits/s speed= 249x'
2026-01-28 00:19:48 DEBUG pydub.converter [req=9c4c51f62f20eb5c-ORD] subprocess.call(['ffmpeg', '-y', '-f', 'wav', '-i', '/tmp/tmpqpfjassb', '-f', 'mp3', '/tmp/tmpeld9y943'])
2026-01-28 00:19:48 DEBUG pydub.converter [req=9c4c51f62f20eb5c-ORD] subprocess output: b'ffmpeg version 6.1.1-3ubuntu5 Copyright (c) 2000-2023 the FFmpeg developers'
2026-01-28 00:19:48 DEBUG pydub.converter [req=9c4c51f62f20eb5c-ORD] subprocess output: b'  built with gcc 13 (Ubuntu 13.2.0-23ubuntu3)'
2026-01-28 00:19:48 DEBUG pydub.converter [req=9c4c51f62f20eb5c-ORD] subprocess output: b'  configuration: --prefix=/usr --extra-version=3ubuntu5 --toolchain=hardened --libdir=/usr/lib/x86_64-linux-gnu --incdir=/usr/include/x86_64-linux-gnu --arch=amd64 --enable-gpl --disable-stripping --disable-omx --enable-gnutls --enable-libaom --enable-libass --enable-libbs2b --enable-libcaca --enable-libcdio --enable-libcodec2 --enable-libdav1d --enable-libflite --enable-libfontconfig --enable-libfreetype --enable-libfribidi --enable-libglslang --enable-libgme --enable-libgsm --enable-libharfbuzz --enable-libmp3lame --enable-libmysofa --enable-libopenjpeg --enable-libopenmpt --enable-libopus --enable-librubberband --enable-libshine --enable-libsnappy --enable-libsoxr --enable-libspeex --enable-libtheora --enable-libtwolame --enable-libvidstab --enable-libvorbis --enable-libvpx --enable-libwebp --enable-libx265 --enable-libxml2 --enable-libxvid --enable-libzimg --enable-openal --enable-opencl --enable-opengl --disable-sndio --enable-libvpl --disable-libmfx --enable-libdc1394 --enable-libdrm --enable-libiec61883 --enable-chromaprint --enable-frei0r --enable-ladspa --enable-libbluray --enable-libjack --enable-libpulse --enable-librabbitmq --enable-librist --enable-libsrt --enable-libssh --enable-libsvtav1 --enable-libx264 --enable-libzmq --enable-libzvbi --enable-lv2 --enable-sdl2 --enable-libplacebo --enable-librav1e --enable-pocketsphinx --enable-librsvg --enable-libjxl --enable-shared'
2026-01-28 00:19:48 DEBUG pydub.converter [req=9c4c51f62f20eb5c-ORD] subprocess output: b'  libavutil      58. 29.100 / 58. 29.100'
2026-01-28 00:19:48 DEBUG pydub.converter [req=9c4c51f62f20eb5c-ORD] subprocess output: b'  libavcodec     60. 31.102 / 60. 31.102'
2026-01-28 00:19:48 DEBUG pydub.converter [req=9c4c51f62f20eb5c-ORD] subprocess output: b'  libavformat    60. 16.100 / 60. 16.100'
2026-01-28 00:19:48 DEBUG pydub.converter [req=9c4c51f62f20eb5c-ORD] subprocess output: b'  libavdevice    60.  3.100 / 60.  3.100'
2026-01-28 00:19:48 DEBUG pydub.converter [req=9c4c51f62f20eb5c-ORD] subprocess output: b'  libavfilter     9. 12.100 /  9. 12.100'
2026-01-28 00:19:48 DEBUG pydub.converter [req=9c4c51f62f20eb5c-ORD] subprocess output: b'  libswscale      7.  5.100 /  7.  5.100'
2026-01-28 00:19:48 DEBUG pydub.converter [req=9c4c51f62f20eb5c-ORD] subprocess output: b'  libswresample   4. 12.100 /  4. 12.100'
2026-01-28 00:19:48 DEBUG pydub.converter [req=9c4c51f62f20eb5c-ORD] subprocess output: b'  libpostproc    57.  3.100 / 57.  3.100'
2026-01-28 00:19:48 DEBUG pydub.converter [req=9c4c51f62f20eb5c-ORD] subprocess output: b'[aist#0:0/pcm_s16le @ 0x56f586c91f00] Guessed Channel Layout: mono'
2026-01-28 00:19:48 DEBUG pydub.converter [req=9c4c51f62f20eb5c-ORD] subprocess output: b"Input #0, wav, from '/tmp/tmpqpfjassb':"
2026-01-28 00:19:48 DEBUG pydub.converter [req=9c4c51f62f20eb5c-ORD] subprocess output: b'  Duration: 00:00:06.68, bitrate: 384 kb/s'
2026-01-28 00:19:48 DEBUG pydub.converter [req=9c4c51f62f20eb5c-ORD] subprocess output: b'  Stream #0:0: Audio: pcm_s16le ([1][0][0][0] / 0x0001), 24000 Hz, 1 channels, s16, 384 kb/s'
2026-01-28 00:19:48 DEBUG pydub.converter [req=9c4c51f62f20eb5c-ORD] subprocess output: b'Stream mapping:'
2026-01-28 00:19:48 DEBUG pydub.converter [req=9c4c51f62f20eb5c-ORD] subprocess output: b'  Stream #0:0 -> #0:0 (pcm_s16le (native) -> mp3 (libmp3lame))'
2026-01-28 00:19:48 DEBUG pydub.converter [req=9c4c51f62f20eb5c-ORD] subprocess output: b'Press [q] to stop, [?] for help'
2026-01-28 00:19:48 DEBUG pydub.converter [req=9c4c51f62f20eb5c-ORD] subprocess output: b"Output #0, mp3, to '/tmp/tmpeld9y943':"
2026-01-28 00:19:48 DEBUG pydub.converter [req=9c4c51f62f20eb5c-ORD] subprocess output: b'  Metadata:'
2026-01-28 00:19:48 DEBUG pydub.converter [req=9c4c51f62f20eb5c-ORD] subprocess output: b'    TSSE            : Lavf60.16.100'
2026-01-28 00:19:48 DEBUG pydub.converter [req=9c4c51f62f20eb5c-ORD] subprocess output: b'  Stream #0:0: Audio: mp3, 24000 Hz, mono, s16p'
2026-01-28 00:19:48 DEBUG pydub.converter [req=9c4c51f62f20eb5c-ORD] subprocess output: b'    Metadata:'
2026-01-28 00:19:48 DEBUG pydub.converter [req=9c4c51f62f20eb5c-ORD] subprocess output: b'      encoder         : Lavc60.31.102 libmp3lame'
2026-01-28 00:19:48 DEBUG pydub.converter [req=9c4c51f62f20eb5c-ORD] subprocess output: b'size=       0kB time=-00:00:00.04 bitrate=  -0.0kbits/s speed=N/A'
2026-01-28 00:19:48 DEBUG pydub.converter [req=9c4c51f62f20eb5c-ORD] subprocess output: b'[out#0/mp3 @ 0x56f586c68a40] video:0kB audio:26kB subtitle:0kB other streams:0kB global headers:0kB muxing overhead: 0.878559%'
2026-01-28 00:19:48 DEBUG pydub.converter [req=9c4c51f62f20eb5c-ORD] subprocess output: b'size=      27kB time=00:00:06.67 bitrate=  32.6kbits/s speed= 242x'
2026-01-28 00:19:48 DEBUG pydub.converter [req=9c4c51f62f20eb5c-ORD] subprocess.call(['ffmpeg', '-y', '-f', 'wav', '-i', '/tmp/tmpz3o_to7n', '-f', 'mp3', '/tmp/tmpwjp0dd13'])
2026-01-28 00:19:48 DEBUG pydub.converter [req=9c4c51f62f20eb5c-ORD] subprocess output: b'ffmpeg version 6.1.1-3ubuntu5 Copyright (c) 2000-2023 the FFmpeg developers'
2026-01-28 00:19:48 DEBUG pydub.converter [req=9c4c51f62f20eb5c-ORD] subprocess output: b'  built with gcc 13 (Ubuntu 13.2.0-23ubuntu3)'
2026-01-28 00:19:48 DEBUG pydub.converter [req=9c4c51f62f20eb5c-ORD] subprocess output: b'  configuration: --prefix=/usr --extra-version=3ubuntu5 --toolchain=hardened --libdir=/usr/lib/x86_64-linux-gnu --incdir=/usr/include/x86_64-linux-gnu --arch=amd64 --enable-gpl --disable-stripping --disable-omx --enable-gnutls --enable-libaom --enable-libass --enable-libbs2b --enable-libcaca --enable-libcdio --enable-libcodec2 --enable-libdav1d --enable-libflite --enable-libfontconfig --enable-libfreetype --enable-libfribidi --enable-libglslang --enable-libgme --enable-libgsm --enable-libharfbuzz --enable-libmp3lame --enable-libmysofa --enable-libopenjpeg --enable-libopenmpt --enable-libopus --enable-librubberband --enable-libshine --enable-libsnappy --enable-libsoxr --enable-libspeex --enable-libtheora --enable-libtwolame --enable-libvidstab --enable-libvorbis --enable-libvpx --enable-libwebp --enable-libx265 --enable-libxml2 --enable-libxvid --enable-libzimg --enable-openal --enable-opencl --enable-opengl --disable-sndio --enable-libvpl --disable-libmfx --enable-libdc1394 --enable-libdrm --enable-libiec61883 --enable-chromaprint --enable-frei0r --enable-ladspa --enable-libbluray --enable-libjack --enable-libpulse --enable-librabbitmq --enable-librist --enable-libsrt --enable-libssh --enable-libsvtav1 --enable-libx264 --enable-libzmq --enable-libzvbi --enable-lv2 --enable-sdl2 --enable-libplacebo --enable-librav1e --enable-pocketsphinx --enable-librsvg --enable-libjxl --enable-shared'
2026-01-28 00:19:48 DEBUG pydub.converter [req=9c4c51f62f20eb5c-ORD] subprocess output: b'  libavutil      58. 29.100 / 58. 29.100'
2026-01-28 00:19:48 DEBUG pydub.converter [req=9c4c51f62f20eb5c-ORD] subprocess output: b'  libavcodec     60. 31.102 / 60. 31.102'
2026-01-28 00:19:48 DEBUG pydub.converter [req=9c4c51f62f20eb5c-ORD] subprocess output: b'  libavformat    60. 16.100 / 60. 16.100'
2026-01-28 00:19:48 DEBUG pydub.converter [req=9c4c51f62f20eb5c-ORD] subprocess output: b'  libavdevice    60.  3.100 / 60.  3.100'
2026-01-28 00:19:48 DEBUG pydub.converter [req=9c4c51f62f20eb5c-ORD] subprocess output: b'  libavfilter     9. 12.100 /  9. 12.100'
2026-01-28 00:19:48 DEBUG pydub.converter [req=9c4c51f62f20eb5c-ORD] subprocess output: b'  libswscale      7.  5.100 /  7.  5.100'
2026-01-28 00:19:48 DEBUG pydub.converter [req=9c4c51f62f20eb5c-ORD] subprocess output: b'  libswresample   4. 12.100 /  4. 12.100'
2026-01-28 00:19:48 DEBUG pydub.converter [req=9c4c51f62f20eb5c-ORD] subprocess output: b'  libpostproc    57.  3.100 / 57.  3.100'
2026-01-28 00:19:48 DEBUG pydub.converter [req=9c4c51f62f20eb5c-ORD] subprocess output: b'[aist#0:0/pcm_s16le @ 0x5d34c9dd8f00] Guessed Channel Layout: mono'
2026-01-28 00:19:48 DEBUG pydub.converter [req=9c4c51f62f20eb5c-ORD] subprocess output: b"Input #0, wav, from '/tmp/tmpz3o_to7n':"
2026-01-28 00:19:48 DEBUG pydub.converter [req=9c4c51f62f20eb5c-ORD] subprocess output: b'  Duration: 00:00:08.78, bitrate: 384 kb/s'
2026-01-28 00:19:48 DEBUG pydub.converter [req=9c4c51f62f20eb5c-ORD] subprocess output: b'  Stream #0:0: Audio: pcm_s16le ([1][0][0][0] / 0x0001), 24000 Hz, 1 channels, s16, 384 kb/s'
2026-01-28 00:19:48 DEBUG pydub.converter [req=9c4c51f62f20eb5c-ORD] subprocess output: b'Stream mapping:'
2026-01-28 00:19:48 DEBUG pydub.converter [req=9c4c51f62f20eb5c-ORD] subprocess output: b'  Stream #0:0 -> #0:0 (pcm_s16le (native) -> mp3 (libmp3lame))'
2026-01-28 00:19:48 DEBUG pydub.converter [req=9c4c51f62f20eb5c-ORD] subprocess output: b'Press [q] to stop, [?] for help'
2026-01-28 00:19:48 DEBUG pydub.converter [req=9c4c51f62f20eb5c-ORD] subprocess output: b"Output #0, mp3, to '/tmp/tmpwjp0dd13':"
2026-01-28 00:19:48 DEBUG pydub.converter [req=9c4c51f62f20eb5c-ORD] subprocess output: b'  Metadata:'
2026-01-28 00:19:48 DEBUG pydub.converter [req=9c4c51f62f20eb5c-ORD] subprocess output: b'    TSSE            : Lavf60.16.100'
2026-01-28 00:19:48 DEBUG pydub.converter [req=9c4c51f62f20eb5c-ORD] subprocess output: b'  Stream #0:0: Audio: mp3, 24000 Hz, mono, s16p'
2026-01-28 00:19:48 DEBUG pydub.converter [req=9c4c51f62f20eb5c-ORD] subprocess output: b'    Metadata:'
2026-01-28 00:19:48 DEBUG pydub.converter [req=9c4c51f62f20eb5c-ORD] subprocess output: b'      encoder         : Lavc60.31.102 libmp3lame'
2026-01-28 00:19:48 DEBUG pydub.converter [req=9c4c51f62f20eb5c-ORD] subprocess output: b'size=       0kB time=-00:00:00.04 bitrate=  -0.0kbits/s speed=N/A'
2026-01-28 00:19:48 DEBUG pydub.converter [req=9c4c51f62f20eb5c-ORD] subprocess output: b'[out#0/mp3 @ 0x5d34c9dafa40] video:0kB audio:34kB subtitle:0kB other streams:0kB global headers:0kB muxing overhead: 0.670856%'
2026-01-28 00:19:48 DEBUG pydub.converter [req=9c4c51f62f20eb5c-ORD] subprocess output: b'size=      35kB time=00:00:08.76 bitrate=  32.5kbits/s speed= 256x'
2026-01-28 00:19:49 DEBUG pydub.converter [req=9c4c51f62f20eb5c-ORD] subprocess.call(['ffmpeg', '-y', '-f', 'wav', '-i', '/tmp/tmppzeup9xi', '-f', 'mp3', '/tmp/tmpi4pmlqo6'])
2026-01-28 00:19:49 DEBUG pydub.converter [req=9c4c51f62f20eb5c-ORD] subprocess output: b'ffmpeg version 6.1.1-3ubuntu5 Copyright (c) 2000-2023 the FFmpeg developers'
2026-01-28 00:19:49 DEBUG pydub.converter [req=9c4c51f62f20eb5c-ORD] subprocess output: b'  built with gcc 13 (Ubuntu 13.2.0-23ubuntu3)'
2026-01-28 00:19:49 DEBUG pydub.converter [req=9c4c51f62f20eb5c-ORD] subprocess output: b'  configuration: --prefix=/usr --extra-version=3ubuntu5 --toolchain=hardened --libdir=/usr/lib/x86_64-linux-gnu --incdir=/usr/include/x86_64-linux-gnu --arch=amd64 --enable-gpl --disable-stripping --disable-omx --enable-gnutls --enable-libaom --enable-libass --enable-libbs2b --enable-libcaca --enable-libcdio --enable-libcodec2 --enable-libdav1d --enable-libflite --enable-libfontconfig --enable-libfreetype --enable-libfribidi --enable-libglslang --enable-libgme --enable-libgsm --enable-libharfbuzz --enable-libmp3lame --enable-libmysofa --enable-libopenjpeg --enable-libopenmpt --enable-libopus --enable-librubberband --enable-libshine --enable-libsnappy --enable-libsoxr --enable-libspeex --enable-libtheora --enable-libtwolame --enable-libvidstab --enable-libvorbis --enable-libvpx --enable-libwebp --enable-libx265 --enable-libxml2 --enable-libxvid --enable-libzimg --enable-openal --enable-opencl --enable-opengl --disable-sndio --enable-libvpl --disable-libmfx --enable-libdc1394 --enable-libdrm --enable-libiec61883 --enable-chromaprint --enable-frei0r --enable-ladspa --enable-libbluray --enable-libjack --enable-libpulse --enable-librabbitmq --enable-librist --enable-libsrt --enable-libssh --enable-libsvtav1 --enable-libx264 --enable-libzmq --enable-libzvbi --enable-lv2 --enable-sdl2 --enable-libplacebo --enable-librav1e --enable-pocketsphinx --enable-librsvg --enable-libjxl --enable-shared'
2026-01-28 00:19:49 DEBUG pydub.converter [req=9c4c51f62f20eb5c-ORD] subprocess output: b'  libavutil      58. 29.100 / 58. 29.100'
2026-01-28 00:19:49 DEBUG pydub.converter [req=9c4c51f62f20eb5c-ORD] subprocess output: b'  libavcodec     60. 31.102 / 60. 31.102'
2026-01-28 00:19:49 DEBUG pydub.converter [req=9c4c51f62f20eb5c-ORD] subprocess output: b'  libavformat    60. 16.100 / 60. 16.100'
2026-01-28 00:19:49 DEBUG pydub.converter [req=9c4c51f62f20eb5c-ORD] subprocess output: b'  libavdevice    60.  3.100 / 60.  3.100'
2026-01-28 00:19:49 DEBUG pydub.converter [req=9c4c51f62f20eb5c-ORD] subprocess output: b'  libavfilter     9. 12.100 /  9. 12.100'
2026-01-28 00:19:49 DEBUG pydub.converter [req=9c4c51f62f20eb5c-ORD] subprocess output: b'  libswscale      7.  5.100 /  7.  5.100'
2026-01-28 00:19:49 DEBUG pydub.converter [req=9c4c51f62f20eb5c-ORD] subprocess output: b'  libswresample   4. 12.100 /  4. 12.100'
2026-01-28 00:19:49 DEBUG pydub.converter [req=9c4c51f62f20eb5c-ORD] subprocess output: b'  libpostproc    57.  3.100 / 57.  3.100'
2026-01-28 00:19:49 DEBUG pydub.converter [req=9c4c51f62f20eb5c-ORD] subprocess output: b'[aist#0:0/pcm_s16le @ 0x5eedbd229f00] Guessed Channel Layout: mono'
2026-01-28 00:19:49 DEBUG pydub.converter [req=9c4c51f62f20eb5c-ORD] subprocess output: b"Input #0, wav, from '/tmp/tmppzeup9xi':"
2026-01-28 00:19:49 DEBUG pydub.converter [req=9c4c51f62f20eb5c-ORD] subprocess output: b'  Duration: 00:00:07.15, bitrate: 384 kb/s'
2026-01-28 00:19:49 DEBUG pydub.converter [req=9c4c51f62f20eb5c-ORD] subprocess output: b'  Stream #0:0: Audio: pcm_s16le ([1][0][0][0] / 0x0001), 24000 Hz, 1 channels, s16, 384 kb/s'
2026-01-28 00:19:49 DEBUG pydub.converter [req=9c4c51f62f20eb5c-ORD] subprocess output: b'Stream mapping:'
2026-01-28 00:19:49 DEBUG pydub.converter [req=9c4c51f62f20eb5c-ORD] subprocess output: b'  Stream #0:0 -> #0:0 (pcm_s16le (native) -> mp3 (libmp3lame))'
2026-01-28 00:19:49 DEBUG pydub.converter [req=9c4c51f62f20eb5c-ORD] subprocess output: b'Press [q] to stop, [?] for help'
2026-01-28 00:19:49 DEBUG pydub.converter [req=9c4c51f62f20eb5c-ORD] subprocess output: b"Output #0, mp3, to '/tmp/tmpi4pmlqo6':"
2026-01-28 00:19:49 DEBUG pydub.converter [req=9c4c51f62f20eb5c-ORD] subprocess output: b'  Metadata:'
2026-01-28 00:19:49 DEBUG pydub.converter [req=9c4c51f62f20eb5c-ORD] subprocess output: b'    TSSE            : Lavf60.16.100'
2026-01-28 00:19:49 DEBUG pydub.converter [req=9c4c51f62f20eb5c-ORD] subprocess output: b'  Stream #0:0: Audio: mp3, 24000 Hz, mono, s16p'
2026-01-28 00:19:49 DEBUG pydub.converter [req=9c4c51f62f20eb5c-ORD] subprocess output: b'    Metadata:'
2026-01-28 00:19:49 DEBUG pydub.converter [req=9c4c51f62f20eb5c-ORD] subprocess output: b'      encoder         : Lavc60.31.102 libmp3lame'
2026-01-28 00:19:49 DEBUG pydub.converter [req=9c4c51f62f20eb5c-ORD] subprocess output: b'size=       0kB time=-00:00:00.04 bitrate=  -0.0kbits/s speed=N/A'
2026-01-28 00:19:49 DEBUG pydub.converter [req=9c4c51f62f20eb5c-ORD] subprocess output: b'[out#0/mp3 @ 0x5eedbd200a40] video:0kB audio:28kB subtitle:0kB other streams:0kB global headers:0kB muxing overhead: 0.822917%'
2026-01-28 00:19:49 DEBUG pydub.converter [req=9c4c51f62f20eb5c-ORD] subprocess output: b'size=      28kB time=00:00:07.12 bitrate=  32.6kbits/s speed= 244x'
2026-01-28 00:19:49 DEBUG pydub.converter [req=9c4c51f62f20eb5c-ORD] subprocess.call(['ffmpeg', '-y', '-f', 'wav', '-i', '/tmp/tmp55cznrlx', '-f', 'mp3', '/tmp/tmpbgvqh9j7'])
2026-01-28 00:19:49 DEBUG pydub.converter [req=9c4c51f62f20eb5c-ORD] subprocess output: b'ffmpeg version 6.1.1-3ubuntu5 Copyright (c) 2000-2023 the FFmpeg developers'
2026-01-28 00:19:49 DEBUG pydub.converter [req=9c4c51f62f20eb5c-ORD] subprocess output: b'  built with gcc 13 (Ubuntu 13.2.0-23ubuntu3)'
2026-01-28 00:19:49 DEBUG pydub.converter [req=9c4c51f62f20eb5c-ORD] subprocess output: b'  configuration: --prefix=/usr --extra-version=3ubuntu5 --toolchain=hardened --libdir=/usr/lib/x86_64-linux-gnu --incdir=/usr/include/x86_64-linux-gnu --arch=amd64 --enable-gpl --disable-stripping --disable-omx --enable-gnutls --enable-libaom --enable-libass --enable-libbs2b --enable-libcaca --enable-libcdio --enable-libcodec2 --enable-libdav1d --enable-libflite --enable-libfontconfig --enable-libfreetype --enable-libfribidi --enable-libglslang --enable-libgme --enable-libgsm --enable-libharfbuzz --enable-libmp3lame --enable-libmysofa --enable-libopenjpeg --enable-libopenmpt --enable-libopus --enable-librubberband --enable-libshine --enable-libsnappy --enable-libsoxr --enable-libspeex --enable-libtheora --enable-libtwolame --enable-libvidstab --enable-libvorbis --enable-libvpx --enable-libwebp --enable-libx265 --enable-libxml2 --enable-libxvid --enable-libzimg --enable-openal --enable-opencl --enable-opengl --disable-sndio --enable-libvpl --disable-libmfx --enable-libdc1394 --enable-libdrm --enable-libiec61883 --enable-chromaprint --enable-frei0r --enable-ladspa --enable-libbluray --enable-libjack --enable-libpulse --enable-librabbitmq --enable-librist --enable-libsrt --enable-libssh --enable-libsvtav1 --enable-libx264 --enable-libzmq --enable-libzvbi --enable-lv2 --enable-sdl2 --enable-libplacebo --enable-librav1e --enable-pocketsphinx --enable-librsvg --enable-libjxl --enable-shared'
2026-01-28 00:19:49 DEBUG pydub.converter [req=9c4c51f62f20eb5c-ORD] subprocess output: b'  libavutil      58. 29.100 / 58. 29.100'
2026-01-28 00:19:49 DEBUG pydub.converter [req=9c4c51f62f20eb5c-ORD] subprocess output: b'  libavcodec     60. 31.102 / 60. 31.102'
2026-01-28 00:19:49 DEBUG pydub.converter [req=9c4c51f62f20eb5c-ORD] subprocess output: b'  libavformat    60. 16.100 / 60. 16.100'
2026-01-28 00:19:49 DEBUG pydub.converter [req=9c4c51f62f20eb5c-ORD] subprocess output: b'  libavdevice    60.  3.100 / 60.  3.100'
2026-01-28 00:19:49 DEBUG pydub.converter [req=9c4c51f62f20eb5c-ORD] subprocess output: b'  libavfilter     9. 12.100 /  9. 12.100'
2026-01-28 00:19:49 DEBUG pydub.converter [req=9c4c51f62f20eb5c-ORD] subprocess output: b'  libswscale      7.  5.100 /  7.  5.100'
2026-01-28 00:19:49 DEBUG pydub.converter [req=9c4c51f62f20eb5c-ORD] subprocess output: b'  libswresample   4. 12.100 /  4. 12.100'
2026-01-28 00:19:49 DEBUG pydub.converter [req=9c4c51f62f20eb5c-ORD] subprocess output: b'  libpostproc    57.  3.100 / 57.  3.100'
2026-01-28 00:19:49 DEBUG pydub.converter [req=9c4c51f62f20eb5c-ORD] subprocess output: b'[aist#0:0/pcm_s16le @ 0x5a9b403b8f00] Guessed Channel Layout: mono'
2026-01-28 00:19:49 DEBUG pydub.converter [req=9c4c51f62f20eb5c-ORD] subprocess output: b"Input #0, wav, from '/tmp/tmp55cznrlx':"
2026-01-28 00:19:49 DEBUG pydub.converter [req=9c4c51f62f20eb5c-ORD] subprocess output: b'  Duration: 00:00:08.33, bitrate: 384 kb/s'
2026-01-28 00:19:49 DEBUG pydub.converter [req=9c4c51f62f20eb5c-ORD] subprocess output: b'  Stream #0:0: Audio: pcm_s16le ([1][0][0][0] / 0x0001), 24000 Hz, 1 channels, s16, 384 kb/s'
2026-01-28 00:19:49 DEBUG pydub.converter [req=9c4c51f62f20eb5c-ORD] subprocess output: b'Stream mapping:'
2026-01-28 00:19:49 DEBUG pydub.converter [req=9c4c51f62f20eb5c-ORD] subprocess output: b'  Stream #0:0 -> #0:0 (pcm_s16le (native) -> mp3 (libmp3lame))'
2026-01-28 00:19:49 DEBUG pydub.converter [req=9c4c51f62f20eb5c-ORD] subprocess output: b'Press [q] to stop, [?] for help'
2026-01-28 00:19:49 DEBUG pydub.converter [req=9c4c51f62f20eb5c-ORD] subprocess output: b"Output #0, mp3, to '/tmp/tmpbgvqh9j7':"
2026-01-28 00:19:49 DEBUG pydub.converter [req=9c4c51f62f20eb5c-ORD] subprocess output: b'  Metadata:'
2026-01-28 00:19:49 DEBUG pydub.converter [req=9c4c51f62f20eb5c-ORD] subprocess output: b'    TSSE            : Lavf60.16.100'
2026-01-28 00:19:49 DEBUG pydub.converter [req=9c4c51f62f20eb5c-ORD] subprocess output: b'  Stream #0:0: Audio: mp3, 24000 Hz, mono, s16p'
2026-01-28 00:19:49 DEBUG pydub.converter [req=9c4c51f62f20eb5c-ORD] subprocess output: b'    Metadata:'
2026-01-28 00:19:49 DEBUG pydub.converter [req=9c4c51f62f20eb5c-ORD] subprocess output: b'      encoder         : Lavc60.31.102 libmp3lame'
2026-01-28 00:19:49 DEBUG pydub.converter [req=9c4c51f62f20eb5c-ORD] subprocess output: b'size=       0kB time=-00:00:00.04 bitrate=  -0.0kbits/s speed=N/A'
2026-01-28 00:19:49 DEBUG pydub.converter [req=9c4c51f62f20eb5c-ORD] subprocess output: b'[out#0/mp3 @ 0x5a9b4038fa40] video:0kB audio:33kB subtitle:0kB other streams:0kB global headers:0kB muxing overhead: 0.707378%'
2026-01-28 00:19:49 DEBUG pydub.converter [req=9c4c51f62f20eb5c-ORD] subprocess output: b'size=      33kB time=00:00:08.30 bitrate=  32.5kbits/s speed= 245x'
2026-01-28 00:19:49 DEBUG pydub.converter [req=9c4c51f62f20eb5c-ORD] subprocess.call(['ffmpeg', '-y', '-f', 'wav', '-i', '/tmp/tmppxwdio_h', '-f', 'mp3', '/tmp/tmpjevabrq0'])
2026-01-28 00:19:49 DEBUG pydub.converter [req=9c4c51f62f20eb5c-ORD] subprocess output: b'ffmpeg version 6.1.1-3ubuntu5 Copyright (c) 2000-2023 the FFmpeg developers'
2026-01-28 00:19:49 DEBUG pydub.converter [req=9c4c51f62f20eb5c-ORD] subprocess output: b'  built with gcc 13 (Ubuntu 13.2.0-23ubuntu3)'
2026-01-28 00:19:49 DEBUG pydub.converter [req=9c4c51f62f20eb5c-ORD] subprocess output: b'  configuration: --prefix=/usr --extra-version=3ubuntu5 --toolchain=hardened --libdir=/usr/lib/x86_64-linux-gnu --incdir=/usr/include/x86_64-linux-gnu --arch=amd64 --enable-gpl --disable-stripping --disable-omx --enable-gnutls --enable-libaom --enable-libass --enable-libbs2b --enable-libcaca --enable-libcdio --enable-libcodec2 --enable-libdav1d --enable-libflite --enable-libfontconfig --enable-libfreetype --enable-libfribidi --enable-libglslang --enable-libgme --enable-libgsm --enable-libharfbuzz --enable-libmp3lame --enable-libmysofa --enable-libopenjpeg --enable-libopenmpt --enable-libopus --enable-librubberband --enable-libshine --enable-libsnappy --enable-libsoxr --enable-libspeex --enable-libtheora --enable-libtwolame --enable-libvidstab --enable-libvorbis --enable-libvpx --enable-libwebp --enable-libx265 --enable-libxml2 --enable-libxvid --enable-libzimg --enable-openal --enable-opencl --enable-opengl --disable-sndio --enable-libvpl --disable-libmfx --enable-libdc1394 --enable-libdrm --enable-libiec61883 --enable-chromaprint --enable-frei0r --enable-ladspa --enable-libbluray --enable-libjack --enable-libpulse --enable-librabbitmq --enable-librist --enable-libsrt --enable-libssh --enable-libsvtav1 --enable-libx264 --enable-libzmq --enable-libzvbi --enable-lv2 --enable-sdl2 --enable-libplacebo --enable-librav1e --enable-pocketsphinx --enable-librsvg --enable-libjxl --enable-shared'
2026-01-28 00:19:49 DEBUG pydub.converter [req=9c4c51f62f20eb5c-ORD] subprocess output: b'  libavutil      58. 29.100 / 58. 29.100'
2026-01-28 00:19:49 DEBUG pydub.converter [req=9c4c51f62f20eb5c-ORD] subprocess output: b'  libavcodec     60. 31.102 / 60. 31.102'
2026-01-28 00:19:49 DEBUG pydub.converter [req=9c4c51f62f20eb5c-ORD] subprocess output: b'  libavformat    60. 16.100 / 60. 16.100'
2026-01-28 00:19:49 DEBUG pydub.converter [req=9c4c51f62f20eb5c-ORD] subprocess output: b'  libavdevice    60.  3.100 / 60.  3.100'
2026-01-28 00:19:49 DEBUG pydub.converter [req=9c4c51f62f20eb5c-ORD] subprocess output: b'  libavfilter     9. 12.100 /  9. 12.100'
2026-01-28 00:19:49 DEBUG pydub.converter [req=9c4c51f62f20eb5c-ORD] subprocess output: b'  libswscale      7.  5.100 /  7.  5.100'
2026-01-28 00:19:49 DEBUG pydub.converter [req=9c4c51f62f20eb5c-ORD] subprocess output: b'  libswresample   4. 12.100 /  4. 12.100'
2026-01-28 00:19:49 DEBUG pydub.converter [req=9c4c51f62f20eb5c-ORD] subprocess output: b'  libpostproc    57.  3.100 / 57.  3.100'
2026-01-28 00:19:49 DEBUG pydub.converter [req=9c4c51f62f20eb5c-ORD] subprocess output: b'[aist#0:0/pcm_s16le @ 0x5dddd57a9f00] Guessed Channel Layout: mono'
2026-01-28 00:19:49 DEBUG pydub.converter [req=9c4c51f62f20eb5c-ORD] subprocess output: b"Input #0, wav, from '/tmp/tmppxwdio_h':"
2026-01-28 00:19:49 DEBUG pydub.converter [req=9c4c51f62f20eb5c-ORD] subprocess output: b'  Duration: 00:00:06.58, bitrate: 384 kb/s'
2026-01-28 00:19:49 DEBUG pydub.converter [req=9c4c51f62f20eb5c-ORD] subprocess output: b'  Stream #0:0: Audio: pcm_s16le ([1][0][0][0] / 0x0001), 24000 Hz, 1 channels, s16, 384 kb/s'
2026-01-28 00:19:49 DEBUG pydub.converter [req=9c4c51f62f20eb5c-ORD] subprocess output: b'Stream mapping:'
2026-01-28 00:19:49 DEBUG pydub.converter [req=9c4c51f62f20eb5c-ORD] subprocess output: b'  Stream #0:0 -> #0:0 (pcm_s16le (native) -> mp3 (libmp3lame))'
2026-01-28 00:19:49 DEBUG pydub.converter [req=9c4c51f62f20eb5c-ORD] subprocess output: b'Press [q] to stop, [?] for help'
2026-01-28 00:19:49 DEBUG pydub.converter [req=9c4c51f62f20eb5c-ORD] subprocess output: b"Output #0, mp3, to '/tmp/tmpjevabrq0':"
2026-01-28 00:19:49 DEBUG pydub.converter [req=9c4c51f62f20eb5c-ORD] subprocess output: b'  Metadata:'
2026-01-28 00:19:49 DEBUG pydub.converter [req=9c4c51f62f20eb5c-ORD] subprocess output: b'    TSSE            : Lavf60.16.100'
2026-01-28 00:19:49 DEBUG pydub.converter [req=9c4c51f62f20eb5c-ORD] subprocess output: b'  Stream #0:0: Audio: mp3, 24000 Hz, mono, s16p'
2026-01-28 00:19:49 DEBUG pydub.converter [req=9c4c51f62f20eb5c-ORD] subprocess output: b'    Metadata:'
2026-01-28 00:19:49 DEBUG pydub.converter [req=9c4c51f62f20eb5c-ORD] subprocess output: b'      encoder         : Lavc60.31.102 libmp3lame'
2026-01-28 00:19:49 DEBUG pydub.converter [req=9c4c51f62f20eb5c-ORD] subprocess output: b'size=       0kB time=-00:00:00.04 bitrate=  -0.0kbits/s speed=N/A'
2026-01-28 00:19:49 DEBUG pydub.converter [req=9c4c51f62f20eb5c-ORD] subprocess output: b'[out#0/mp3 @ 0x5dddd5780a40] video:0kB audio:26kB subtitle:0kB other streams:0kB global headers:0kB muxing overhead: 0.894475%'
2026-01-28 00:19:49 DEBUG pydub.converter [req=9c4c51f62f20eb5c-ORD] subprocess output: b'size=      26kB time=00:00:06.55 bitrate=  32.6kbits/s speed= 244x'
2026-01-28 00:19:49 DEBUG pydub.converter [req=9c4c51f62f20eb5c-ORD] subprocess.call(['ffmpeg', '-y', '-f', 'wav', '-i', '/tmp/tmpuf6dwu4r', '-f', 'mp3', '/tmp/tmp92x8n8xs'])
2026-01-28 00:19:49 DEBUG pydub.converter [req=9c4c51f62f20eb5c-ORD] subprocess output: b'ffmpeg version 6.1.1-3ubuntu5 Copyright (c) 2000-2023 the FFmpeg developers'
2026-01-28 00:19:49 DEBUG pydub.converter [req=9c4c51f62f20eb5c-ORD] subprocess output: b'  built with gcc 13 (Ubuntu 13.2.0-23ubuntu3)'
2026-01-28 00:19:49 DEBUG pydub.converter [req=9c4c51f62f20eb5c-ORD] subprocess output: b'  configuration: --prefix=/usr --extra-version=3ubuntu5 --toolchain=hardened --libdir=/usr/lib/x86_64-linux-gnu --incdir=/usr/include/x86_64-linux-gnu --arch=amd64 --enable-gpl --disable-stripping --disable-omx --enable-gnutls --enable-libaom --enable-libass --enable-libbs2b --enable-libcaca --enable-libcdio --enable-libcodec2 --enable-libdav1d --enable-libflite --enable-libfontconfig --enable-libfreetype --enable-libfribidi --enable-libglslang --enable-libgme --enable-libgsm --enable-libharfbuzz --enable-libmp3lame --enable-libmysofa --enable-libopenjpeg --enable-libopenmpt --enable-libopus --enable-librubberband --enable-libshine --enable-libsnappy --enable-libsoxr --enable-libspeex --enable-libtheora --enable-libtwolame --enable-libvidstab --enable-libvorbis --enable-libvpx --enable-libwebp --enable-libx265 --enable-libxml2 --enable-libxvid --enable-libzimg --enable-openal --enable-opencl --enable-opengl --disable-sndio --enable-libvpl --disable-libmfx --enable-libdc1394 --enable-libdrm --enable-libiec61883 --enable-chromaprint --enable-frei0r --enable-ladspa --enable-libbluray --enable-libjack --enable-libpulse --enable-librabbitmq --enable-librist --enable-libsrt --enable-libssh --enable-libsvtav1 --enable-libx264 --enable-libzmq --enable-libzvbi --enable-lv2 --enable-sdl2 --enable-libplacebo --enable-librav1e --enable-pocketsphinx --enable-librsvg --enable-libjxl --enable-shared'
2026-01-28 00:19:49 DEBUG pydub.converter [req=9c4c51f62f20eb5c-ORD] subprocess output: b'  libavutil      58. 29.100 / 58. 29.100'
2026-01-28 00:19:49 DEBUG pydub.converter [req=9c4c51f62f20eb5c-ORD] subprocess output: b'  libavcodec     60. 31.102 / 60. 31.102'
2026-01-28 00:19:49 DEBUG pydub.converter [req=9c4c51f62f20eb5c-ORD] subprocess output: b'  libavformat    60. 16.100 / 60. 16.100'
2026-01-28 00:19:49 DEBUG pydub.converter [req=9c4c51f62f20eb5c-ORD] subprocess output: b'  libavdevice    60.  3.100 / 60.  3.100'
2026-01-28 00:19:49 DEBUG pydub.converter [req=9c4c51f62f20eb5c-ORD] subprocess output: b'  libavfilter     9. 12.100 /  9. 12.100'
2026-01-28 00:19:49 DEBUG pydub.converter [req=9c4c51f62f20eb5c-ORD] subprocess output: b'  libswscale      7.  5.100 /  7.  5.100'
2026-01-28 00:19:49 DEBUG pydub.converter [req=9c4c51f62f20eb5c-ORD] subprocess output: b'  libswresample   4. 12.100 /  4. 12.100'
2026-01-28 00:19:49 DEBUG pydub.converter [req=9c4c51f62f20eb5c-ORD] subprocess output: b'  libpostproc    57.  3.100 / 57.  3.100'
2026-01-28 00:19:49 DEBUG pydub.converter [req=9c4c51f62f20eb5c-ORD] subprocess output: b'[aist#0:0/pcm_s16le @ 0x637ce5b36f00] Guessed Channel Layout: mono'
2026-01-28 00:19:49 DEBUG pydub.converter [req=9c4c51f62f20eb5c-ORD] subprocess output: b"Input #0, wav, from '/tmp/tmpuf6dwu4r':"
2026-01-28 00:19:49 DEBUG pydub.converter [req=9c4c51f62f20eb5c-ORD] subprocess output: b'  Duration: 00:00:08.50, bitrate: 384 kb/s'
2026-01-28 00:19:49 DEBUG pydub.converter [req=9c4c51f62f20eb5c-ORD] subprocess output: b'  Stream #0:0: Audio: pcm_s16le ([1][0][0][0] / 0x0001), 24000 Hz, 1 channels, s16, 384 kb/s'
2026-01-28 00:19:49 DEBUG pydub.converter [req=9c4c51f62f20eb5c-ORD] subprocess output: b'Stream mapping:'
2026-01-28 00:19:49 DEBUG pydub.converter [req=9c4c51f62f20eb5c-ORD] subprocess output: b'  Stream #0:0 -> #0:0 (pcm_s16le (native) -> mp3 (libmp3lame))'
2026-01-28 00:19:49 DEBUG pydub.converter [req=9c4c51f62f20eb5c-ORD] subprocess output: b'Press [q] to stop, [?] for help'
2026-01-28 00:19:49 DEBUG pydub.converter [req=9c4c51f62f20eb5c-ORD] subprocess output: b"Output #0, mp3, to '/tmp/tmp92x8n8xs':"
2026-01-28 00:19:49 DEBUG pydub.converter [req=9c4c51f62f20eb5c-ORD] subprocess output: b'  Metadata:'
2026-01-28 00:19:49 DEBUG pydub.converter [req=9c4c51f62f20eb5c-ORD] subprocess output: b'    TSSE            : Lavf60.16.100'
2026-01-28 00:19:49 DEBUG pydub.converter [req=9c4c51f62f20eb5c-ORD] subprocess output: b'  Stream #0:0: Audio: mp3, 24000 Hz, mono, s16p'
2026-01-28 00:19:49 DEBUG pydub.converter [req=9c4c51f62f20eb5c-ORD] subprocess output: b'    Metadata:'
2026-01-28 00:19:49 DEBUG pydub.converter [req=9c4c51f62f20eb5c-ORD] subprocess output: b'      encoder         : Lavc60.31.102 libmp3lame'
2026-01-28 00:19:49 DEBUG pydub.converter [req=9c4c51f62f20eb5c-ORD] subprocess output: b'size=       0kB time=-00:00:00.04 bitrate=  -0.0kbits/s speed=N/A'
2026-01-28 00:19:49 DEBUG pydub.converter [req=9c4c51f62f20eb5c-ORD] subprocess output: b'[out#0/mp3 @ 0x637ce5b0da40] video:0kB audio:33kB subtitle:0kB other streams:0kB global headers:0kB muxing overhead: 0.691527%'
2026-01-28 00:19:49 DEBUG pydub.converter [req=9c4c51f62f20eb5c-ORD] subprocess output: b'size=      34kB time=00:00:08.49 bitrate=  32.5kbits/s speed= 251x'
2026-01-28 00:19:50 DEBUG pydub.converter [req=9c4c51f62f20eb5c-ORD] subprocess.call(['ffmpeg', '-y', '-f', 'wav', '-i', '/tmp/tmpoig32usg', '-f', 'mp3', '/tmp/tmplkdhy6yq'])
2026-01-28 00:19:50 DEBUG pydub.converter [req=9c4c51f62f20eb5c-ORD] subprocess output: b'ffmpeg version 6.1.1-3ubuntu5 Copyright (c) 2000-2023 the FFmpeg developers'
2026-01-28 00:19:50 DEBUG pydub.converter [req=9c4c51f62f20eb5c-ORD] subprocess output: b'  built with gcc 13 (Ubuntu 13.2.0-23ubuntu3)'
2026-01-28 00:19:50 DEBUG pydub.converter [req=9c4c51f62f20eb5c-ORD] subprocess output: b'  configuration: --prefix=/usr --extra-version=3ubuntu5 --toolchain=hardened --libdir=/usr/lib/x86_64-linux-gnu --incdir=/usr/include/x86_64-linux-gnu --arch=amd64 --enable-gpl --disable-stripping --disable-omx --enable-gnutls --enable-libaom --enable-libass --enable-libbs2b --enable-libcaca --enable-libcdio --enable-libcodec2 --enable-libdav1d --enable-libflite --enable-libfontconfig --enable-libfreetype --enable-libfribidi --enable-libglslang --enable-libgme --enable-libgsm --enable-libharfbuzz --enable-libmp3lame --enable-libmysofa --enable-libopenjpeg --enable-libopenmpt --enable-libopus --enable-librubberband --enable-libshine --enable-libsnappy --enable-libsoxr --enable-libspeex --enable-libtheora --enable-libtwolame --enable-libvidstab --enable-libvorbis --enable-libvpx --enable-libwebp --enable-libx265 --enable-libxml2 --enable-libxvid --enable-libzimg --enable-openal --enable-opencl --enable-opengl --disable-sndio --enable-libvpl --disable-libmfx --enable-libdc1394 --enable-libdrm --enable-libiec61883 --enable-chromaprint --enable-frei0r --enable-ladspa --enable-libbluray --enable-libjack --enable-libpulse --enable-librabbitmq --enable-librist --enable-libsrt --enable-libssh --enable-libsvtav1 --enable-libx264 --enable-libzmq --enable-libzvbi --enable-lv2 --enable-sdl2 --enable-libplacebo --enable-librav1e --enable-pocketsphinx --enable-librsvg --enable-libjxl --enable-shared'
2026-01-28 00:19:50 DEBUG pydub.converter [req=9c4c51f62f20eb5c-ORD] subprocess output: b'  libavutil      58. 29.100 / 58. 29.100'
2026-01-28 00:19:50 DEBUG pydub.converter [req=9c4c51f62f20eb5c-ORD] subprocess output: b'  libavcodec     60. 31.102 / 60. 31.102'
2026-01-28 00:19:50 DEBUG pydub.converter [req=9c4c51f62f20eb5c-ORD] subprocess output: b'  libavformat    60. 16.100 / 60. 16.100'
2026-01-28 00:19:50 DEBUG pydub.converter [req=9c4c51f62f20eb5c-ORD] subprocess output: b'  libavdevice    60.  3.100 / 60.  3.100'
2026-01-28 00:19:50 DEBUG pydub.converter [req=9c4c51f62f20eb5c-ORD] subprocess output: b'  libavfilter     9. 12.100 /  9. 12.100'
2026-01-28 00:19:50 DEBUG pydub.converter [req=9c4c51f62f20eb5c-ORD] subprocess output: b'  libswscale      7.  5.100 /  7.  5.100'
2026-01-28 00:19:50 DEBUG pydub.converter [req=9c4c51f62f20eb5c-ORD] subprocess output: b'  libswresample   4. 12.100 /  4. 12.100'
2026-01-28 00:19:50 DEBUG pydub.converter [req=9c4c51f62f20eb5c-ORD] subprocess output: b'  libpostproc    57.  3.100 / 57.  3.100'
2026-01-28 00:19:50 DEBUG pydub.converter [req=9c4c51f62f20eb5c-ORD] subprocess output: b'[aist#0:0/pcm_s16le @ 0x575a7d83bf00] Guessed Channel Layout: mono'
2026-01-28 00:19:50 DEBUG pydub.converter [req=9c4c51f62f20eb5c-ORD] subprocess output: b"Input #0, wav, from '/tmp/tmpoig32usg':"
2026-01-28 00:19:50 DEBUG pydub.converter [req=9c4c51f62f20eb5c-ORD] subprocess output: b'  Duration: 00:00:15.30, bitrate: 384 kb/s'
2026-01-28 00:19:50 DEBUG pydub.converter [req=9c4c51f62f20eb5c-ORD] subprocess output: b'  Stream #0:0: Audio: pcm_s16le ([1][0][0][0] / 0x0001), 24000 Hz, 1 channels, s16, 384 kb/s'
2026-01-28 00:19:50 DEBUG pydub.converter [req=9c4c51f62f20eb5c-ORD] subprocess output: b'Stream mapping:'
2026-01-28 00:19:50 DEBUG pydub.converter [req=9c4c51f62f20eb5c-ORD] subprocess output: b'  Stream #0:0 -> #0:0 (pcm_s16le (native) -> mp3 (libmp3lame))'
2026-01-28 00:19:50 DEBUG pydub.converter [req=9c4c51f62f20eb5c-ORD] subprocess output: b'Press [q] to stop, [?] for help'
2026-01-28 00:19:50 DEBUG pydub.converter [req=9c4c51f62f20eb5c-ORD] subprocess output: b"Output #0, mp3, to '/tmp/tmplkdhy6yq':"
2026-01-28 00:19:50 DEBUG pydub.converter [req=9c4c51f62f20eb5c-ORD] subprocess output: b'  Metadata:'
2026-01-28 00:19:50 DEBUG pydub.converter [req=9c4c51f62f20eb5c-ORD] subprocess output: b'    TSSE            : Lavf60.16.100'
2026-01-28 00:19:50 DEBUG pydub.converter [req=9c4c51f62f20eb5c-ORD] subprocess output: b'  Stream #0:0: Audio: mp3, 24000 Hz, mono, s16p'
2026-01-28 00:19:50 DEBUG pydub.converter [req=9c4c51f62f20eb5c-ORD] subprocess output: b'    Metadata:'
2026-01-28 00:19:50 DEBUG pydub.converter [req=9c4c51f62f20eb5c-ORD] subprocess output: b'      encoder         : Lavc60.31.102 libmp3lame'
2026-01-28 00:19:50 DEBUG pydub.converter [req=9c4c51f62f20eb5c-ORD] subprocess output: b'size=       0kB time=-00:00:00.04 bitrate=  -0.0kbits/s speed=N/A'
2026-01-28 00:19:50 DEBUG pydub.converter [req=9c4c51f62f20eb5c-ORD] subprocess output: b'[out#0/mp3 @ 0x575a7d812a40] video:0kB audio:60kB subtitle:0kB other streams:0kB global headers:0kB muxing overhead: 0.385742%'
2026-01-28 00:19:50 DEBUG pydub.converter [req=9c4c51f62f20eb5c-ORD] subprocess output: b'size=      60kB time=00:00:15.28 bitrate=  32.3kbits/s speed= 261x'
2026-01-28 00:19:50 DEBUG pydub.converter [req=9c4c51f62f20eb5c-ORD] subprocess.call(['ffmpeg', '-y', '-f', 'wav', '-i', '/tmp/tmpc_zsmjnh', '-f', 'mp3', '/tmp/tmp619ae842'])
2026-01-28 00:19:50 DEBUG pydub.converter [req=9c4c51f62f20eb5c-ORD] subprocess output: b'ffmpeg version 6.1.1-3ubuntu5 Copyright (c) 2000-2023 the FFmpeg developers'
2026-01-28 00:19:50 DEBUG pydub.converter [req=9c4c51f62f20eb5c-ORD] subprocess output: b'  built with gcc 13 (Ubuntu 13.2.0-23ubuntu3)'
2026-01-28 00:19:50 DEBUG pydub.converter [req=9c4c51f62f20eb5c-ORD] subprocess output: b'  configuration: --prefix=/usr --extra-version=3ubuntu5 --toolchain=hardened --libdir=/usr/lib/x86_64-linux-gnu --incdir=/usr/include/x86_64-linux-gnu --arch=amd64 --enable-gpl --disable-stripping --disable-omx --enable-gnutls --enable-libaom --enable-libass --enable-libbs2b --enable-libcaca --enable-libcdio --enable-libcodec2 --enable-libdav1d --enable-libflite --enable-libfontconfig --enable-libfreetype --enable-libfribidi --enable-libglslang --enable-libgme --enable-libgsm --enable-libharfbuzz --enable-libmp3lame --enable-libmysofa --enable-libopenjpeg --enable-libopenmpt --enable-libopus --enable-librubberband --enable-libshine --enable-libsnappy --enable-libsoxr --enable-libspeex --enable-libtheora --enable-libtwolame --enable-libvidstab --enable-libvorbis --enable-libvpx --enable-libwebp --enable-libx265 --enable-libxml2 --enable-libxvid --enable-libzimg --enable-openal --enable-opencl --enable-opengl --disable-sndio --enable-libvpl --disable-libmfx --enable-libdc1394 --enable-libdrm --enable-libiec61883 --enable-chromaprint --enable-frei0r --enable-ladspa --enable-libbluray --enable-libjack --enable-libpulse --enable-librabbitmq --enable-librist --enable-libsrt --enable-libssh --enable-libsvtav1 --enable-libx264 --enable-libzmq --enable-libzvbi --enable-lv2 --enable-sdl2 --enable-libplacebo --enable-librav1e --enable-pocketsphinx --enable-librsvg --enable-libjxl --enable-shared'
2026-01-28 00:19:50 DEBUG pydub.converter [req=9c4c51f62f20eb5c-ORD] subprocess output: b'  libavutil      58. 29.100 / 58. 29.100'
2026-01-28 00:19:50 DEBUG pydub.converter [req=9c4c51f62f20eb5c-ORD] subprocess output: b'  libavcodec     60. 31.102 / 60. 31.102'
2026-01-28 00:19:50 DEBUG pydub.converter [req=9c4c51f62f20eb5c-ORD] subprocess output: b'  libavformat    60. 16.100 / 60. 16.100'
2026-01-28 00:19:50 DEBUG pydub.converter [req=9c4c51f62f20eb5c-ORD] subprocess output: b'  libavdevice    60.  3.100 / 60.  3.100'
2026-01-28 00:19:50 DEBUG pydub.converter [req=9c4c51f62f20eb5c-ORD] subprocess output: b'  libavfilter     9. 12.100 /  9. 12.100'
2026-01-28 00:19:50 DEBUG pydub.converter [req=9c4c51f62f20eb5c-ORD] subprocess output: b'  libswscale      7.  5.100 /  7.  5.100'
2026-01-28 00:19:50 DEBUG pydub.converter [req=9c4c51f62f20eb5c-ORD] subprocess output: b'  libswresample   4. 12.100 /  4. 12.100'
2026-01-28 00:19:50 DEBUG pydub.converter [req=9c4c51f62f20eb5c-ORD] subprocess output: b'  libpostproc    57.  3.100 / 57.  3.100'
2026-01-28 00:19:50 DEBUG pydub.converter [req=9c4c51f62f20eb5c-ORD] subprocess output: b'[aist#0:0/pcm_s16le @ 0x5a5d672e4f00] Guessed Channel Layout: mono'
2026-01-28 00:19:50 DEBUG pydub.converter [req=9c4c51f62f20eb5c-ORD] subprocess output: b"Input #0, wav, from '/tmp/tmpc_zsmjnh':"
2026-01-28 00:19:50 DEBUG pydub.converter [req=9c4c51f62f20eb5c-ORD] subprocess output: b'  Duration: 00:00:15.13, bitrate: 384 kb/s'
2026-01-28 00:19:50 DEBUG pydub.converter [req=9c4c51f62f20eb5c-ORD] subprocess output: b'  Stream #0:0: Audio: pcm_s16le ([1][0][0][0] / 0x0001), 24000 Hz, 1 channels, s16, 384 kb/s'
2026-01-28 00:19:50 DEBUG pydub.converter [req=9c4c51f62f20eb5c-ORD] subprocess output: b'Stream mapping:'
2026-01-28 00:19:50 DEBUG pydub.converter [req=9c4c51f62f20eb5c-ORD] subprocess output: b'  Stream #0:0 -> #0:0 (pcm_s16le (native) -> mp3 (libmp3lame))'
2026-01-28 00:19:50 DEBUG pydub.converter [req=9c4c51f62f20eb5c-ORD] subprocess output: b'Press [q] to stop, [?] for help'
2026-01-28 00:19:50 DEBUG pydub.converter [req=9c4c51f62f20eb5c-ORD] subprocess output: b"Output #0, mp3, to '/tmp/tmp619ae842':"
2026-01-28 00:19:50 DEBUG pydub.converter [req=9c4c51f62f20eb5c-ORD] subprocess output: b'  Metadata:'
2026-01-28 00:19:50 DEBUG pydub.converter [req=9c4c51f62f20eb5c-ORD] subprocess output: b'    TSSE            : Lavf60.16.100'
2026-01-28 00:19:50 DEBUG pydub.converter [req=9c4c51f62f20eb5c-ORD] subprocess output: b'  Stream #0:0: Audio: mp3, 24000 Hz, mono, s16p'
2026-01-28 00:19:50 DEBUG pydub.converter [req=9c4c51f62f20eb5c-ORD] subprocess output: b'    Metadata:'
2026-01-28 00:19:50 DEBUG pydub.converter [req=9c4c51f62f20eb5c-ORD] subprocess output: b'      encoder         : Lavc60.31.102 libmp3lame'
2026-01-28 00:19:50 DEBUG pydub.converter [req=9c4c51f62f20eb5c-ORD] subprocess output: b'size=       0kB time=-00:00:00.04 bitrate=  -0.0kbits/s speed=N/A'
2026-01-28 00:19:50 DEBUG pydub.converter [req=9c4c51f62f20eb5c-ORD] subprocess output: b'[out#0/mp3 @ 0x5a5d672bba40] video:0kB audio:59kB subtitle:0kB other streams:0kB global headers:0kB muxing overhead: 0.390008%'
2026-01-28 00:19:50 DEBUG pydub.converter [req=9c4c51f62f20eb5c-ORD] subprocess output: b'size=      60kB time=00:00:15.12 bitrate=  32.3kbits/s speed= 257x'
2026-01-28 00:19:50 DEBUG pydub.converter [req=9c4c51f62f20eb5c-ORD] subprocess.call(['ffmpeg', '-y', '-f', 'wav', '-i', '/tmp/tmpldo06sjs', '-f', 'mp3', '/tmp/tmpdl66m2au'])
2026-01-28 00:19:50 DEBUG pydub.converter [req=9c4c51f62f20eb5c-ORD] subprocess output: b'ffmpeg version 6.1.1-3ubuntu5 Copyright (c) 2000-2023 the FFmpeg developers'
2026-01-28 00:19:50 DEBUG pydub.converter [req=9c4c51f62f20eb5c-ORD] subprocess output: b'  built with gcc 13 (Ubuntu 13.2.0-23ubuntu3)'
2026-01-28 00:19:50 DEBUG pydub.converter [req=9c4c51f62f20eb5c-ORD] subprocess output: b'  configuration: --prefix=/usr --extra-version=3ubuntu5 --toolchain=hardened --libdir=/usr/lib/x86_64-linux-gnu --incdir=/usr/include/x86_64-linux-gnu --arch=amd64 --enable-gpl --disable-stripping --disable-omx --enable-gnutls --enable-libaom --enable-libass --enable-libbs2b --enable-libcaca --enable-libcdio --enable-libcodec2 --enable-libdav1d --enable-libflite --enable-libfontconfig --enable-libfreetype --enable-libfribidi --enable-libglslang --enable-libgme --enable-libgsm --enable-libharfbuzz --enable-libmp3lame --enable-libmysofa --enable-libopenjpeg --enable-libopenmpt --enable-libopus --enable-librubberband --enable-libshine --enable-libsnappy --enable-libsoxr --enable-libspeex --enable-libtheora --enable-libtwolame --enable-libvidstab --enable-libvorbis --enable-libvpx --enable-libwebp --enable-libx265 --enable-libxml2 --enable-libxvid --enable-libzimg --enable-openal --enable-opencl --enable-opengl --disable-sndio --enable-libvpl --disable-libmfx --enable-libdc1394 --enable-libdrm --enable-libiec61883 --enable-chromaprint --enable-frei0r --enable-ladspa --enable-libbluray --enable-libjack --enable-libpulse --enable-librabbitmq --enable-librist --enable-libsrt --enable-libssh --enable-libsvtav1 --enable-libx264 --enable-libzmq --enable-libzvbi --enable-lv2 --enable-sdl2 --enable-libplacebo --enable-librav1e --enable-pocketsphinx --enable-librsvg --enable-libjxl --enable-shared'
2026-01-28 00:19:50 DEBUG pydub.converter [req=9c4c51f62f20eb5c-ORD] subprocess output: b'  libavutil      58. 29.100 / 58. 29.100'
2026-01-28 00:19:50 DEBUG pydub.converter [req=9c4c51f62f20eb5c-ORD] subprocess output: b'  libavcodec     60. 31.102 / 60. 31.102'
2026-01-28 00:19:50 DEBUG pydub.converter [req=9c4c51f62f20eb5c-ORD] subprocess output: b'  libavformat    60. 16.100 / 60. 16.100'
2026-01-28 00:19:50 DEBUG pydub.converter [req=9c4c51f62f20eb5c-ORD] subprocess output: b'  libavdevice    60.  3.100 / 60.  3.100'
2026-01-28 00:19:50 DEBUG pydub.converter [req=9c4c51f62f20eb5c-ORD] subprocess output: b'  libavfilter     9. 12.100 /  9. 12.100'
2026-01-28 00:19:50 DEBUG pydub.converter [req=9c4c51f62f20eb5c-ORD] subprocess output: b'  libswscale      7.  5.100 /  7.  5.100'
2026-01-28 00:19:50 DEBUG pydub.converter [req=9c4c51f62f20eb5c-ORD] subprocess output: b'  libswresample   4. 12.100 /  4. 12.100'
2026-01-28 00:19:50 DEBUG pydub.converter [req=9c4c51f62f20eb5c-ORD] subprocess output: b'  libpostproc    57.  3.100 / 57.  3.100'
2026-01-28 00:19:50 DEBUG pydub.converter [req=9c4c51f62f20eb5c-ORD] subprocess output: b'[aist#0:0/pcm_s16le @ 0x5ed6d63c9f00] Guessed Channel Layout: mono'
2026-01-28 00:19:50 DEBUG pydub.converter [req=9c4c51f62f20eb5c-ORD] subprocess output: b"Input #0, wav, from '/tmp/tmpldo06sjs':"
2026-01-28 00:19:50 DEBUG pydub.converter [req=9c4c51f62f20eb5c-ORD] subprocess output: b'  Duration: 00:00:21.50, bitrate: 384 kb/s'
2026-01-28 00:19:50 DEBUG pydub.converter [req=9c4c51f62f20eb5c-ORD] subprocess output: b'  Stream #0:0: Audio: pcm_s16le ([1][0][0][0] / 0x0001), 24000 Hz, 1 channels, s16, 384 kb/s'
2026-01-28 00:19:50 DEBUG pydub.converter [req=9c4c51f62f20eb5c-ORD] subprocess output: b'Stream mapping:'
2026-01-28 00:19:50 DEBUG pydub.converter [req=9c4c51f62f20eb5c-ORD] subprocess output: b'  Stream #0:0 -> #0:0 (pcm_s16le (native) -> mp3 (libmp3lame))'
2026-01-28 00:19:50 DEBUG pydub.converter [req=9c4c51f62f20eb5c-ORD] subprocess output: b'Press [q] to stop, [?] for help'
2026-01-28 00:19:50 DEBUG pydub.converter [req=9c4c51f62f20eb5c-ORD] subprocess output: b"Output #0, mp3, to '/tmp/tmpdl66m2au':"
2026-01-28 00:19:50 DEBUG pydub.converter [req=9c4c51f62f20eb5c-ORD] subprocess output: b'  Metadata:'
2026-01-28 00:19:50 DEBUG pydub.converter [req=9c4c51f62f20eb5c-ORD] subprocess output: b'    TSSE            : Lavf60.16.100'
2026-01-28 00:19:50 DEBUG pydub.converter [req=9c4c51f62f20eb5c-ORD] subprocess output: b'  Stream #0:0: Audio: mp3, 24000 Hz, mono, s16p'
2026-01-28 00:19:50 DEBUG pydub.converter [req=9c4c51f62f20eb5c-ORD] subprocess output: b'    Metadata:'
2026-01-28 00:19:50 DEBUG pydub.converter [req=9c4c51f62f20eb5c-ORD] subprocess output: b'      encoder         : Lavc60.31.102 libmp3lame'
2026-01-28 00:19:50 DEBUG pydub.converter [req=9c4c51f62f20eb5c-ORD] subprocess output: b'size=       0kB time=-00:00:00.04 bitrate=  -0.0kbits/s speed=N/A'
2026-01-28 00:19:50 DEBUG pydub.converter [req=9c4c51f62f20eb5c-ORD] subprocess output: b'[out#0/mp3 @ 0x5ed6d63a0a40] video:0kB audio:84kB subtitle:0kB other streams:0kB global headers:0kB muxing overhead: 0.274916%'
2026-01-28 00:19:50 DEBUG pydub.converter [req=9c4c51f62f20eb5c-ORD] subprocess output: b'size=      84kB time=00:00:21.48 bitrate=  32.2kbits/s speed= 264x'
2026-01-28 00:19:51 DEBUG pydub.converter [req=9c4c51f62f20eb5c-ORD] subprocess.call(['ffmpeg', '-y', '-f', 'wav', '-i', '/tmp/tmpp1_hjv4c', '-f', 'mp3', '/tmp/tmp007wswza'])
2026-01-28 00:19:51 DEBUG pydub.converter [req=9c4c51f62f20eb5c-ORD] subprocess output: b'ffmpeg version 6.1.1-3ubuntu5 Copyright (c) 2000-2023 the FFmpeg developers'
2026-01-28 00:19:51 DEBUG pydub.converter [req=9c4c51f62f20eb5c-ORD] subprocess output: b'  built with gcc 13 (Ubuntu 13.2.0-23ubuntu3)'
2026-01-28 00:19:51 DEBUG pydub.converter [req=9c4c51f62f20eb5c-ORD] subprocess output: b'  configuration: --prefix=/usr --extra-version=3ubuntu5 --toolchain=hardened --libdir=/usr/lib/x86_64-linux-gnu --incdir=/usr/include/x86_64-linux-gnu --arch=amd64 --enable-gpl --disable-stripping --disable-omx --enable-gnutls --enable-libaom --enable-libass --enable-libbs2b --enable-libcaca --enable-libcdio --enable-libcodec2 --enable-libdav1d --enable-libflite --enable-libfontconfig --enable-libfreetype --enable-libfribidi --enable-libglslang --enable-libgme --enable-libgsm --enable-libharfbuzz --enable-libmp3lame --enable-libmysofa --enable-libopenjpeg --enable-libopenmpt --enable-libopus --enable-librubberband --enable-libshine --enable-libsnappy --enable-libsoxr --enable-libspeex --enable-libtheora --enable-libtwolame --enable-libvidstab --enable-libvorbis --enable-libvpx --enable-libwebp --enable-libx265 --enable-libxml2 --enable-libxvid --enable-libzimg --enable-openal --enable-opencl --enable-opengl --disable-sndio --enable-libvpl --disable-libmfx --enable-libdc1394 --enable-libdrm --enable-libiec61883 --enable-chromaprint --enable-frei0r --enable-ladspa --enable-libbluray --enable-libjack --enable-libpulse --enable-librabbitmq --enable-librist --enable-libsrt --enable-libssh --enable-libsvtav1 --enable-libx264 --enable-libzmq --enable-libzvbi --enable-lv2 --enable-sdl2 --enable-libplacebo --enable-librav1e --enable-pocketsphinx --enable-librsvg --enable-libjxl --enable-shared'
2026-01-28 00:19:51 DEBUG pydub.converter [req=9c4c51f62f20eb5c-ORD] subprocess output: b'  libavutil      58. 29.100 / 58. 29.100'
2026-01-28 00:19:51 DEBUG pydub.converter [req=9c4c51f62f20eb5c-ORD] subprocess output: b'  libavcodec     60. 31.102 / 60. 31.102'
2026-01-28 00:19:51 DEBUG pydub.converter [req=9c4c51f62f20eb5c-ORD] subprocess output: b'  libavformat    60. 16.100 / 60. 16.100'
2026-01-28 00:19:51 DEBUG pydub.converter [req=9c4c51f62f20eb5c-ORD] subprocess output: b'  libavdevice    60.  3.100 / 60.  3.100'
2026-01-28 00:19:51 DEBUG pydub.converter [req=9c4c51f62f20eb5c-ORD] subprocess output: b'  libavfilter     9. 12.100 /  9. 12.100'
2026-01-28 00:19:51 DEBUG pydub.converter [req=9c4c51f62f20eb5c-ORD] subprocess output: b'  libswscale      7.  5.100 /  7.  5.100'
2026-01-28 00:19:51 DEBUG pydub.converter [req=9c4c51f62f20eb5c-ORD] subprocess output: b'  libswresample   4. 12.100 /  4. 12.100'
2026-01-28 00:19:51 DEBUG pydub.converter [req=9c4c51f62f20eb5c-ORD] subprocess output: b'  libpostproc    57.  3.100 / 57.  3.100'
2026-01-28 00:19:51 DEBUG pydub.converter [req=9c4c51f62f20eb5c-ORD] subprocess output: b'[aist#0:0/pcm_s16le @ 0x55a58dc44f00] Guessed Channel Layout: mono'
2026-01-28 00:19:51 DEBUG pydub.converter [req=9c4c51f62f20eb5c-ORD] subprocess output: b"Input #0, wav, from '/tmp/tmpp1_hjv4c':"
2026-01-28 00:19:51 DEBUG pydub.converter [req=9c4c51f62f20eb5c-ORD] subprocess output: b'  Duration: 00:00:20.68, bitrate: 384 kb/s'
2026-01-28 00:19:51 DEBUG pydub.converter [req=9c4c51f62f20eb5c-ORD] subprocess output: b'  Stream #0:0: Audio: pcm_s16le ([1][0][0][0] / 0x0001), 24000 Hz, 1 channels, s16, 384 kb/s'
2026-01-28 00:19:51 DEBUG pydub.converter [req=9c4c51f62f20eb5c-ORD] subprocess output: b'Stream mapping:'
2026-01-28 00:19:51 DEBUG pydub.converter [req=9c4c51f62f20eb5c-ORD] subprocess output: b'  Stream #0:0 -> #0:0 (pcm_s16le (native) -> mp3 (libmp3lame))'
2026-01-28 00:19:51 DEBUG pydub.converter [req=9c4c51f62f20eb5c-ORD] subprocess output: b'Press [q] to stop, [?] for help'
2026-01-28 00:19:51 DEBUG pydub.converter [req=9c4c51f62f20eb5c-ORD] subprocess output: b"Output #0, mp3, to '/tmp/tmp007wswza':"
2026-01-28 00:19:51 DEBUG pydub.converter [req=9c4c51f62f20eb5c-ORD] subprocess output: b'  Metadata:'
2026-01-28 00:19:51 DEBUG pydub.converter [req=9c4c51f62f20eb5c-ORD] subprocess output: b'    TSSE            : Lavf60.16.100'
2026-01-28 00:19:51 DEBUG pydub.converter [req=9c4c51f62f20eb5c-ORD] subprocess output: b'  Stream #0:0: Audio: mp3, 24000 Hz, mono, s16p'
2026-01-28 00:19:51 DEBUG pydub.converter [req=9c4c51f62f20eb5c-ORD] subprocess output: b'    Metadata:'
2026-01-28 00:19:51 DEBUG pydub.converter [req=9c4c51f62f20eb5c-ORD] subprocess output: b'      encoder         : Lavc60.31.102 libmp3lame'
2026-01-28 00:19:51 DEBUG pydub.converter [req=9c4c51f62f20eb5c-ORD] subprocess output: b'size=       0kB time=-00:00:00.04 bitrate=  -0.0kbits/s speed=N/A'
2026-01-28 00:19:51 DEBUG pydub.converter [req=9c4c51f62f20eb5c-ORD] subprocess output: b'[out#0/mp3 @ 0x55a58dc1ba40] video:0kB audio:81kB subtitle:0kB other streams:0kB global headers:0kB muxing overhead: 0.285735%'
2026-01-28 00:19:51 DEBUG pydub.converter [req=9c4c51f62f20eb5c-ORD] subprocess output: b'size=      81kB time=00:00:20.66 bitrate=  32.2kbits/s speed= 264x'
2026-01-28 00:19:51 INFO app [req=9c4c51f62f20eb5c-ORD] POST /new-toefl/api/speaking/generate -> 200 (4895ms)
2026-01-28 00:19:51 INFO werkzeug [req=-] 127.0.0.1 - - [28/Jan/2026 00:19:51] "POST /new-toefl/api/speaking/generate HTTP/1.1" 200 -
2026-01-28 00:20:12 INFO app [req=9c4c5299c96feb5c-ORD] GET /new-toefl/speaking/task/120 -> 200 (3ms)
2026-01-28 00:20:12 INFO werkzeug [req=-] 127.0.0.1 - - [28/Jan/2026 00:20:12] "GET /new-toefl/speaking/task/120 HTTP/1.1" 200 -
2026-01-28 00:20:12 INFO app [req=9c4c529a59b8eb5c-ORD] GET /static/js/unfamiliar_words.js -> 304 (0ms)
2026-01-28 00:20:12 INFO werkzeug [req=-] 127.0.0.1 - - [28/Jan/2026 00:20:12] "[36mGET /static/js/unfamiliar_words.js HTTP/1.1[0m" 304 -
2026-01-28 00:20:12 INFO app [req=9c4c529a59b9eb5c-ORD] GET /static/listening_audio/new_toefl_interview_1769559589785.mp3 -> 200 (0ms)
2026-01-28 00:20:12 INFO werkzeug [req=-] 127.0.0.1 - - [28/Jan/2026 00:20:12] "GET /static/listening_audio/new_toefl_interview_1769559589785.mp3 HTTP/1.1" 200 -
2026-01-28 00:20:14 INFO app [req=9c4c52a4cb5eeb5c-ORD] GET /favicon.ico -> 404 (0ms)
2026-01-28 00:20:14 INFO werkzeug [req=-] 127.0.0.1 - - [28/Jan/2026 00:20:14] "[33mGET /favicon.ico HTTP/1.1[0m" 404 -
2026-01-28 00:20:45 INFO app [req=9c4c5368be90c45b-YYZ] GET /new-toefl/speaking-mock -> 200 (1ms)
2026-01-28 00:20:45 INFO werkzeug [req=-] 127.0.0.1 - - [28/Jan/2026 00:20:45] "GET /new-toefl/speaking-mock HTTP/1.1" 200 -
2026-01-28 00:20:45 INFO app [req=9c4c536a5f0cc45b-YYZ] GET /static/js/unfamiliar_words.js -> 200 (0ms)
2026-01-28 00:20:45 INFO werkzeug [req=-] 127.0.0.1 - - [28/Jan/2026 00:20:45] "GET /static/js/unfamiliar_words.js HTTP/1.1" 200 -
2026-01-28 00:20:46 INFO app [req=9c4c536baf84c45b-YYZ] GET /new-toefl/api/speaking/interview-sets -> 200 (1ms)
2026-01-28 00:20:46 INFO werkzeug [req=-] 127.0.0.1 - - [28/Jan/2026 00:20:46] "GET /new-toefl/api/speaking/interview-sets HTTP/1.1" 200 -
2026-01-28 00:20:48 INFO app [req=9c4c537bddbcc45b-YYZ] GET /dashboard -> 200 (2ms)
2026-01-28 00:20:48 INFO werkzeug [req=-] 127.0.0.1 - - [28/Jan/2026 00:20:48] "GET /dashboard HTTP/1.1" 200 -
2026-01-28 00:20:48 INFO app [req=9c4c537c9dd5c45b-YYZ] GET /static/js/unfamiliar_words.js -> 304 (0ms)
2026-01-28 00:20:48 INFO werkzeug [req=-] 127.0.0.1 - - [28/Jan/2026 00:20:48] "[36mGET /static/js/unfamiliar_words.js HTTP/1.1[0m" 304 -
2026-01-28 00:20:53 INFO app [req=9c4c539a884ec45b-YYZ] GET /new-toefl -> 200 (1ms)
2026-01-28 00:20:53 INFO werkzeug [req=-] 127.0.0.1 - - [28/Jan/2026 00:20:53] "GET /new-toefl HTTP/1.1" 200 -
2026-01-28 00:20:53 INFO app [req=9c4c539b7891c45b-YYZ] GET /static/js/unfamiliar_words.js -> 304 (0ms)
2026-01-28 00:20:53 INFO werkzeug [req=-] 127.0.0.1 - - [28/Jan/2026 00:20:53] "[36mGET /static/js/unfamiliar_words.js HTTP/1.1[0m" 304 -
2026-01-28 00:20:55 INFO app [req=9c4c53a39a48c45b-YYZ] GET /new-toefl/speaking-mock -> 200 (1ms)
2026-01-28 00:20:55 INFO werkzeug [req=-] 127.0.0.1 - - [28/Jan/2026 00:20:55] "GET /new-toefl/speaking-mock HTTP/1.1" 200 -
2026-01-28 00:20:55 INFO app [req=9c4c53a46a6bc45b-YYZ] GET /static/js/unfamiliar_words.js -> 304 (0ms)
2026-01-28 00:20:55 INFO werkzeug [req=-] 127.0.0.1 - - [28/Jan/2026 00:20:55] "[36mGET /static/js/unfamiliar_words.js HTTP/1.1[0m" 304 -
2026-01-28 00:20:55 INFO app [req=9c4c53a52a87c45b-YYZ] GET /new-toefl/api/speaking/interview-sets -> 200 (1ms)
2026-01-28 00:20:55 INFO werkzeug [req=-] 127.0.0.1 - - [28/Jan/2026 00:20:55] "GET /new-toefl/api/speaking/interview-sets HTTP/1.1" 200 -
2026-01-28 00:20:56 INFO app [req=9c4c53afadbcc45b-YYZ] POST /new-toefl/api/speaking/generate -> 200 (1ms)
2026-01-28 00:20:56 INFO werkzeug [req=-] 127.0.0.1 - - [28/Jan/2026 00:20:56] "POST /new-toefl/api/speaking/generate HTTP/1.1" 200 -
2026-01-28 00:20:58 INFO app [req=9c4c53ba686fc45b-YYZ] GET /new-toefl/speaking/task/113 -> 200 (1ms)
2026-01-28 00:20:58 INFO werkzeug [req=-] 127.0.0.1 - - [28/Jan/2026 00:20:58] "GET /new-toefl/speaking/task/113 HTTP/1.1" 200 -
2026-01-28 00:20:58 INFO app [req=9c4c53bb28bdc45b-YYZ] GET /static/js/unfamiliar_words.js -> 304 (0ms)
2026-01-28 00:20:58 INFO werkzeug [req=-] 127.0.0.1 - - [28/Jan/2026 00:20:58] "[36mGET /static/js/unfamiliar_words.js HTTP/1.1[0m" 304 -
2026-01-28 00:20:58 INFO app [req=9c4c53bb18bac45b-YYZ] GET /static/listening_audio/new_toefl_repeat_1769559588306.mp3 -> 200 (0ms)
2026-01-28 00:20:58 INFO werkzeug [req=-] 127.0.0.1 - - [28/Jan/2026 00:20:58] "GET /static/listening_audio/new_toefl_repeat_1769559588306.mp3 HTTP/1.1" 200 -
2026-01-28 00:21:00 INFO app [req=9c4c53c4abe8c45b-YYZ] GET /favicon.ico -> 404 (0ms)
2026-01-28 00:21:00 INFO werkzeug [req=-] 127.0.0.1 - - [28/Jan/2026 00:21:00] "[33mGET /favicon.ico HTTP/1.1[0m" 404 -
2026-01-28 00:21:24 INFO app [req=9c4c54595a63c45b-YYZ] GET /new-toefl/speaking/task/114 -> 200 (2ms)
2026-01-28 00:21:24 INFO werkzeug [req=-] 127.0.0.1 - - [28/Jan/2026 00:21:24] "GET /new-toefl/speaking/task/114 HTTP/1.1" 200 -
2026-01-28 00:21:24 INFO app [req=9c4c545a2a88c45b-YYZ] GET /static/js/unfamiliar_words.js -> 304 (1ms)
2026-01-28 00:21:24 INFO werkzeug [req=-] 127.0.0.1 - - [28/Jan/2026 00:21:24] "[36mGET /static/js/unfamiliar_words.js HTTP/1.1[0m" 304 -
2026-01-28 00:21:24 INFO app [req=9c4c545a2a86c45b-YYZ] GET /static/listening_audio/new_toefl_repeat_1769559588535.mp3 -> 200 (0ms)
2026-01-28 00:21:24 INFO werkzeug [req=-] 127.0.0.1 - - [28/Jan/2026 00:21:24] "GET /static/listening_audio/new_toefl_repeat_1769559588535.mp3 HTTP/1.1" 200 -
2026-01-28 00:23:31 INFO werkzeug [req=-]  * Detected change in '/workspace/TOEFL/app/flask_app/services/new_toefl_mock.py', reloading
2026-01-28 00:23:35 INFO werkzeug [req=-]  * Restarting with stat
2026-01-28 00:23:39 INFO app [req=-] Startup: prewarming TTS...
2026-01-28 00:23:39 INFO app [req=-] Prewarming Kokoro pipeline...
2026-01-28 00:23:39 INFO app [req=-] Kokoro device: cuda (NVIDIA GeForce RTX 5070)
2026-01-28 00:23:39 DEBUG urllib3.connectionpool [req=-] Starting new HTTPS connection (1): huggingface.co:443
2026-01-28 00:23:39 DEBUG urllib3.connectionpool [req=-] https://huggingface.co:443 "HEAD /hexgrad/Kokoro-82M/resolve/main/config.json HTTP/1.1" 307 0
2026-01-28 00:23:39 DEBUG urllib3.connectionpool [req=-] https://huggingface.co:443 "HEAD /api/resolve-cache/models/hexgrad/Kokoro-82M/f3ff3571791e39611d31c381e3a41a3af07b4987/config.json HTTP/1.1" 200 0
2026-01-28 00:23:40 DEBUG urllib3.connectionpool [req=-] https://huggingface.co:443 "HEAD /hexgrad/Kokoro-82M/resolve/main/kokoro-v1_0.pth HTTP/1.1" 302 0
2026-01-28 00:23:41 INFO app [req=-] Kokoro pipeline prewarmed
2026-01-28 00:23:41 DEBUG urllib3.connectionpool [req=-] https://huggingface.co:443 "HEAD /hexgrad/Kokoro-82M/resolve/main/voices/af_heart.pt HTTP/1.1" 302 0
2026-01-28 00:23:42 INFO app [req=-] Kokoro synthesis prewarm complete (voice=af_heart)
2026-01-28 00:23:42 INFO app [req=-] Startup: TTS prewarm done in 3.32s
2026-01-28 00:23:42 WARNING werkzeug [req=-]  * Debugger is active!
2026-01-28 00:23:42 INFO werkzeug [req=-]  * Debugger PIN: 342-109-490
2026-01-28 00:23:54 INFO werkzeug [req=-]  * Detected change in '/workspace/TOEFL/app/flask_app/services/new_toefl_mock.py', reloading
2026-01-28 00:23:55 INFO werkzeug [req=-]  * Restarting with stat
2026-01-28 00:23:59 INFO app [req=-] Startup: prewarming TTS...
2026-01-28 00:23:59 INFO app [req=-] Prewarming Kokoro pipeline...
2026-01-28 00:23:59 INFO app [req=-] Kokoro device: cuda (NVIDIA GeForce RTX 5070)
2026-01-28 00:23:59 DEBUG urllib3.connectionpool [req=-] Starting new HTTPS connection (1): huggingface.co:443
2026-01-28 00:23:59 DEBUG urllib3.connectionpool [req=-] https://huggingface.co:443 "HEAD /hexgrad/Kokoro-82M/resolve/main/config.json HTTP/1.1" 307 0
2026-01-28 00:23:59 DEBUG urllib3.connectionpool [req=-] https://huggingface.co:443 "HEAD /api/resolve-cache/models/hexgrad/Kokoro-82M/f3ff3571791e39611d31c381e3a41a3af07b4987/config.json HTTP/1.1" 200 0
2026-01-28 00:24:01 DEBUG urllib3.connectionpool [req=-] https://huggingface.co:443 "HEAD /hexgrad/Kokoro-82M/resolve/main/kokoro-v1_0.pth HTTP/1.1" 302 0
2026-01-28 00:24:02 INFO app [req=-] Kokoro pipeline prewarmed
2026-01-28 00:24:02 DEBUG urllib3.connectionpool [req=-] https://huggingface.co:443 "HEAD /hexgrad/Kokoro-82M/resolve/main/voices/af_heart.pt HTTP/1.1" 302 0
2026-01-28 00:24:03 INFO app [req=-] Kokoro synthesis prewarm complete (voice=af_heart)
2026-01-28 00:24:03 INFO app [req=-] Startup: TTS prewarm done in 3.27s
2026-01-28 00:24:03 WARNING werkzeug [req=-]  * Debugger is active!
2026-01-28 00:24:03 INFO werkzeug [req=-]  * Debugger PIN: 342-109-490
2026-01-28 00:39:32 INFO app [req=9c4c6eebb772be94-ARN] GET /wp-admin/setup-config.php -> 404 (13ms)
2026-01-28 00:39:32 INFO werkzeug [req=-] 127.0.0.1 - - [28/Jan/2026 00:39:32] "[33mGET /wp-admin/setup-config.php HTTP/1.1[0m" 404 -
2026-01-28 00:40:06 INFO app [req=9c4c6fbf01f4ea60-ARN] GET /wp-admin/setup-config.php -> 404 (1ms)
2026-01-28 00:40:06 INFO werkzeug [req=-] 127.0.0.1 - - [28/Jan/2026 00:40:06] "[33mGET /wp-admin/setup-config.php HTTP/1.1[0m" 404 -
2026-01-28 00:41:11 INFO app [req=9c4c7156c52af9aa-ARN] GET /wordpress/wp-admin/setup-config.php -> 404 (0ms)
2026-01-28 00:41:11 INFO werkzeug [req=-] 127.0.0.1 - - [28/Jan/2026 00:41:11] "[33mGET /wordpress/wp-admin/setup-config.php HTTP/1.1[0m" 404 -
2026-01-28 00:42:18 INFO app [req=9c4c72f8d063bb02-ARN] GET /wordpress/wp-admin/setup-config.php -> 404 (0ms)
2026-01-28 00:42:18 INFO werkzeug [req=-] 127.0.0.1 - - [28/Jan/2026 00:42:18] "[33mGET /wordpress/wp-admin/setup-config.php HTTP/1.1[0m" 404 -
2026-01-28 01:02:02 INFO app [req=9c4c8fdff9ecdd35-HKG] GET /.well-known/passkey-endpoints -> 404 (0ms)
2026-01-28 01:02:02 INFO werkzeug [req=-] 127.0.0.1 - - [28/Jan/2026 01:02:02] "[33mGET /.well-known/passkey-endpoints HTTP/1.1[0m" 404 -
2026-01-28 01:31:28 INFO app [req=9c4cbafd8b0d092d-LAX] GET /new-toefl/speaking/task/47 -> 200 (89ms)
2026-01-28 01:31:28 INFO werkzeug [req=-] 127.0.0.1 - - [28/Jan/2026 01:31:28] "GET /new-toefl/speaking/task/47 HTTP/1.1" 200 -
2026-01-28 01:52:03 INFO werkzeug [req=-]  * Detected change in '/workspace/TOEFL/app/flask_app/app.py', reloading
2026-01-28 01:52:05 INFO werkzeug [req=-]  * Restarting with stat
2026-01-28 01:52:09 INFO app [req=-] Startup: prewarming TTS...
2026-01-28 01:52:09 INFO app [req=-] Prewarming Kokoro pipeline...
2026-01-28 01:52:09 INFO app [req=-] Kokoro device: cuda (NVIDIA GeForce RTX 5070)
2026-01-28 01:52:09 DEBUG urllib3.connectionpool [req=-] Starting new HTTPS connection (1): huggingface.co:443
2026-01-28 01:52:09 DEBUG urllib3.connectionpool [req=-] https://huggingface.co:443 "HEAD /hexgrad/Kokoro-82M/resolve/main/config.json HTTP/1.1" 307 0
2026-01-28 01:52:09 DEBUG urllib3.connectionpool [req=-] https://huggingface.co:443 "HEAD /api/resolve-cache/models/hexgrad/Kokoro-82M/f3ff3571791e39611d31c381e3a41a3af07b4987/config.json HTTP/1.1" 200 0
2026-01-28 01:52:10 DEBUG urllib3.connectionpool [req=-] https://huggingface.co:443 "HEAD /hexgrad/Kokoro-82M/resolve/main/kokoro-v1_0.pth HTTP/1.1" 302 0
2026-01-28 01:52:11 INFO app [req=-] Kokoro pipeline prewarmed
2026-01-28 01:52:11 DEBUG urllib3.connectionpool [req=-] https://huggingface.co:443 "HEAD /hexgrad/Kokoro-82M/resolve/main/voices/af_heart.pt HTTP/1.1" 302 0
2026-01-28 01:52:12 INFO app [req=-] Kokoro synthesis prewarm complete (voice=af_heart)
2026-01-28 01:52:12 INFO app [req=-] Startup: TTS prewarm done in 3.28s
2026-01-28 01:52:12 WARNING werkzeug [req=-]  * Debugger is active!
2026-01-28 01:52:12 INFO werkzeug [req=-]  * Debugger PIN: 342-109-490
2026-01-28 01:52:28 INFO app [req=9c4cd9c1f91acf73-CMH] GET / -> 302 (0ms)
2026-01-28 01:52:28 INFO werkzeug [req=-] 127.0.0.1 - - [28/Jan/2026 01:52:28] "[32mGET / HTTP/1.1[0m" 302 -
2026-01-28 01:52:28 INFO app [req=9c4cd9c2c97bcf73-CMH] GET /login -> 200 (12ms)
2026-01-28 01:52:28 INFO werkzeug [req=-] 127.0.0.1 - - [28/Jan/2026 01:52:28] "GET /login HTTP/1.1" 200 -
2026-01-28 01:52:50 INFO werkzeug [req=-]  * Detected change in '/workspace/TOEFL/app/flask_app/app.py', reloading
2026-01-28 01:52:52 INFO werkzeug [req=-]  * Restarting with stat
2026-01-28 01:52:56 INFO app [req=-] Startup: prewarming TTS...
2026-01-28 01:52:56 INFO app [req=-] Prewarming Kokoro pipeline...
2026-01-28 01:52:56 INFO app [req=-] Kokoro device: cuda (NVIDIA GeForce RTX 5070)
2026-01-28 01:52:56 DEBUG urllib3.connectionpool [req=-] Starting new HTTPS connection (1): huggingface.co:443
2026-01-28 01:52:56 DEBUG urllib3.connectionpool [req=-] https://huggingface.co:443 "HEAD /hexgrad/Kokoro-82M/resolve/main/config.json HTTP/1.1" 307 0
2026-01-28 01:52:56 DEBUG urllib3.connectionpool [req=-] https://huggingface.co:443 "HEAD /api/resolve-cache/models/hexgrad/Kokoro-82M/f3ff3571791e39611d31c381e3a41a3af07b4987/config.json HTTP/1.1" 200 0
2026-01-28 01:52:57 DEBUG urllib3.connectionpool [req=-] https://huggingface.co:443 "HEAD /hexgrad/Kokoro-82M/resolve/main/kokoro-v1_0.pth HTTP/1.1" 302 0
2026-01-28 01:52:58 INFO app [req=-] Kokoro pipeline prewarmed
2026-01-28 01:52:59 DEBUG urllib3.connectionpool [req=-] https://huggingface.co:443 "HEAD /hexgrad/Kokoro-82M/resolve/main/voices/af_heart.pt HTTP/1.1" 302 0
2026-01-28 01:52:59 INFO app [req=-] Kokoro synthesis prewarm complete (voice=af_heart)
2026-01-28 01:52:59 INFO app [req=-] Startup: TTS prewarm done in 3.37s
2026-01-28 01:52:59 WARNING werkzeug [req=-]  * Debugger is active!
2026-01-28 01:52:59 INFO werkzeug [req=-]  * Debugger PIN: 342-109-490
2026-01-28 01:53:10 INFO werkzeug [req=-]  * Detected change in '/workspace/TOEFL/app/flask_app/app.py', reloading
2026-01-28 01:53:11 INFO werkzeug [req=-]  * Restarting with stat
2026-01-28 01:53:15 INFO app [req=-] Startup: prewarming TTS...
2026-01-28 01:53:15 INFO app [req=-] Prewarming Kokoro pipeline...
2026-01-28 01:53:16 INFO app [req=-] Kokoro device: cuda (NVIDIA GeForce RTX 5070)
2026-01-28 01:53:16 DEBUG urllib3.connectionpool [req=-] Starting new HTTPS connection (1): huggingface.co:443
2026-01-28 01:53:16 DEBUG urllib3.connectionpool [req=-] https://huggingface.co:443 "HEAD /hexgrad/Kokoro-82M/resolve/main/config.json HTTP/1.1" 307 0
2026-01-28 01:53:16 DEBUG urllib3.connectionpool [req=-] https://huggingface.co:443 "HEAD /api/resolve-cache/models/hexgrad/Kokoro-82M/f3ff3571791e39611d31c381e3a41a3af07b4987/config.json HTTP/1.1" 200 0
2026-01-28 01:53:17 DEBUG urllib3.connectionpool [req=-] https://huggingface.co:443 "HEAD /hexgrad/Kokoro-82M/resolve/main/kokoro-v1_0.pth HTTP/1.1" 302 0
2026-01-28 01:53:18 INFO app [req=-] Kokoro pipeline prewarmed
2026-01-28 01:53:18 DEBUG urllib3.connectionpool [req=-] https://huggingface.co:443 "HEAD /hexgrad/Kokoro-82M/resolve/main/voices/af_heart.pt HTTP/1.1" 302 0
2026-01-28 01:53:19 INFO app [req=-] Kokoro synthesis prewarm complete (voice=af_heart)
2026-01-28 01:53:19 INFO app [req=-] Startup: TTS prewarm done in 3.44s
2026-01-28 01:53:19 WARNING werkzeug [req=-]  * Debugger is active!
2026-01-28 01:53:19 INFO werkzeug [req=-]  * Debugger PIN: 342-109-490
2026-01-28 01:56:00 INFO app [req=9c4cdeececf73524-CMH] GET / -> 302 (0ms)
2026-01-28 01:56:00 INFO werkzeug [req=-] 127.0.0.1 - - [28/Jan/2026 01:56:00] "[32mGET / HTTP/1.1[0m" 302 -
2026-01-28 01:56:00 INFO app [req=9c4cdeedcdbf3524-CMH] GET /login -> 200 (13ms)
2026-01-28 01:56:00 INFO werkzeug [req=-] 127.0.0.1 - - [28/Jan/2026 01:56:00] "GET /login HTTP/1.1" 200 -
2026-01-28 01:58:10 INFO werkzeug [req=-]  * Detected change in '/workspace/TOEFL/app/flask_app/app.py', reloading
2026-01-28 01:58:12 INFO werkzeug [req=-]  * Restarting with stat
2026-01-28 01:58:16 INFO app [req=-] Startup: prewarming TTS...
2026-01-28 01:58:16 INFO app [req=-] Prewarming Kokoro pipeline...
2026-01-28 01:58:16 INFO app [req=-] Kokoro device: cuda (NVIDIA GeForce RTX 5070)
2026-01-28 01:58:16 DEBUG urllib3.connectionpool [req=-] Starting new HTTPS connection (1): huggingface.co:443
2026-01-28 01:58:16 DEBUG urllib3.connectionpool [req=-] https://huggingface.co:443 "HEAD /hexgrad/Kokoro-82M/resolve/main/config.json HTTP/1.1" 307 0
2026-01-28 01:58:16 DEBUG urllib3.connectionpool [req=-] https://huggingface.co:443 "HEAD /api/resolve-cache/models/hexgrad/Kokoro-82M/f3ff3571791e39611d31c381e3a41a3af07b4987/config.json HTTP/1.1" 200 0
2026-01-28 01:58:18 DEBUG urllib3.connectionpool [req=-] https://huggingface.co:443 "HEAD /hexgrad/Kokoro-82M/resolve/main/kokoro-v1_0.pth HTTP/1.1" 302 0
2026-01-28 01:58:19 INFO app [req=-] Kokoro pipeline prewarmed
2026-01-28 01:58:19 DEBUG urllib3.connectionpool [req=-] https://huggingface.co:443 "HEAD /hexgrad/Kokoro-82M/resolve/main/voices/af_heart.pt HTTP/1.1" 302 0
2026-01-28 01:58:19 INFO app [req=-] Kokoro synthesis prewarm complete (voice=af_heart)
2026-01-28 01:58:19 INFO app [req=-] Startup: TTS prewarm done in 3.24s
2026-01-28 01:58:19 WARNING werkzeug [req=-]  * Debugger is active!
2026-01-28 01:58:19 INFO werkzeug [req=-]  * Debugger PIN: 342-109-490
2026-01-28 01:58:43 INFO werkzeug [req=-]  * Detected change in '/workspace/TOEFL/app/flask_app/services/full_length_tests.py', reloading
2026-01-28 01:58:45 INFO werkzeug [req=-]  * Restarting with stat
2026-01-28 01:58:49 INFO app [req=-] Startup: prewarming TTS...
2026-01-28 01:58:49 INFO app [req=-] Prewarming Kokoro pipeline...
2026-01-28 01:58:49 INFO app [req=-] Kokoro device: cuda (NVIDIA GeForce RTX 5070)
2026-01-28 01:58:49 DEBUG urllib3.connectionpool [req=-] Starting new HTTPS connection (1): huggingface.co:443
2026-01-28 01:58:49 DEBUG urllib3.connectionpool [req=-] https://huggingface.co:443 "HEAD /hexgrad/Kokoro-82M/resolve/main/config.json HTTP/1.1" 307 0
2026-01-28 01:58:49 DEBUG urllib3.connectionpool [req=-] https://huggingface.co:443 "HEAD /api/resolve-cache/models/hexgrad/Kokoro-82M/f3ff3571791e39611d31c381e3a41a3af07b4987/config.json HTTP/1.1" 200 0
2026-01-28 01:58:50 DEBUG urllib3.connectionpool [req=-] https://huggingface.co:443 "HEAD /hexgrad/Kokoro-82M/resolve/main/kokoro-v1_0.pth HTTP/1.1" 302 0
2026-01-28 01:58:52 INFO app [req=-] Kokoro pipeline prewarmed
2026-01-28 01:58:52 DEBUG urllib3.connectionpool [req=-] https://huggingface.co:443 "HEAD /hexgrad/Kokoro-82M/resolve/main/voices/af_heart.pt HTTP/1.1" 302 0
2026-01-28 01:58:52 INFO app [req=-] Kokoro synthesis prewarm complete (voice=af_heart)
2026-01-28 01:58:52 INFO app [req=-] Startup: TTS prewarm done in 3.36s
2026-01-28 01:58:52 WARNING werkzeug [req=-]  * Debugger is active!
2026-01-28 01:58:52 INFO werkzeug [req=-]  * Debugger PIN: 342-109-490
2026-01-28 02:17:24 INFO app [req=9c4cfe47edcefba8-AMS] GET /dashboard -> 302 (0ms)
2026-01-28 02:17:24 INFO werkzeug [req=-] 127.0.0.1 - - [28/Jan/2026 02:17:24] "[32mGET /dashboard HTTP/1.1[0m" 302 -
2026-01-28 02:17:25 INFO app [req=9c4cfe4bc96afba8-AMS] GET /login -> 200 (13ms)
2026-01-28 02:17:25 INFO werkzeug [req=-] 127.0.0.1 - - [28/Jan/2026 02:17:25] "GET /login HTTP/1.1" 200 -
2026-01-28 02:17:25 INFO app [req=9c4cfe4ecc1bfba8-AMS] GET /static/js/unfamiliar_words.js -> 304 (3ms)
2026-01-28 02:17:25 INFO werkzeug [req=-] 127.0.0.1 - - [28/Jan/2026 02:17:25] "[36mGET /static/js/unfamiliar_words.js HTTP/1.1[0m" 304 -
2026-01-28 02:17:25 INFO app [req=9c4cfe4ebc0efba8-AMS] GET /static/css/unfamiliar_words.css -> 304 (0ms)
2026-01-28 02:17:25 INFO werkzeug [req=-] 127.0.0.1 - - [28/Jan/2026 02:17:25] "[36mGET /static/css/unfamiliar_words.css HTTP/1.1[0m" 304 -
2026-01-28 02:17:29 INFO app [req=9c4cfe65bc9f6561-AMS] GET /favicon.ico -> 404 (2ms)
2026-01-28 02:17:29 INFO werkzeug [req=-] 127.0.0.1 - - [28/Jan/2026 02:17:29] "[33mGET /favicon.ico HTTP/1.1[0m" 404 -
2026-01-28 02:20:12 INFO app [req=9c4d02604f917bbb-LAX] GET /static/listening_audio/new_toefl_repeat_1769484693147.mp3 -> 200 (0ms)
2026-01-28 02:20:12 INFO werkzeug [req=-] 127.0.0.1 - - [28/Jan/2026 02:20:12] "GET /static/listening_audio/new_toefl_repeat_1769484693147.mp3 HTTP/1.1" 200 -
2026-01-28 02:20:12 INFO app [req=9c4d02628fa57bbb-LAX] GET /static/listening_audio/new_toefl_repeat_1769484693147.mp3 -> 206 (0ms)
2026-01-28 02:20:12 INFO werkzeug [req=-] 127.0.0.1 - - [28/Jan/2026 02:20:12] "[35m[1mGET /static/listening_audio/new_toefl_repeat_1769484693147.mp3 HTTP/1.1[0m" 206 -
2026-01-28 02:38:42 INFO app [req=9c4d1d7bdfb4dd25-ATL] GET /robots.txt -> 404 (0ms)
2026-01-28 02:38:42 INFO werkzeug [req=-] 127.0.0.1 - - [28/Jan/2026 02:38:42] "[33mGET /robots.txt HTTP/1.1[0m" 404 -
2026-01-28 03:15:47 INFO app [req=9c4d53ce7f1c9cd3-AMS] GET / -> 302 (0ms)
2026-01-28 03:15:47 INFO werkzeug [req=-] 127.0.0.1 - - [28/Jan/2026 03:15:47] "[32mGET / HTTP/1.1[0m" 302 -
2026-01-28 03:15:53 INFO app [req=9c4d53eeec9cf546-AMS] GET /login -> 200 (0ms)
2026-01-28 03:15:53 INFO werkzeug [req=-] 127.0.0.1 - - [28/Jan/2026 03:15:53] "GET /login HTTP/1.1" 200 -
2026-01-28 04:09:03 INFO app [req=9c4da1d31e61a8ad-HKG] GET /.well-known/passkey-endpoints -> 404 (0ms)
2026-01-28 04:09:03 INFO werkzeug [req=-] 127.0.0.1 - - [28/Jan/2026 04:09:03] "[33mGET /.well-known/passkey-endpoints HTTP/1.1[0m" 404 -
2026-01-28 04:21:10 INFO app [req=9c4db395fc00e82d-ORD] GET /dashboard -> 200 (53ms)
2026-01-28 04:21:10 INFO werkzeug [req=-] 127.0.0.1 - - [28/Jan/2026 04:21:10] "GET /dashboard HTTP/1.1" 200 -
2026-01-28 04:21:11 INFO app [req=9c4db3976c42e82d-ORD] GET /static/css/unfamiliar_words.css -> 304 (1ms)
2026-01-28 04:21:11 INFO app [req=9c4db3976c44e82d-ORD] GET /static/js/unfamiliar_words.js -> 200 (0ms)
2026-01-28 04:21:11 INFO werkzeug [req=-] 127.0.0.1 - - [28/Jan/2026 04:21:11] "[36mGET /static/css/unfamiliar_words.css HTTP/1.1[0m" 304 -
2026-01-28 04:21:11 INFO werkzeug [req=-] 127.0.0.1 - - [28/Jan/2026 04:21:11] "GET /static/js/unfamiliar_words.js HTTP/1.1" 200 -
2026-01-28 04:21:11 INFO app [req=9c4db398a80e33ac-DTW] GET /favicon.ico -> 404 (0ms)
2026-01-28 04:21:11 INFO werkzeug [req=-] 127.0.0.1 - - [28/Jan/2026 04:21:11] "[33mGET /favicon.ico HTTP/1.1[0m" 404 -
2026-01-28 04:21:17 INFO app [req=9c4db3c19f9ce82d-ORD] GET /new-toefl/practice -> 200 (5ms)
2026-01-28 04:21:17 INFO werkzeug [req=-] 127.0.0.1 - - [28/Jan/2026 04:21:17] "GET /new-toefl/practice HTTP/1.1" 200 -
2026-01-28 04:21:17 INFO app [req=9c4db3c23fa6e82d-ORD] GET /static/js/unfamiliar_words.js -> 200 (0ms)
2026-01-28 04:21:17 INFO werkzeug [req=-] 127.0.0.1 - - [28/Jan/2026 04:21:17] "GET /static/js/unfamiliar_words.js HTTP/1.1" 200 -
2026-01-28 04:21:21 INFO app [req=9c4db3daca94e82d-ORD] GET /new-toefl/reading-practice -> 200 (7ms)
2026-01-28 04:21:21 INFO werkzeug [req=-] 127.0.0.1 - - [28/Jan/2026 04:21:21] "GET /new-toefl/reading-practice HTTP/1.1" 200 -
2026-01-28 04:21:21 INFO app [req=9c4db3db9a9de82d-ORD] GET /static/js/unfamiliar_words.js -> 200 (0ms)
2026-01-28 04:21:21 INFO werkzeug [req=-] 127.0.0.1 - - [28/Jan/2026 04:21:21] "GET /static/js/unfamiliar_words.js HTTP/1.1" 200 -
2026-01-28 04:21:25 INFO app [req=9c4db3efac20e82d-ORD] GET /dashboard -> 200 (2ms)
2026-01-28 04:21:25 INFO werkzeug [req=-] 127.0.0.1 - - [28/Jan/2026 04:21:25] "GET /dashboard HTTP/1.1" 200 -
2026-01-28 04:21:25 INFO app [req=9c4db3f04c3ce82d-ORD] GET /static/js/unfamiliar_words.js -> 200 (0ms)
2026-01-28 04:21:25 INFO werkzeug [req=-] 127.0.0.1 - - [28/Jan/2026 04:21:25] "GET /static/js/unfamiliar_words.js HTTP/1.1" 200 -
2026-01-28 04:21:27 INFO app [req=9c4db3fd5e03e82d-ORD] GET /new-toefl/mock -> 200 (4ms)
2026-01-28 04:21:27 INFO werkzeug [req=-] 127.0.0.1 - - [28/Jan/2026 04:21:27] "GET /new-toefl/mock HTTP/1.1" 200 -
2026-01-28 04:21:27 INFO app [req=9c4db3fe0e18e82d-ORD] GET /static/js/unfamiliar_words.js -> 200 (0ms)
2026-01-28 04:21:27 INFO werkzeug [req=-] 127.0.0.1 - - [28/Jan/2026 04:21:27] "GET /static/js/unfamiliar_words.js HTTP/1.1" 200 -
2026-01-28 04:21:29 INFO app [req=9c4db408aedde82d-ORD] GET /new-toefl/reading-mock -> 200 (4ms)
2026-01-28 04:21:29 INFO werkzeug [req=-] 127.0.0.1 - - [28/Jan/2026 04:21:29] "GET /new-toefl/reading-mock HTTP/1.1" 200 -
2026-01-28 04:21:29 INFO app [req=9c4db4094ee7e82d-ORD] GET /static/js/unfamiliar_words.js -> 200 (0ms)
2026-01-28 04:21:29 INFO werkzeug [req=-] 127.0.0.1 - - [28/Jan/2026 04:21:29] "GET /static/js/unfamiliar_words.js HTTP/1.1" 200 -
2026-01-28 04:21:29 INFO app [req=9c4db409bee9e82d-ORD] GET /new-toefl/api/mock/tests -> 200 (0ms)
2026-01-28 04:21:29 INFO werkzeug [req=-] 127.0.0.1 - - [28/Jan/2026 04:21:29] "GET /new-toefl/api/mock/tests HTTP/1.1" 200 -
2026-01-28 04:21:29 INFO app [req=9c4db40a1eefe82d-ORD] GET /new-toefl/api/mock/reading/practice_test_1 -> 200 (1ms)
2026-01-28 04:21:29 INFO werkzeug [req=-] 127.0.0.1 - - [28/Jan/2026 04:21:29] "GET /new-toefl/api/mock/reading/practice_test_1 HTTP/1.1" 200 -
2026-01-28 04:21:59 INFO app [req=9c4db4c80fb5e82d-ORD] GET /dashboard -> 200 (2ms)
2026-01-28 04:21:59 INFO werkzeug [req=-] 127.0.0.1 - - [28/Jan/2026 04:21:59] "GET /dashboard HTTP/1.1" 200 -
2026-01-28 04:21:59 INFO app [req=9c4db4c8afcae82d-ORD] GET /static/js/unfamiliar_words.js -> 200 (0ms)
2026-01-28 04:21:59 INFO werkzeug [req=-] 127.0.0.1 - - [28/Jan/2026 04:21:59] "GET /static/js/unfamiliar_words.js HTTP/1.1" 200 -
2026-01-28 04:25:01 INFO app [req=9c4db9334e4fdfc6-SIN] GET / -> 302 (0ms)
2026-01-28 04:25:01 INFO werkzeug [req=-] 127.0.0.1 - - [28/Jan/2026 04:25:01] "[32mGET / HTTP/1.1[0m" 302 -
2026-01-28 04:25:01 INFO app [req=9c4db9378d26dfc6-SIN] GET /login -> 200 (0ms)
2026-01-28 04:25:01 INFO werkzeug [req=-] 127.0.0.1 - - [28/Jan/2026 04:25:01] "GET /login HTTP/1.1" 200 -
2026-01-28 04:25:01 INFO app [req=9c4db9397868dfc6-SIN] GET /wp-json/wc/v3 -> 404 (0ms)
2026-01-28 04:25:01 INFO werkzeug [req=-] 127.0.0.1 - - [28/Jan/2026 04:25:01] "[33mGET /wp-json/wc/v3 HTTP/1.1[0m" 404 -
2026-01-28 04:25:02 INFO app [req=9c4db93b0b3ddfc6-SIN] GET /magento_version -> 404 (0ms)
2026-01-28 04:25:02 INFO werkzeug [req=-] 127.0.0.1 - - [28/Jan/2026 04:25:02] "[33mGET /magento_version HTTP/1.1[0m" 404 -
2026-01-28 04:25:02 INFO app [req=9c4db93cae00dfc6-SIN] GET /index.php -> 404 (0ms)
2026-01-28 04:25:02 INFO werkzeug [req=-] 127.0.0.1 - - [28/Jan/2026 04:25:02] "[33mGET /index.php?route=checkout/cart HTTP/1.1[0m" 404 -
2026-01-28 04:25:02 INFO app [req=9c4db93e7955dfc6-SIN] GET /index.php -> 404 (0ms)
2026-01-28 04:25:02 INFO werkzeug [req=-] 127.0.0.1 - - [28/Jan/2026 04:25:02] "[33mGET /index.php?route=account/register HTTP/1.1[0m" 404 -
2026-01-28 04:25:02 INFO app [req=9c4db9405c51dfc6-SIN] GET /index.php -> 404 (0ms)
2026-01-28 04:25:02 INFO werkzeug [req=-] 127.0.0.1 - - [28/Jan/2026 04:25:02] "[33mGET /index.php?route=account/login HTTP/1.1[0m" 404 -
2026-01-28 04:25:03 INFO app [req=9c4db9423f8ddfc6-SIN] GET /index.php -> 404 (0ms)
2026-01-28 04:25:03 INFO werkzeug [req=-] 127.0.0.1 - - [28/Jan/2026 04:25:03] "[33mGET /index.php?route=checkout/checkout HTTP/1.1[0m" 404 -
2026-01-28 04:25:03 INFO app [req=9c4db9440af8dfc6-SIN] GET /admin/ -> 404 (0ms)
2026-01-28 04:25:03 INFO werkzeug [req=-] 127.0.0.1 - - [28/Jan/2026 04:25:03] "[33mGET /admin/ HTTP/1.1[0m" 404 -
2026-01-28 04:25:03 INFO app [req=9c4db945fec7dfc6-SIN] GET /wp-json/ -> 404 (0ms)
2026-01-28 04:25:03 INFO werkzeug [req=-] 127.0.0.1 - - [28/Jan/2026 04:25:03] "[33mGET /wp-json/ HTTP/1.1[0m" 404 -
2026-01-28 04:33:16 INFO app [req=9c4dc54d8d21ac07-SJC] GET / -> 302 (0ms)
2026-01-28 04:33:16 INFO werkzeug [req=-] 127.0.0.1 - - [28/Jan/2026 04:33:16] "[32mGET / HTTP/1.1[0m" 302 -
2026-01-28 04:33:17 INFO app [req=9c4dc5540d6a7e2d-SJC] GET /login -> 200 (0ms)
2026-01-28 04:33:17 INFO werkzeug [req=-] 127.0.0.1 - - [28/Jan/2026 04:33:17] "GET /login HTTP/1.1" 200 -
2026-01-28 04:37:42 INFO app [req=9c4dcbcc4e1d842e-TPE] GET /dashboard -> 302 (0ms)
2026-01-28 04:37:42 INFO werkzeug [req=-] 127.0.0.1 - - [28/Jan/2026 04:37:42] "[32mGET /dashboard HTTP/1.1[0m" 302 -
2026-01-28 04:37:43 INFO app [req=9c4dcbcfa93e842e-TPE] GET /login -> 200 (0ms)
2026-01-28 04:37:43 INFO werkzeug [req=-] 127.0.0.1 - - [28/Jan/2026 04:37:43] "GET /login HTTP/1.1" 200 -
2026-01-28 04:37:43 INFO app [req=9c4dcbd12aa6842e-TPE] GET /static/css/unfamiliar_words.css -> 200 (0ms)
2026-01-28 04:37:43 INFO werkzeug [req=-] 127.0.0.1 - - [28/Jan/2026 04:37:43] "GET /static/css/unfamiliar_words.css HTTP/1.1" 200 -
2026-01-28 04:37:43 INFO app [req=9c4dcbd12aa9842e-TPE] GET /static/js/unfamiliar_words.js -> 200 (0ms)
2026-01-28 04:37:43 INFO werkzeug [req=-] 127.0.0.1 - - [28/Jan/2026 04:37:43] "GET /static/js/unfamiliar_words.js HTTP/1.1" 200 -
2026-01-28 04:37:44 INFO app [req=9c4dcbd69fdf842e-TPE] GET /favicon.ico -> 404 (0ms)
2026-01-28 04:37:44 INFO werkzeug [req=-] 127.0.0.1 - - [28/Jan/2026 04:37:44] "[33mGET /favicon.ico HTTP/1.1[0m" 404 -
2026-01-28 04:50:49 INFO app [req=9c4ddf008982feaf-AMS] GET /dashboard -> 302 (0ms)
2026-01-28 04:50:49 INFO werkzeug [req=-] 127.0.0.1 - - [28/Jan/2026 04:50:49] "[32mGET /dashboard HTTP/1.1[0m" 302 -
2026-01-28 04:50:55 INFO app [req=9c4ddf25fd9afb81-AMS] GET /login -> 200 (0ms)
2026-01-28 04:50:55 INFO werkzeug [req=-] 127.0.0.1 - - [28/Jan/2026 04:50:55] "GET /login HTTP/1.1" 200 -
2026-01-28 04:57:52 INFO app [req=9c4de9562cf5d0a8-CDG] GET / -> 302 (0ms)
2026-01-28 04:57:52 INFO werkzeug [req=-] 127.0.0.1 - - [28/Jan/2026 04:57:52] "[32mGET / HTTP/1.1[0m" 302 -
2026-01-28 04:57:53 INFO app [req=9c4de9587ef1d0a8-CDG] GET /login -> 200 (0ms)
2026-01-28 04:57:53 INFO werkzeug [req=-] 127.0.0.1 - - [28/Jan/2026 04:57:53] "GET /login HTTP/1.1" 200 -
2026-01-28 04:57:53 INFO app [req=9c4de95b1b9f03e1-CDG] GET / -> 302 (0ms)
2026-01-28 04:57:53 INFO werkzeug [req=-] 127.0.0.1 - - [28/Jan/2026 04:57:53] "[32mGET / HTTP/1.1[0m" 302 -
2026-01-28 04:57:53 INFO app [req=9c4de95d5c6203e1-CDG] GET /login -> 200 (0ms)
2026-01-28 04:57:53 INFO werkzeug [req=-] 127.0.0.1 - - [28/Jan/2026 04:57:53] "GET /login HTTP/1.1" 200 -
2026-01-28 04:57:53 INFO app [req=9c4de95e4f68f85c-CDG] GET / -> 302 (0ms)
2026-01-28 04:57:53 INFO werkzeug [req=-] 127.0.0.1 - - [28/Jan/2026 04:57:53] "[32mGET / HTTP/1.1[0m" 302 -
2026-01-28 04:57:54 INFO app [req=9c4de9609819f85c-CDG] GET /login -> 200 (0ms)
2026-01-28 04:57:54 INFO werkzeug [req=-] 127.0.0.1 - - [28/Jan/2026 04:57:54] "GET /login HTTP/1.1" 200 -
2026-01-28 04:57:54 INFO app [req=9c4de9617ce06fd8-CDG] GET / -> 302 (0ms)
2026-01-28 04:57:54 INFO werkzeug [req=-] 127.0.0.1 - - [28/Jan/2026 04:57:54] "[32mGET / HTTP/1.1[0m" 302 -
2026-01-28 04:57:54 INFO app [req=9c4de963dd766fd8-CDG] GET /login -> 200 (0ms)
2026-01-28 04:57:54 INFO werkzeug [req=-] 127.0.0.1 - - [28/Jan/2026 04:57:54] "GET /login HTTP/1.1" 200 -
2026-01-28 05:40:08 INFO app [req=9c4e273ec890d01d-SJC] GET / -> 302 (0ms)
2026-01-28 05:40:08 INFO werkzeug [req=-] 127.0.0.1 - - [28/Jan/2026 05:40:08] "[32mGET / HTTP/1.1[0m" 302 -
2026-01-28 05:40:08 INFO app [req=9c4e2741ca267542-SJC] GET /login -> 200 (0ms)
2026-01-28 05:40:08 INFO werkzeug [req=-] 127.0.0.1 - - [28/Jan/2026 05:40:08] "GET /login HTTP/1.1" 200 -
2026-01-28 05:45:04 INFO app [req=9c4e2e7839ee6154-ORD] GET /dashboard -> 200 (7ms)
2026-01-28 05:45:04 INFO werkzeug [req=-] 127.0.0.1 - - [28/Jan/2026 05:45:04] "GET /dashboard HTTP/1.1" 200 -
2026-01-28 05:45:04 INFO app [req=9c4e2e79f9f16154-ORD] GET /static/css/unfamiliar_words.css -> 304 (0ms)
2026-01-28 05:45:04 INFO werkzeug [req=-] 127.0.0.1 - - [28/Jan/2026 05:45:04] "[36mGET /static/css/unfamiliar_words.css HTTP/1.1[0m" 304 -
2026-01-28 05:45:04 INFO app [req=9c4e2e79f9f36154-ORD] GET /static/js/unfamiliar_words.js -> 304 (0ms)
2026-01-28 05:45:04 INFO werkzeug [req=-] 127.0.0.1 - - [28/Jan/2026 05:45:04] "[36mGET /static/js/unfamiliar_words.js HTTP/1.1[0m" 304 -
2026-01-28 05:45:05 INFO app [req=9c4e2e7dd9ff6154-ORD] GET /favicon.ico -> 404 (0ms)
2026-01-28 05:45:05 INFO werkzeug [req=-] 127.0.0.1 - - [28/Jan/2026 05:45:05] "[33mGET /favicon.ico HTTP/1.1[0m" 404 -
2026-01-28 05:45:09 INFO app [req=9c4e2e983a6e6154-ORD] GET /new-toefl/practice -> 200 (2ms)
2026-01-28 05:45:09 INFO werkzeug [req=-] 127.0.0.1 - - [28/Jan/2026 05:45:09] "GET /new-toefl/practice HTTP/1.1" 200 -
2026-01-28 05:45:09 INFO app [req=9c4e2e98da856154-ORD] GET /static/js/unfamiliar_words.js -> 304 (0ms)
2026-01-28 05:45:09 INFO werkzeug [req=-] 127.0.0.1 - - [28/Jan/2026 05:45:09] "[36mGET /static/js/unfamiliar_words.js HTTP/1.1[0m" 304 -
2026-01-28 05:45:10 INFO app [req=9c4e2ea38a9e6154-ORD] GET /new-toefl/reading-practice -> 200 (1ms)
2026-01-28 05:45:10 INFO werkzeug [req=-] 127.0.0.1 - - [28/Jan/2026 05:45:10] "GET /new-toefl/reading-practice HTTP/1.1" 200 -
2026-01-28 05:45:11 INFO app [req=9c4e2ea49aa16154-ORD] GET /static/js/unfamiliar_words.js -> 304 (0ms)
2026-01-28 05:45:11 INFO werkzeug [req=-] 127.0.0.1 - - [28/Jan/2026 05:45:11] "[36mGET /static/js/unfamiliar_words.js HTTP/1.1[0m" 304 -
2026-01-28 05:45:13 INFO app [req=9c4e2eb02abe6154-ORD] GET /new-toefl/practice -> 200 (2ms)
2026-01-28 05:45:13 INFO werkzeug [req=-] 127.0.0.1 - - [28/Jan/2026 05:45:13] "GET /new-toefl/practice HTTP/1.1" 200 -
2026-01-28 05:45:13 INFO app [req=9c4e2eb0dac06154-ORD] GET /static/js/unfamiliar_words.js -> 304 (0ms)
2026-01-28 05:45:13 INFO werkzeug [req=-] 127.0.0.1 - - [28/Jan/2026 05:45:13] "[36mGET /static/js/unfamiliar_words.js HTTP/1.1[0m" 304 -
2026-01-28 05:45:13 INFO app [req=9c4e2eb52ad96154-ORD] GET /new-toefl -> 200 (4ms)
2026-01-28 05:45:13 INFO werkzeug [req=-] 127.0.0.1 - - [28/Jan/2026 05:45:13] "GET /new-toefl HTTP/1.1" 200 -
2026-01-28 05:45:13 INFO app [req=9c4e2eb5aadb6154-ORD] GET /static/js/unfamiliar_words.js -> 304 (0ms)
2026-01-28 05:45:13 INFO werkzeug [req=-] 127.0.0.1 - - [28/Jan/2026 05:45:13] "[36mGET /static/js/unfamiliar_words.js HTTP/1.1[0m" 304 -
2026-01-28 05:45:16 INFO app [req=9c4e2ec73b4d6154-ORD] GET /new-toefl/mock -> 200 (1ms)
2026-01-28 05:45:16 INFO werkzeug [req=-] 127.0.0.1 - - [28/Jan/2026 05:45:16] "GET /new-toefl/mock HTTP/1.1" 200 -
2026-01-28 05:45:16 INFO app [req=9c4e2ec7db536154-ORD] GET /static/js/unfamiliar_words.js -> 304 (0ms)
2026-01-28 05:45:16 INFO werkzeug [req=-] 127.0.0.1 - - [28/Jan/2026 05:45:16] "[36mGET /static/js/unfamiliar_words.js HTTP/1.1[0m" 304 -
2026-01-28 05:45:18 INFO app [req=9c4e2ed13b976154-ORD] GET /new-toefl/reading-mock -> 200 (1ms)
2026-01-28 05:45:18 INFO werkzeug [req=-] 127.0.0.1 - - [28/Jan/2026 05:45:18] "GET /new-toefl/reading-mock HTTP/1.1" 200 -
2026-01-28 05:45:18 INFO app [req=9c4e2ed1bb9a6154-ORD] GET /static/js/unfamiliar_words.js -> 304 (0ms)
2026-01-28 05:45:18 INFO werkzeug [req=-] 127.0.0.1 - - [28/Jan/2026 05:45:18] "[36mGET /static/js/unfamiliar_words.js HTTP/1.1[0m" 304 -
2026-01-28 05:45:18 INFO app [req=9c4e2ed28b9f6154-ORD] GET /new-toefl/api/mock/tests -> 200 (1ms)
2026-01-28 05:45:18 INFO werkzeug [req=-] 127.0.0.1 - - [28/Jan/2026 05:45:18] "GET /new-toefl/api/mock/tests HTTP/1.1" 200 -
2026-01-28 05:45:18 INFO app [req=9c4e2ed33ba56154-ORD] GET /new-toefl/api/mock/reading/practice_test_1 -> 404 (1ms)
2026-01-28 05:45:18 INFO werkzeug [req=-] 127.0.0.1 - - [28/Jan/2026 05:45:18] "[33mGET /new-toefl/api/mock/reading/practice_test_1 HTTP/1.1[0m" 404 -
2026-01-28 05:45:59 INFO app [req=9c4e2fd47973616f-ORD] GET /new-toefl/reading-mock -> 200 (1ms)
2026-01-28 05:45:59 INFO werkzeug [req=-] 127.0.0.1 - - [28/Jan/2026 05:45:59] "GET /new-toefl/reading-mock HTTP/1.1" 200 -
2026-01-28 05:45:59 INFO app [req=9c4e2fd5a977616f-ORD] GET /static/js/unfamiliar_words.js -> 304 (0ms)
2026-01-28 05:45:59 INFO werkzeug [req=-] 127.0.0.1 - - [28/Jan/2026 05:45:59] "[36mGET /static/js/unfamiliar_words.js HTTP/1.1[0m" 304 -
2026-01-28 05:46:00 INFO app [req=9c4e2fd61979616f-ORD] GET /new-toefl/api/mock/tests -> 200 (1ms)
2026-01-28 05:46:00 INFO werkzeug [req=-] 127.0.0.1 - - [28/Jan/2026 05:46:00] "GET /new-toefl/api/mock/tests HTTP/1.1" 200 -
2026-01-28 05:46:00 INFO app [req=9c4e2fd7197d616f-ORD] GET /new-toefl/api/mock/reading/practice_test_1 -> 404 (1ms)
2026-01-28 05:46:00 INFO werkzeug [req=-] 127.0.0.1 - - [28/Jan/2026 05:46:00] "[33mGET /new-toefl/api/mock/reading/practice_test_1 HTTP/1.1[0m" 404 -
2026-01-28 05:47:03 INFO werkzeug [req=-]  * Detected change in '/workspace/TOEFL/app/flask_app/services/full_length_tests.py', reloading
2026-01-28 05:47:04 INFO werkzeug [req=-]  * Restarting with stat
2026-01-28 05:47:08 INFO app [req=-] Startup: prewarming TTS...
2026-01-28 05:47:08 INFO app [req=-] Prewarming Kokoro pipeline...
2026-01-28 05:47:08 INFO app [req=-] Kokoro device: cuda (NVIDIA GeForce RTX 5070)
2026-01-28 05:47:08 DEBUG urllib3.connectionpool [req=-] Starting new HTTPS connection (1): huggingface.co:443
2026-01-28 05:47:08 DEBUG urllib3.connectionpool [req=-] https://huggingface.co:443 "HEAD /hexgrad/Kokoro-82M/resolve/main/config.json HTTP/1.1" 307 0
2026-01-28 05:47:08 DEBUG urllib3.connectionpool [req=-] https://huggingface.co:443 "HEAD /api/resolve-cache/models/hexgrad/Kokoro-82M/f3ff3571791e39611d31c381e3a41a3af07b4987/config.json HTTP/1.1" 200 0
2026-01-28 05:47:10 DEBUG urllib3.connectionpool [req=-] https://huggingface.co:443 "HEAD /hexgrad/Kokoro-82M/resolve/main/kokoro-v1_0.pth HTTP/1.1" 302 0
2026-01-28 05:47:11 INFO app [req=-] Kokoro pipeline prewarmed
2026-01-28 05:47:11 DEBUG urllib3.connectionpool [req=-] https://huggingface.co:443 "HEAD /hexgrad/Kokoro-82M/resolve/main/voices/af_heart.pt HTTP/1.1" 302 0
2026-01-28 05:47:12 INFO app [req=-] Kokoro synthesis prewarm complete (voice=af_heart)
2026-01-28 05:47:12 INFO app [req=-] Startup: TTS prewarm done in 3.34s
2026-01-28 05:47:12 WARNING werkzeug [req=-]  * Debugger is active!
2026-01-28 05:47:12 INFO werkzeug [req=-]  * Debugger PIN: 342-109-490
2026-01-28 05:49:20 INFO werkzeug [req=-]  * Detected change in '/workspace/TOEFL/app/flask_app/services/full_length_tests.py', reloading
2026-01-28 05:49:21 INFO werkzeug [req=-]  * Restarting with stat
2026-01-28 05:49:25 INFO app [req=-] Startup: prewarming TTS...
2026-01-28 05:49:25 INFO app [req=-] Prewarming Kokoro pipeline...
2026-01-28 05:49:25 INFO app [req=-] Kokoro device: cuda (NVIDIA GeForce RTX 5070)
2026-01-28 05:49:25 DEBUG urllib3.connectionpool [req=-] Starting new HTTPS connection (1): huggingface.co:443
2026-01-28 05:49:25 DEBUG urllib3.connectionpool [req=-] https://huggingface.co:443 "HEAD /hexgrad/Kokoro-82M/resolve/main/config.json HTTP/1.1" 307 0
2026-01-28 05:49:25 DEBUG urllib3.connectionpool [req=-] https://huggingface.co:443 "HEAD /api/resolve-cache/models/hexgrad/Kokoro-82M/f3ff3571791e39611d31c381e3a41a3af07b4987/config.json HTTP/1.1" 200 0
2026-01-28 05:49:27 DEBUG urllib3.connectionpool [req=-] https://huggingface.co:443 "HEAD /hexgrad/Kokoro-82M/resolve/main/kokoro-v1_0.pth HTTP/1.1" 302 0
2026-01-28 05:49:28 INFO app [req=-] Kokoro pipeline prewarmed
2026-01-28 05:49:28 DEBUG urllib3.connectionpool [req=-] https://huggingface.co:443 "HEAD /hexgrad/Kokoro-82M/resolve/main/voices/af_heart.pt HTTP/1.1" 302 0
2026-01-28 05:49:29 INFO app [req=-] Kokoro synthesis prewarm complete (voice=af_heart)
2026-01-28 05:49:29 INFO app [req=-] Startup: TTS prewarm done in 3.40s
2026-01-28 05:49:29 WARNING werkzeug [req=-]  * Debugger is active!
2026-01-28 05:49:29 INFO werkzeug [req=-]  * Debugger PIN: 342-109-490
2026-01-28 05:51:55 INFO app [req=9c4e3882cfce7d36-AMS] GET /dashboard -> 302 (0ms)
2026-01-28 05:51:55 INFO werkzeug [req=-] 127.0.0.1 - - [28/Jan/2026 05:51:55] "[32mGET /dashboard HTTP/1.1[0m" 302 -
2026-01-28 05:51:57 INFO app [req=9c4e388aaa917d36-AMS] GET /login -> 200 (11ms)
2026-01-28 05:51:57 INFO werkzeug [req=-] 127.0.0.1 - - [28/Jan/2026 05:51:57] "GET /login HTTP/1.1" 200 -
2026-01-28 05:52:07 INFO app [req=9c4e38cbbd067d36-AMS] GET /static/js/unfamiliar_words.js -> 304 (3ms)
2026-01-28 05:52:07 INFO werkzeug [req=-] 127.0.0.1 - - [28/Jan/2026 05:52:07] "[36mGET /static/js/unfamiliar_words.js HTTP/1.1[0m" 304 -
2026-01-28 05:52:07 INFO app [req=9c4e38cbbd057d36-AMS] GET /static/css/unfamiliar_words.css -> 304 (0ms)
2026-01-28 05:52:07 INFO werkzeug [req=-] 127.0.0.1 - - [28/Jan/2026 05:52:07] "[36mGET /static/css/unfamiliar_words.css HTTP/1.1[0m" 304 -
2026-01-28 05:52:10 INFO app [req=9c4e38e22b8d7d36-AMS] GET /dashboard -> 302 (0ms)
2026-01-28 05:52:10 INFO werkzeug [req=-] 127.0.0.1 - - [28/Jan/2026 05:52:10] "[32mGET /dashboard HTTP/1.1[0m" 302 -
2026-01-28 05:56:19 INFO app [req=9c4e3ef6bd721d5f-DTW] GET /new-toefl/reading-mock -> 200 (38ms)
2026-01-28 05:56:19 INFO werkzeug [req=-] 127.0.0.1 - - [28/Jan/2026 05:56:19] "GET /new-toefl/reading-mock HTTP/1.1" 200 -
2026-01-28 05:56:20 INFO app [req=9c4e3ef88d941d5f-DTW] GET /static/css/unfamiliar_words.css -> 200 (0ms)
2026-01-28 05:56:20 INFO werkzeug [req=-] 127.0.0.1 - - [28/Jan/2026 05:56:20] "GET /static/css/unfamiliar_words.css HTTP/1.1" 200 -
2026-01-28 05:56:20 INFO app [req=9c4e3ef88d961d5f-DTW] GET /static/js/unfamiliar_words.js -> 200 (0ms)
2026-01-28 05:56:20 INFO werkzeug [req=-] 127.0.0.1 - - [28/Jan/2026 05:56:20] "GET /static/js/unfamiliar_words.js HTTP/1.1" 200 -
2026-01-28 05:56:20 INFO app [req=9c4e3ef9ddad1d5f-DTW] GET /new-toefl/api/mock/tests -> 200 (2ms)
2026-01-28 05:56:20 INFO werkzeug [req=-] 127.0.0.1 - - [28/Jan/2026 05:56:20] "GET /new-toefl/api/mock/tests HTTP/1.1" 200 -
2026-01-28 05:56:20 INFO app [req=9c4e3efabdc21d5f-DTW] GET /new-toefl/api/mock/reading/practice_test_1 -> 200 (1ms)
2026-01-28 05:56:20 INFO werkzeug [req=-] 127.0.0.1 - - [28/Jan/2026 05:56:20] "GET /new-toefl/api/mock/reading/practice_test_1 HTTP/1.1" 200 -
2026-01-28 05:56:20 INFO app [req=9c4e3efb1dc81d5f-DTW] GET /favicon.ico -> 404 (2ms)
2026-01-28 05:56:20 INFO werkzeug [req=-] 127.0.0.1 - - [28/Jan/2026 05:56:20] "[33mGET /favicon.ico HTTP/1.1[0m" 404 -
2026-01-28 05:57:16 INFO app [req=9c4e405be85d53a7-DTW] GET /new-toefl/mock -> 200 (4ms)
2026-01-28 05:57:16 INFO werkzeug [req=-] 127.0.0.1 - - [28/Jan/2026 05:57:16] "GET /new-toefl/mock HTTP/1.1" 200 -
2026-01-28 05:57:16 INFO app [req=9c4e405cb86853a7-DTW] GET /static/js/unfamiliar_words.js -> 304 (0ms)
2026-01-28 05:57:16 INFO app [req=9c4e405cb86753a7-DTW] GET /static/css/unfamiliar_words.css -> 304 (1ms)
2026-01-28 05:57:16 INFO werkzeug [req=-] 127.0.0.1 - - [28/Jan/2026 05:57:16] "[36mGET /static/js/unfamiliar_words.js HTTP/1.1[0m" 304 -
2026-01-28 05:57:16 INFO werkzeug [req=-] 127.0.0.1 - - [28/Jan/2026 05:57:16] "[36mGET /static/css/unfamiliar_words.css HTTP/1.1[0m" 304 -
2026-01-28 05:57:18 INFO app [req=9c4e406368b153a7-DTW] GET /new-toefl/speaking-mock -> 200 (6ms)
2026-01-28 05:57:18 INFO werkzeug [req=-] 127.0.0.1 - - [28/Jan/2026 05:57:18] "GET /new-toefl/speaking-mock HTTP/1.1" 200 -
2026-01-28 05:57:18 INFO app [req=9c4e406478dd53a7-DTW] GET /static/js/unfamiliar_words.js -> 304 (1ms)
2026-01-28 05:57:18 INFO app [req=9c4e406478dc53a7-DTW] GET /static/css/unfamiliar_words.css -> 304 (0ms)
2026-01-28 05:57:18 INFO werkzeug [req=-] 127.0.0.1 - - [28/Jan/2026 05:57:18] "[36mGET /static/js/unfamiliar_words.js HTTP/1.1[0m" 304 -
2026-01-28 05:57:18 INFO werkzeug [req=-] 127.0.0.1 - - [28/Jan/2026 05:57:18] "[36mGET /static/css/unfamiliar_words.css HTTP/1.1[0m" 304 -
2026-01-28 05:57:18 INFO app [req=9c4e4064f8e253a7-DTW] GET /new-toefl/api/speaking/interview-sets -> 200 (3ms)
2026-01-28 05:57:18 INFO werkzeug [req=-] 127.0.0.1 - - [28/Jan/2026 05:57:18] "GET /new-toefl/api/speaking/interview-sets HTTP/1.1" 200 -
2026-01-28 05:57:18 INFO app [req=9c4e406588ee53a7-DTW] GET /new-toefl/api/mock/speaking/practice_test_1 -> 200 (0ms)
2026-01-28 05:57:18 INFO werkzeug [req=-] 127.0.0.1 - - [28/Jan/2026 05:57:18] "GET /new-toefl/api/mock/speaking/practice_test_1 HTTP/1.1" 200 -
2026-01-28 06:06:08 INFO app [req=9c4e4d542eaa0b9c-ARN] GET / -> 302 (0ms)
2026-01-28 06:06:08 INFO werkzeug [req=-] 127.0.0.1 - - [28/Jan/2026 06:06:08] "[32mGET / HTTP/1.1[0m" 302 -
2026-01-28 06:06:08 INFO app [req=9c4e4d570a298687-ARN] GET /login -> 200 (0ms)
2026-01-28 06:06:08 INFO werkzeug [req=-] 127.0.0.1 - - [28/Jan/2026 06:06:08] "GET /login HTTP/1.1" 200 -
2026-01-28 06:17:57 INFO app [req=9c4e5ea77bfce9dd-LAX] GET /dashboard -> 200 (17ms)
2026-01-28 06:17:57 INFO werkzeug [req=-] 127.0.0.1 - - [28/Jan/2026 06:17:57] "GET /dashboard HTTP/1.1" 200 -
2026-01-28 06:18:00 INFO app [req=9c4e5eb67f43e9dd-LAX] GET /static/css/unfamiliar_words.css -> 304 (0ms)
2026-01-28 06:18:00 INFO werkzeug [req=-] 127.0.0.1 - - [28/Jan/2026 06:18:00] "[36mGET /static/css/unfamiliar_words.css HTTP/1.1[0m" 304 -
2026-01-28 06:18:00 INFO app [req=9c4e5eb68f4ae9dd-LAX] GET /static/js/unfamiliar_words.js -> 304 (0ms)
2026-01-28 06:18:00 INFO werkzeug [req=-] 127.0.0.1 - - [28/Jan/2026 06:18:00] "[36mGET /static/js/unfamiliar_words.js HTTP/1.1[0m" 304 -
2026-01-28 06:18:10 INFO app [req=9c4e5efa1845e9dd-LAX] GET /old-toefl -> 200 (6ms)
2026-01-28 06:18:10 INFO werkzeug [req=-] 127.0.0.1 - - [28/Jan/2026 06:18:10] "GET /old-toefl HTTP/1.1" 200 -
2026-01-28 06:18:15 INFO app [req=9c4e5f157edde9dd-LAX] GET /dashboard -> 200 (4ms)
2026-01-28 06:18:15 INFO werkzeug [req=-] 127.0.0.1 - - [28/Jan/2026 06:18:15] "GET /dashboard HTTP/1.1" 200 -
2026-01-28 06:18:17 INFO app [req=9c4e5f2179b4e9dd-LAX] GET /dashboard -> 200 (4ms)
2026-01-28 06:18:17 INFO werkzeug [req=-] 127.0.0.1 - - [28/Jan/2026 06:18:17] "GET /dashboard HTTP/1.1" 200 -
2026-01-28 06:18:19 INFO app [req=9c4e5f2f3d27e9dd-LAX] GET /exercises -> 200 (5ms)
2026-01-28 06:18:19 INFO werkzeug [req=-] 127.0.0.1 - - [28/Jan/2026 06:18:19] "GET /exercises HTTP/1.1" 200 -
2026-01-28 06:21:17 INFO werkzeug [req=-]  * Detected change in '/workspace/TOEFL/app/flask_app/app.py', reloading
2026-01-28 06:21:18 INFO werkzeug [req=-]  * Restarting with stat
2026-01-28 06:21:22 INFO app [req=-] Startup: prewarming TTS...
2026-01-28 06:21:22 INFO app [req=-] Prewarming Kokoro pipeline...
2026-01-28 06:21:22 INFO app [req=-] Kokoro device: cuda (NVIDIA GeForce RTX 5070)
2026-01-28 06:21:22 DEBUG urllib3.connectionpool [req=-] Starting new HTTPS connection (1): huggingface.co:443
2026-01-28 06:21:22 DEBUG urllib3.connectionpool [req=-] https://huggingface.co:443 "HEAD /hexgrad/Kokoro-82M/resolve/main/config.json HTTP/1.1" 307 0
2026-01-28 06:21:22 DEBUG urllib3.connectionpool [req=-] https://huggingface.co:443 "HEAD /api/resolve-cache/models/hexgrad/Kokoro-82M/f3ff3571791e39611d31c381e3a41a3af07b4987/config.json HTTP/1.1" 200 0
2026-01-28 06:21:24 DEBUG urllib3.connectionpool [req=-] https://huggingface.co:443 "HEAD /hexgrad/Kokoro-82M/resolve/main/kokoro-v1_0.pth HTTP/1.1" 302 0
2026-01-28 06:21:25 INFO app [req=-] Kokoro pipeline prewarmed
2026-01-28 06:21:26 DEBUG urllib3.connectionpool [req=-] https://huggingface.co:443 "HEAD /hexgrad/Kokoro-82M/resolve/main/voices/af_heart.pt HTTP/1.1" 302 0
2026-01-28 06:21:26 INFO app [req=-] Kokoro synthesis prewarm complete (voice=af_heart)
2026-01-28 06:21:26 INFO app [req=-] Startup: TTS prewarm done in 3.88s
2026-01-28 06:21:26 WARNING werkzeug [req=-]  * Debugger is active!
2026-01-28 06:21:26 INFO werkzeug [req=-]  * Debugger PIN: 342-109-490
2026-01-28 06:22:03 INFO werkzeug [req=-]  * Detected change in '/workspace/TOEFL/app/flask_app/app.py', reloading
2026-01-28 06:22:04 INFO werkzeug [req=-]  * Restarting with stat
2026-01-28 06:22:08 INFO app [req=-] Startup: prewarming TTS...
2026-01-28 06:22:08 INFO app [req=-] Prewarming Kokoro pipeline...
2026-01-28 06:22:08 INFO app [req=-] Kokoro device: cuda (NVIDIA GeForce RTX 5070)
2026-01-28 06:22:08 DEBUG urllib3.connectionpool [req=-] Starting new HTTPS connection (1): huggingface.co:443
2026-01-28 06:22:08 DEBUG urllib3.connectionpool [req=-] https://huggingface.co:443 "HEAD /hexgrad/Kokoro-82M/resolve/main/config.json HTTP/1.1" 307 0
2026-01-28 06:22:08 DEBUG urllib3.connectionpool [req=-] https://huggingface.co:443 "HEAD /api/resolve-cache/models/hexgrad/Kokoro-82M/f3ff3571791e39611d31c381e3a41a3af07b4987/config.json HTTP/1.1" 200 0
2026-01-28 06:22:10 DEBUG urllib3.connectionpool [req=-] https://huggingface.co:443 "HEAD /hexgrad/Kokoro-82M/resolve/main/kokoro-v1_0.pth HTTP/1.1" 302 0
2026-01-28 06:22:11 INFO app [req=-] Kokoro pipeline prewarmed
2026-01-28 06:22:11 DEBUG urllib3.connectionpool [req=-] https://huggingface.co:443 "HEAD /hexgrad/Kokoro-82M/resolve/main/voices/af_heart.pt HTTP/1.1" 302 0
2026-01-28 06:22:11 INFO app [req=-] Kokoro synthesis prewarm complete (voice=af_heart)
2026-01-28 06:22:11 INFO app [req=-] Startup: TTS prewarm done in 3.32s
2026-01-28 06:22:11 WARNING werkzeug [req=-]  * Debugger is active!
2026-01-28 06:22:11 INFO werkzeug [req=-]  * Debugger PIN: 342-109-490
2026-01-28 06:22:41 INFO app [req=9c4e65963be3c28f-LAX] GET /dashboard -> 200 (50ms)
2026-01-28 06:22:41 INFO werkzeug [req=-] 127.0.0.1 - - [28/Jan/2026 06:22:41] "GET /dashboard HTTP/1.1" 200 -
2026-01-28 06:22:59 INFO werkzeug [req=-]  * Detected change in '/workspace/TOEFL/app/flask_app/app.py', reloading
2026-01-28 06:23:00 INFO werkzeug [req=-]  * Restarting with stat
2026-01-28 06:23:04 INFO app [req=-] Startup: prewarming TTS...
2026-01-28 06:23:04 INFO app [req=-] Prewarming Kokoro pipeline...
2026-01-28 06:23:04 INFO app [req=-] Kokoro device: cuda (NVIDIA GeForce RTX 5070)
2026-01-28 06:23:04 DEBUG urllib3.connectionpool [req=-] Starting new HTTPS connection (1): huggingface.co:443
2026-01-28 06:23:04 DEBUG urllib3.connectionpool [req=-] https://huggingface.co:443 "HEAD /hexgrad/Kokoro-82M/resolve/main/config.json HTTP/1.1" 307 0
2026-01-28 06:23:04 DEBUG urllib3.connectionpool [req=-] https://huggingface.co:443 "HEAD /api/resolve-cache/models/hexgrad/Kokoro-82M/f3ff3571791e39611d31c381e3a41a3af07b4987/config.json HTTP/1.1" 200 0
2026-01-28 06:23:06 DEBUG urllib3.connectionpool [req=-] https://huggingface.co:443 "HEAD /hexgrad/Kokoro-82M/resolve/main/kokoro-v1_0.pth HTTP/1.1" 302 0
2026-01-28 06:23:07 INFO app [req=-] Kokoro pipeline prewarmed
2026-01-28 06:23:07 DEBUG urllib3.connectionpool [req=-] https://huggingface.co:443 "HEAD /hexgrad/Kokoro-82M/resolve/main/voices/af_heart.pt HTTP/1.1" 302 0
2026-01-28 06:23:08 INFO app [req=-] Kokoro synthesis prewarm complete (voice=af_heart)
2026-01-28 06:23:08 INFO app [req=-] Startup: TTS prewarm done in 3.51s
2026-01-28 06:23:08 WARNING werkzeug [req=-]  * Debugger is active!
2026-01-28 06:23:08 INFO werkzeug [req=-]  * Debugger PIN: 342-109-490
2026-01-28 06:23:53 INFO werkzeug [req=-]  * Detected change in '/workspace/TOEFL/app/flask_app/app.py', reloading
2026-01-28 06:23:54 INFO werkzeug [req=-]  * Restarting with stat
2026-01-28 06:23:58 INFO app [req=-] Startup: prewarming TTS...
2026-01-28 06:23:58 INFO app [req=-] Prewarming Kokoro pipeline...
2026-01-28 06:23:58 INFO app [req=-] Kokoro device: cuda (NVIDIA GeForce RTX 5070)
2026-01-28 06:23:58 DEBUG urllib3.connectionpool [req=-] Starting new HTTPS connection (1): huggingface.co:443
2026-01-28 06:23:59 DEBUG urllib3.connectionpool [req=-] https://huggingface.co:443 "HEAD /hexgrad/Kokoro-82M/resolve/main/config.json HTTP/1.1" 307 0
2026-01-28 06:23:59 DEBUG urllib3.connectionpool [req=-] https://huggingface.co:443 "HEAD /api/resolve-cache/models/hexgrad/Kokoro-82M/f3ff3571791e39611d31c381e3a41a3af07b4987/config.json HTTP/1.1" 200 0
2026-01-28 06:24:00 DEBUG urllib3.connectionpool [req=-] https://huggingface.co:443 "HEAD /hexgrad/Kokoro-82M/resolve/main/kokoro-v1_0.pth HTTP/1.1" 302 0
2026-01-28 06:24:01 INFO app [req=-] Kokoro pipeline prewarmed
2026-01-28 06:24:01 DEBUG urllib3.connectionpool [req=-] https://huggingface.co:443 "HEAD /hexgrad/Kokoro-82M/resolve/main/voices/af_heart.pt HTTP/1.1" 302 0
2026-01-28 06:24:02 INFO app [req=-] Kokoro synthesis prewarm complete (voice=af_heart)
2026-01-28 06:24:02 INFO app [req=-] Startup: TTS prewarm done in 3.37s
2026-01-28 06:24:02 WARNING werkzeug [req=-]  * Debugger is active!
2026-01-28 06:24:02 INFO werkzeug [req=-]  * Debugger PIN: 342-109-490
2026-01-28 06:24:27 INFO app [req=9c4e6827eacbc28f-LAX] GET /new-toefl/practice -> 200 (45ms)
2026-01-28 06:24:27 INFO werkzeug [req=-] 127.0.0.1 - - [28/Jan/2026 06:24:27] "GET /new-toefl/practice HTTP/1.1" 200 -
2026-01-28 06:24:56 INFO app [req=9c4e68df4916c28f-LAX] GET /session -> 200 (36ms)
2026-01-28 06:24:56 INFO werkzeug [req=-] 127.0.0.1 - - [28/Jan/2026 06:24:56] "GET /session HTTP/1.1" 200 -
2026-01-28 06:24:57 INFO app [req=9c4e68e91b99c28f-LAX] GET /static/audio/452_brighten.mp3 -> 200 (3ms)
2026-01-28 06:24:57 INFO werkzeug [req=-] 127.0.0.1 - - [28/Jan/2026 06:24:57] "GET /static/audio/452_brighten.mp3 HTTP/1.1" 200 -
2026-01-28 06:24:59 INFO app [req=9c4e68f38e7bc28f-LAX] GET /static/audio/452_brighten.mp3 -> 206 (0ms)
2026-01-28 06:24:59 INFO werkzeug [req=-] 127.0.0.1 - - [28/Jan/2026 06:24:59] "[35m[1mGET /static/audio/452_brighten.mp3 HTTP/1.1[0m" 206 -
2026-01-28 06:32:57 INFO werkzeug [req=-]  * Detected change in '/workspace/TOEFL/app/flask_app/services/full_length_mock.py', reloading
2026-01-28 06:32:59 INFO werkzeug [req=-]  * Restarting with stat
2026-01-28 06:33:03 INFO app [req=-] Startup: prewarming TTS...
2026-01-28 06:33:03 INFO app [req=-] Prewarming Kokoro pipeline...
2026-01-28 06:33:03 INFO app [req=-] Kokoro device: cuda (NVIDIA GeForce RTX 5070)
2026-01-28 06:33:03 DEBUG urllib3.connectionpool [req=-] Starting new HTTPS connection (1): huggingface.co:443
2026-01-28 06:33:03 DEBUG urllib3.connectionpool [req=-] https://huggingface.co:443 "HEAD /hexgrad/Kokoro-82M/resolve/main/config.json HTTP/1.1" 307 0
2026-01-28 06:33:03 DEBUG urllib3.connectionpool [req=-] https://huggingface.co:443 "HEAD /api/resolve-cache/models/hexgrad/Kokoro-82M/f3ff3571791e39611d31c381e3a41a3af07b4987/config.json HTTP/1.1" 200 0
2026-01-28 06:33:05 DEBUG urllib3.connectionpool [req=-] https://huggingface.co:443 "HEAD /hexgrad/Kokoro-82M/resolve/main/kokoro-v1_0.pth HTTP/1.1" 302 0
2026-01-28 06:33:06 INFO app [req=-] Kokoro pipeline prewarmed
2026-01-28 06:33:06 DEBUG urllib3.connectionpool [req=-] https://huggingface.co:443 "HEAD /hexgrad/Kokoro-82M/resolve/main/voices/af_heart.pt HTTP/1.1" 302 0
2026-01-28 06:33:07 INFO app [req=-] Kokoro synthesis prewarm complete (voice=af_heart)
2026-01-28 06:33:07 INFO app [req=-] Startup: TTS prewarm done in 3.66s
2026-01-28 06:33:07 WARNING werkzeug [req=-]  * Debugger is active!
2026-01-28 06:33:07 INFO werkzeug [req=-]  * Debugger PIN: 342-109-490
2026-01-28 06:35:07 INFO app [req=9c4e77c749b4670e-AMS] GET /dashboard -> 302 (0ms)
2026-01-28 06:35:07 INFO werkzeug [req=-] 127.0.0.1 - - [28/Jan/2026 06:35:07] "[32mGET /dashboard HTTP/1.1[0m" 302 -
2026-01-28 06:35:08 INFO app [req=9c4e77d29e93670e-AMS] GET /login -> 200 (7ms)
2026-01-28 06:35:08 INFO werkzeug [req=-] 127.0.0.1 - - [28/Jan/2026 06:35:08] "GET /login HTTP/1.1" 200 -
2026-01-28 06:35:09 INFO app [req=9c4e77d96ffc0ead-AMS] GET /static/css/unfamiliar_words.css -> 304 (3ms)
2026-01-28 06:35:09 INFO app [req=9c4e77d96ffd0ead-AMS] GET /static/js/unfamiliar_words.js -> 304 (1ms)
2026-01-28 06:35:09 INFO werkzeug [req=-] 127.0.0.1 - - [28/Jan/2026 06:35:09] "[36mGET /static/css/unfamiliar_words.css HTTP/1.1[0m" 304 -
2026-01-28 06:35:09 INFO werkzeug [req=-] 127.0.0.1 - - [28/Jan/2026 06:35:09] "[36mGET /static/js/unfamiliar_words.js HTTP/1.1[0m" 304 -
2026-01-28 06:35:41 INFO app [req=9c4e789c7b30f79a-LAX] POST /session/57d4422a6e9e41a5832906ef8d35cdc0/grade -> 400 (40ms)
2026-01-28 06:35:41 INFO werkzeug [req=-] 127.0.0.1 - - [28/Jan/2026 06:35:41] "[31m[1mPOST /session/57d4422a6e9e41a5832906ef8d35cdc0/grade HTTP/1.1[0m" 400 -
2026-01-28 06:35:48 INFO app [req=9c4e78ce896af79a-LAX] GET /session -> 200 (28ms)
2026-01-28 06:35:48 INFO werkzeug [req=-] 127.0.0.1 - - [28/Jan/2026 06:35:48] "GET /session HTTP/1.1" 200 -
2026-01-28 06:35:55 INFO app [req=9c4e78f5392df79a-LAX] GET /static/css/unfamiliar_words.css -> 304 (0ms)
2026-01-28 06:35:55 INFO app [req=9c4e78f5392ff79a-LAX] GET /static/audio/90_abstain.mp3 -> 200 (0ms)
2026-01-28 06:35:55 INFO werkzeug [req=-] 127.0.0.1 - - [28/Jan/2026 06:35:55] "[36mGET /static/css/unfamiliar_words.css HTTP/1.1[0m" 304 -
2026-01-28 06:35:55 INFO werkzeug [req=-] 127.0.0.1 - - [28/Jan/2026 06:35:55] "GET /static/audio/90_abstain.mp3 HTTP/1.1" 200 -
2026-01-28 06:35:55 INFO app [req=9c4e78f53930f79a-LAX] GET /static/js/unfamiliar_words.js -> 304 (0ms)
2026-01-28 06:35:55 INFO werkzeug [req=-] 127.0.0.1 - - [28/Jan/2026 06:35:55] "[36mGET /static/js/unfamiliar_words.js HTTP/1.1[0m" 304 -
2026-01-28 06:35:56 INFO app [req=9c4e78fb2ac8f79a-LAX] GET /static/audio/90_abstain.mp3 -> 206 (0ms)
2026-01-28 06:35:56 INFO werkzeug [req=-] 127.0.0.1 - - [28/Jan/2026 06:35:56] "[35m[1mGET /static/audio/90_abstain.mp3 HTTP/1.1[0m" 206 -
2026-01-28 06:35:57 INFO app [req=9c4e79072d54f79a-LAX] GET /static/audio/90_abstain.mp3 -> 206 (0ms)
2026-01-28 06:35:57 INFO werkzeug [req=-] 127.0.0.1 - - [28/Jan/2026 06:35:57] "[35m[1mGET /static/audio/90_abstain.mp3 HTTP/1.1[0m" 206 -
2026-01-28 06:36:06 INFO app [req=9c4e7939b868f79a-LAX] POST /session/e30d3ae32dcc4425830ed0fdf3ea539a/grade -> 200 (14ms)
2026-01-28 06:36:06 INFO werkzeug [req=-] 127.0.0.1 - - [28/Jan/2026 06:36:06] "POST /session/e30d3ae32dcc4425830ed0fdf3ea539a/grade HTTP/1.1" 200 -
2026-01-28 06:36:07 INFO app [req=9c4e7940b8859875-AMS] GET /dashboard -> 302 (0ms)
2026-01-28 06:36:07 INFO werkzeug [req=-] 127.0.0.1 - - [28/Jan/2026 06:36:07] "[32mGET /dashboard HTTP/1.1[0m" 302 -
2026-01-28 06:36:08 INFO app [req=9c4e79479ae29875-AMS] GET /login -> 200 (0ms)
2026-01-28 06:36:08 INFO werkzeug [req=-] 127.0.0.1 - - [28/Jan/2026 06:36:08] "GET /login HTTP/1.1" 200 -
2026-01-28 06:36:10 INFO app [req=9c4e79581e7bf79a-LAX] GET /session -> 200 (7ms)
2026-01-28 06:36:10 INFO werkzeug [req=-] 127.0.0.1 - - [28/Jan/2026 06:36:10] "GET /session HTTP/1.1" 200 -
2026-01-28 06:36:11 INFO app [req=9c4e795e482df79a-LAX] GET /static/css/unfamiliar_words.css -> 304 (0ms)
2026-01-28 06:36:11 INFO werkzeug [req=-] 127.0.0.1 - - [28/Jan/2026 06:36:11] "[36mGET /static/css/unfamiliar_words.css HTTP/1.1[0m" 304 -
2026-01-28 06:36:16 INFO app [req=9c4e7976ea839b4e-AMS] GET /dashboard -> 302 (0ms)
2026-01-28 06:36:16 INFO werkzeug [req=-] 127.0.0.1 - - [28/Jan/2026 06:36:16] "[32mGET /dashboard HTTP/1.1[0m" 302 -
2026-01-28 06:36:16 INFO app [req=9c4e79798e2cf79a-LAX] GET /static/audio/232_anomaly.mp3 -> 200 (0ms)
2026-01-28 06:36:16 INFO werkzeug [req=-] 127.0.0.1 - - [28/Jan/2026 06:36:16] "GET /static/audio/232_anomaly.mp3 HTTP/1.1" 200 -
2026-01-28 06:36:16 INFO app [req=9c4e797bae7ff79a-LAX] GET /static/js/unfamiliar_words.js -> 304 (0ms)
2026-01-28 06:36:16 INFO werkzeug [req=-] 127.0.0.1 - - [28/Jan/2026 06:36:16] "[36mGET /static/js/unfamiliar_words.js HTTP/1.1[0m" 304 -
2026-01-28 06:36:19 INFO app [req=9c4e798be8fc9b4e-AMS] GET /login -> 200 (0ms)
2026-01-28 06:36:19 INFO werkzeug [req=-] 127.0.0.1 - - [28/Jan/2026 06:36:19] "GET /login HTTP/1.1" 200 -
2026-01-28 06:36:19 INFO app [req=9c4e79906a28f79a-LAX] GET /static/audio/232_anomaly.mp3 -> 206 (0ms)
2026-01-28 06:36:19 INFO werkzeug [req=-] 127.0.0.1 - - [28/Jan/2026 06:36:19] "[35m[1mGET /static/audio/232_anomaly.mp3 HTTP/1.1[0m" 206 -
2026-01-28 06:36:21 INFO app [req=9c4e79979fd69f9f-AMS] GET /static/js/unfamiliar_words.js -> 304 (1ms)
2026-01-28 06:36:21 INFO app [req=9c4e79979fd59f9f-AMS] GET /static/css/unfamiliar_words.css -> 304 (0ms)
2026-01-28 06:36:21 INFO werkzeug [req=-] 127.0.0.1 - - [28/Jan/2026 06:36:21] "[36mGET /static/js/unfamiliar_words.js HTTP/1.1[0m" 304 -
2026-01-28 06:36:21 INFO werkzeug [req=-] 127.0.0.1 - - [28/Jan/2026 06:36:21] "[36mGET /static/css/unfamiliar_words.css HTTP/1.1[0m" 304 -
2026-01-28 06:36:22 INFO app [req=9c4e79a08ce6f79a-LAX] GET /static/audio/232_anomaly.mp3 -> 206 (0ms)
2026-01-28 06:36:22 INFO werkzeug [req=-] 127.0.0.1 - - [28/Jan/2026 06:36:22] "[35m[1mGET /static/audio/232_anomaly.mp3 HTTP/1.1[0m" 206 -
2026-01-28 06:36:24 INFO app [req=9c4e79ad6fb4f79a-LAX] POST /session/e30d3ae32dcc4425830ed0fdf3ea539a/grade -> 200 (8ms)
2026-01-28 06:36:24 INFO werkzeug [req=-] 127.0.0.1 - - [28/Jan/2026 06:36:24] "POST /session/e30d3ae32dcc4425830ed0fdf3ea539a/grade HTTP/1.1" 200 -
2026-01-28 06:36:47 INFO app [req=9c4e7a3e5d56f79a-LAX] GET /session -> 200 (7ms)
2026-01-28 06:36:47 INFO werkzeug [req=-] 127.0.0.1 - - [28/Jan/2026 06:36:47] "GET /session HTTP/1.1" 200 -
2026-01-28 06:37:03 INFO app [req=9c4e7a9f5a84f79a-LAX] GET /static/css/unfamiliar_words.css -> 304 (0ms)
2026-01-28 06:37:03 INFO werkzeug [req=-] 127.0.0.1 - - [28/Jan/2026 06:37:03] "[36mGET /static/css/unfamiliar_words.css HTTP/1.1[0m" 304 -
2026-01-28 06:37:10 INFO app [req=9c4e7aca8c44f79a-LAX] GET /static/audio/90_abstain.mp3 -> 206 (0ms)
2026-01-28 06:37:10 INFO werkzeug [req=-] 127.0.0.1 - - [28/Jan/2026 06:37:10] "[35m[1mGET /static/audio/90_abstain.mp3 HTTP/1.1[0m" 206 -
2026-01-28 06:37:15 INFO app [req=9c4e7ae94a2ef79a-LAX] GET /static/audio/90_abstain.mp3 -> 206 (0ms)
2026-01-28 06:37:15 INFO werkzeug [req=-] 127.0.0.1 - - [28/Jan/2026 06:37:15] "[35m[1mGET /static/audio/90_abstain.mp3 HTTP/1.1[0m" 206 -
2026-01-28 06:37:16 INFO app [req=9c4e7af1ab79f79a-LAX] GET /static/js/unfamiliar_words.js -> 304 (0ms)
2026-01-28 06:37:16 INFO werkzeug [req=-] 127.0.0.1 - - [28/Jan/2026 06:37:16] "[36mGET /static/js/unfamiliar_words.js HTTP/1.1[0m" 304 -
2026-01-28 06:37:21 INFO app [req=9c4e7b12390cf79a-LAX] GET /static/audio/90_abstain.mp3 -> 206 (0ms)
2026-01-28 06:37:21 INFO werkzeug [req=-] 127.0.0.1 - - [28/Jan/2026 06:37:21] "[35m[1mGET /static/audio/90_abstain.mp3 HTTP/1.1[0m" 206 -
2026-01-28 06:37:31 INFO app [req=9c4e7b4efcc3f79a-LAX] POST /session/e30d3ae32dcc4425830ed0fdf3ea539a/grade -> 200 (8ms)
2026-01-28 06:37:31 INFO werkzeug [req=-] 127.0.0.1 - - [28/Jan/2026 06:37:31] "POST /session/e30d3ae32dcc4425830ed0fdf3ea539a/grade HTTP/1.1" 200 -
2026-01-28 06:37:47 INFO app [req=9c4e7bb27f63f79a-LAX] GET /session -> 200 (7ms)
2026-01-28 06:37:47 INFO werkzeug [req=-] 127.0.0.1 - - [28/Jan/2026 06:37:47] "GET /session HTTP/1.1" 200 -
2026-01-28 06:37:47 INFO werkzeug [req=-]  * Detected change in '/workspace/TOEFL/app/flask_app/services/full_length_mock.py', reloading
2026-01-28 06:37:48 INFO werkzeug [req=-]  * Restarting with stat
2026-01-28 06:37:53 INFO app [req=-] Startup: prewarming TTS...
2026-01-28 06:37:53 INFO app [req=-] Prewarming Kokoro pipeline...
2026-01-28 06:37:53 INFO app [req=-] Kokoro device: cuda (NVIDIA GeForce RTX 5070)
2026-01-28 06:37:53 DEBUG urllib3.connectionpool [req=-] Starting new HTTPS connection (1): huggingface.co:443
2026-01-28 06:37:53 DEBUG urllib3.connectionpool [req=-] https://huggingface.co:443 "HEAD /hexgrad/Kokoro-82M/resolve/main/config.json HTTP/1.1" 307 0
2026-01-28 06:37:53 DEBUG urllib3.connectionpool [req=-] https://huggingface.co:443 "HEAD /api/resolve-cache/models/hexgrad/Kokoro-82M/f3ff3571791e39611d31c381e3a41a3af07b4987/config.json HTTP/1.1" 200 0
2026-01-28 06:37:54 DEBUG urllib3.connectionpool [req=-] https://huggingface.co:443 "HEAD /hexgrad/Kokoro-82M/resolve/main/kokoro-v1_0.pth HTTP/1.1" 302 0
2026-01-28 06:37:55 INFO app [req=-] Kokoro pipeline prewarmed
2026-01-28 06:37:55 DEBUG urllib3.connectionpool [req=-] https://huggingface.co:443 "HEAD /hexgrad/Kokoro-82M/resolve/main/voices/af_heart.pt HTTP/1.1" 302 0
2026-01-28 06:37:56 INFO app [req=-] Kokoro synthesis prewarm complete (voice=af_heart)
2026-01-28 06:37:56 INFO app [req=-] Startup: TTS prewarm done in 3.45s
2026-01-28 06:37:56 WARNING werkzeug [req=-]  * Debugger is active!
2026-01-28 06:37:56 INFO werkzeug [req=-]  * Debugger PIN: 342-109-490
2026-01-28 06:37:56 INFO app [req=9c4e7bea0a2ef79a-LAX] GET /static/css/unfamiliar_words.css -> 304 (3ms)
2026-01-28 06:37:56 INFO werkzeug [req=-] 127.0.0.1 - - [28/Jan/2026 06:37:56] "[36mGET /static/css/unfamiliar_words.css HTTP/1.1[0m" 304 -
2026-01-28 06:37:59 INFO app [req=9c4e7bfdfde7f79a-LAX] GET /static/audio/232_anomaly.mp3 -> 206 (0ms)
2026-01-28 06:37:59 INFO werkzeug [req=-] 127.0.0.1 - - [28/Jan/2026 06:37:59] "[35m[1mGET /static/audio/232_anomaly.mp3 HTTP/1.1[0m" 206 -
2026-01-28 06:38:07 INFO app [req=9c4e7c2fff1ff79a-LAX] GET /static/audio/232_anomaly.mp3 -> 206 (0ms)
2026-01-28 06:38:07 INFO werkzeug [req=-] 127.0.0.1 - - [28/Jan/2026 06:38:07] "[35m[1mGET /static/audio/232_anomaly.mp3 HTTP/1.1[0m" 206 -
2026-01-28 06:38:10 INFO app [req=9c4e7c408ac2f79a-LAX] GET /static/js/unfamiliar_words.js -> 304 (0ms)
2026-01-28 06:38:10 INFO werkzeug [req=-] 127.0.0.1 - - [28/Jan/2026 06:38:10] "[36mGET /static/js/unfamiliar_words.js HTTP/1.1[0m" 304 -
2026-01-28 06:38:16 INFO app [req=9c4e7c683ae8f79a-LAX] GET /static/audio/232_anomaly.mp3 -> 206 (0ms)
2026-01-28 06:38:16 INFO werkzeug [req=-] 127.0.0.1 - - [28/Jan/2026 06:38:16] "[35m[1mGET /static/audio/232_anomaly.mp3 HTTP/1.1[0m" 206 -
2026-01-28 06:38:17 INFO app [req=9c4e7c6ffd50f79a-LAX] POST /session/e30d3ae32dcc4425830ed0fdf3ea539a/grade -> 400 (29ms)
2026-01-28 06:38:17 INFO werkzeug [req=-] 127.0.0.1 - - [28/Jan/2026 06:38:17] "[31m[1mPOST /session/e30d3ae32dcc4425830ed0fdf3ea539a/grade HTTP/1.1[0m" 400 -
2026-01-28 06:38:27 INFO app [req=9c4e7cab195cf79a-LAX] GET /session -> 200 (41ms)
2026-01-28 06:38:27 INFO werkzeug [req=-] 127.0.0.1 - - [28/Jan/2026 06:38:27] "GET /session HTTP/1.1" 200 -
2026-01-28 06:38:38 INFO app [req=9c4e7cf1be3bf79a-LAX] GET /static/css/unfamiliar_words.css -> 304 (0ms)
2026-01-28 06:38:38 INFO werkzeug [req=-] 127.0.0.1 - - [28/Jan/2026 06:38:38] "[36mGET /static/css/unfamiliar_words.css HTTP/1.1[0m" 304 -
2026-01-28 06:38:50 INFO app [req=9c4e7d3a5a19f79a-LAX] GET /static/audio/212_amend.mp3 -> 200 (0ms)
2026-01-28 06:38:50 INFO werkzeug [req=-] 127.0.0.1 - - [28/Jan/2026 06:38:50] "GET /static/audio/212_amend.mp3 HTTP/1.1" 200 -
2026-01-28 06:39:08 INFO app [req=9c4e7daeebb6f3ec-LAX] GET /static/audio/212_amend.mp3 -> 206 (0ms)
2026-01-28 06:39:08 INFO werkzeug [req=-] 127.0.0.1 - - [28/Jan/2026 06:39:08] "[35m[1mGET /static/audio/212_amend.mp3 HTTP/1.1[0m" 206 -
2026-01-28 06:39:11 INFO app [req=9c4e7dc30f3cf3ec-LAX] GET /static/audio/212_amend.mp3 -> 206 (0ms)
2026-01-28 06:39:11 INFO werkzeug [req=-] 127.0.0.1 - - [28/Jan/2026 06:39:11] "[35m[1mGET /static/audio/212_amend.mp3 HTTP/1.1[0m" 206 -
2026-01-28 06:39:13 INFO app [req=9c4e7dca891ef3ec-LAX] GET /static/audio/212_amend.mp3 -> 206 (0ms)
2026-01-28 06:39:13 INFO werkzeug [req=-] 127.0.0.1 - - [28/Jan/2026 06:39:13] "[35m[1mGET /static/audio/212_amend.mp3 HTTP/1.1[0m" 206 -
2026-01-28 06:44:21 INFO app [req=-] Startup: prewarming TTS...
2026-01-28 06:44:21 INFO app [req=-] Prewarming Kokoro pipeline...
2026-01-28 06:44:21 INFO app [req=-] Kokoro device: cuda (NVIDIA GeForce RTX 5070)
2026-01-28 06:44:21 DEBUG urllib3.connectionpool [req=-] Starting new HTTPS connection (1): huggingface.co:443
2026-01-28 06:44:22 DEBUG urllib3.connectionpool [req=-] https://huggingface.co:443 "HEAD /hexgrad/Kokoro-82M/resolve/main/config.json HTTP/1.1" 307 0
2026-01-28 06:44:22 DEBUG urllib3.connectionpool [req=-] https://huggingface.co:443 "HEAD /api/resolve-cache/models/hexgrad/Kokoro-82M/f3ff3571791e39611d31c381e3a41a3af07b4987/config.json HTTP/1.1" 200 0
2026-01-28 06:44:23 DEBUG urllib3.connectionpool [req=-] https://huggingface.co:443 "HEAD /hexgrad/Kokoro-82M/resolve/main/kokoro-v1_0.pth HTTP/1.1" 302 0
2026-01-28 06:44:24 INFO app [req=-] Kokoro pipeline prewarmed
2026-01-28 06:44:24 DEBUG urllib3.connectionpool [req=-] https://huggingface.co:443 "HEAD /hexgrad/Kokoro-82M/resolve/main/voices/af_heart.pt HTTP/1.1" 302 0
2026-01-28 06:44:25 INFO app [req=-] Kokoro synthesis prewarm complete (voice=af_heart)
2026-01-28 06:44:25 INFO app [req=-] Startup: TTS prewarm done in 3.32s
2026-01-28 06:44:25 INFO werkzeug [req=-] [31m[1mWARNING: This is a development server. Do not use it in a production deployment. Use a production WSGI server instead.[0m
 * Running on all addresses (0.0.0.0)
 * Running on http://127.0.0.1:1111
 * Running on http://172.17.0.3:1111
2026-01-28 06:44:25 INFO werkzeug [req=-] [33mPress CTRL+C to quit[0m
2026-01-28 06:44:25 INFO werkzeug [req=-]  * Restarting with stat
2026-01-28 06:44:29 INFO app [req=-] Startup: prewarming TTS...
2026-01-28 06:44:29 INFO app [req=-] Prewarming Kokoro pipeline...
2026-01-28 06:44:29 INFO app [req=-] Kokoro device: cuda (NVIDIA GeForce RTX 5070)
2026-01-28 06:44:29 DEBUG urllib3.connectionpool [req=-] Starting new HTTPS connection (1): huggingface.co:443
2026-01-28 06:44:29 DEBUG urllib3.connectionpool [req=-] https://huggingface.co:443 "HEAD /hexgrad/Kokoro-82M/resolve/main/config.json HTTP/1.1" 307 0
2026-01-28 06:44:29 DEBUG urllib3.connectionpool [req=-] https://huggingface.co:443 "HEAD /api/resolve-cache/models/hexgrad/Kokoro-82M/f3ff3571791e39611d31c381e3a41a3af07b4987/config.json HTTP/1.1" 200 0
2026-01-28 06:44:30 DEBUG urllib3.connectionpool [req=-] https://huggingface.co:443 "HEAD /hexgrad/Kokoro-82M/resolve/main/kokoro-v1_0.pth HTTP/1.1" 302 0
2026-01-28 06:44:31 INFO app [req=-] Kokoro pipeline prewarmed
2026-01-28 06:44:31 DEBUG urllib3.connectionpool [req=-] https://huggingface.co:443 "HEAD /hexgrad/Kokoro-82M/resolve/main/voices/af_heart.pt HTTP/1.1" 302 0
2026-01-28 06:44:32 INFO app [req=-] Kokoro synthesis prewarm complete (voice=af_heart)
2026-01-28 06:44:32 INFO app [req=-] Startup: TTS prewarm done in 3.26s
2026-01-28 06:44:32 WARNING werkzeug [req=-]  * Debugger is active!
2026-01-28 06:44:32 INFO werkzeug [req=-]  * Debugger PIN: 342-109-490
2026-01-28 06:44:32 INFO app [req=9c4e858d0df52847-SJC] GET /new-toefl/speaking-mock -> 200 (65ms)
2026-01-28 06:44:32 INFO werkzeug [req=-] 127.0.0.1 - - [28/Jan/2026 06:44:32] "GET /new-toefl/speaking-mock HTTP/1.1" 200 -
2026-01-28 06:44:32 INFO app [req=9c4e85997b2a2847-SJC] GET /static/css/unfamiliar_words.css -> 200 (5ms)
2026-01-28 06:44:32 INFO app [req=9c4e85997b2e2847-SJC] GET /static/js/unfamiliar_words.js -> 304 (5ms)
2026-01-28 06:44:32 INFO werkzeug [req=-] 127.0.0.1 - - [28/Jan/2026 06:44:32] "GET /static/css/unfamiliar_words.css HTTP/1.1" 200 -
2026-01-28 06:44:32 INFO werkzeug [req=-] 127.0.0.1 - - [28/Jan/2026 06:44:32] "[36mGET /static/js/unfamiliar_words.js HTTP/1.1[0m" 304 -
2026-01-28 06:44:33 INFO app [req=9c4e859b2e8b2847-SJC] GET /new-toefl/api/speaking/interview-sets -> 200 (1ms)
2026-01-28 06:44:33 INFO werkzeug [req=-] 127.0.0.1 - - [28/Jan/2026 06:44:33] "GET /new-toefl/api/speaking/interview-sets HTTP/1.1" 200 -
2026-01-28 06:44:33 INFO app [req=9c4e859c083e2847-SJC] GET /favicon.ico -> 404 (1ms)
2026-01-28 06:44:33 INFO werkzeug [req=-] 127.0.0.1 - - [28/Jan/2026 06:44:33] "[33mGET /favicon.ico HTTP/1.1[0m" 404 -
2026-01-28 06:44:37 DEBUG pydub.converter [req=9c4e85b33a18eb5c-ORD] subprocess.call(['ffmpeg', '-y', '-f', 'wav', '-i', '/tmp/tmpwvfmcbx2', '-f', 'mp3', '/tmp/tmpac3_qsav'])
2026-01-28 06:44:37 DEBUG pydub.converter [req=9c4e85b33a18eb5c-ORD] subprocess output: b'ffmpeg version 6.1.1-3ubuntu5 Copyright (c) 2000-2023 the FFmpeg developers'
2026-01-28 06:44:37 DEBUG pydub.converter [req=9c4e85b33a18eb5c-ORD] subprocess output: b'  built with gcc 13 (Ubuntu 13.2.0-23ubuntu3)'
2026-01-28 06:44:37 DEBUG pydub.converter [req=9c4e85b33a18eb5c-ORD] subprocess output: b'  configuration: --prefix=/usr --extra-version=3ubuntu5 --toolchain=hardened --libdir=/usr/lib/x86_64-linux-gnu --incdir=/usr/include/x86_64-linux-gnu --arch=amd64 --enable-gpl --disable-stripping --disable-omx --enable-gnutls --enable-libaom --enable-libass --enable-libbs2b --enable-libcaca --enable-libcdio --enable-libcodec2 --enable-libdav1d --enable-libflite --enable-libfontconfig --enable-libfreetype --enable-libfribidi --enable-libglslang --enable-libgme --enable-libgsm --enable-libharfbuzz --enable-libmp3lame --enable-libmysofa --enable-libopenjpeg --enable-libopenmpt --enable-libopus --enable-librubberband --enable-libshine --enable-libsnappy --enable-libsoxr --enable-libspeex --enable-libtheora --enable-libtwolame --enable-libvidstab --enable-libvorbis --enable-libvpx --enable-libwebp --enable-libx265 --enable-libxml2 --enable-libxvid --enable-libzimg --enable-openal --enable-opencl --enable-opengl --disable-sndio --enable-libvpl --disable-libmfx --enable-libdc1394 --enable-libdrm --enable-libiec61883 --enable-chromaprint --enable-frei0r --enable-ladspa --enable-libbluray --enable-libjack --enable-libpulse --enable-librabbitmq --enable-librist --enable-libsrt --enable-libssh --enable-libsvtav1 --enable-libx264 --enable-libzmq --enable-libzvbi --enable-lv2 --enable-sdl2 --enable-libplacebo --enable-librav1e --enable-pocketsphinx --enable-librsvg --enable-libjxl --enable-shared'
2026-01-28 06:44:37 DEBUG pydub.converter [req=9c4e85b33a18eb5c-ORD] subprocess output: b'  libavutil      58. 29.100 / 58. 29.100'
2026-01-28 06:44:37 DEBUG pydub.converter [req=9c4e85b33a18eb5c-ORD] subprocess output: b'  libavcodec     60. 31.102 / 60. 31.102'
2026-01-28 06:44:37 DEBUG pydub.converter [req=9c4e85b33a18eb5c-ORD] subprocess output: b'  libavformat    60. 16.100 / 60. 16.100'
2026-01-28 06:44:37 DEBUG pydub.converter [req=9c4e85b33a18eb5c-ORD] subprocess output: b'  libavdevice    60.  3.100 / 60.  3.100'
2026-01-28 06:44:37 DEBUG pydub.converter [req=9c4e85b33a18eb5c-ORD] subprocess output: b'  libavfilter     9. 12.100 /  9. 12.100'
2026-01-28 06:44:37 DEBUG pydub.converter [req=9c4e85b33a18eb5c-ORD] subprocess output: b'  libswscale      7.  5.100 /  7.  5.100'
2026-01-28 06:44:37 DEBUG pydub.converter [req=9c4e85b33a18eb5c-ORD] subprocess output: b'  libswresample   4. 12.100 /  4. 12.100'
2026-01-28 06:44:37 DEBUG pydub.converter [req=9c4e85b33a18eb5c-ORD] subprocess output: b'  libpostproc    57.  3.100 / 57.  3.100'
2026-01-28 06:44:37 DEBUG pydub.converter [req=9c4e85b33a18eb5c-ORD] subprocess output: b'[aist#0:0/pcm_s16le @ 0x6005827a6d80] Guessed Channel Layout: mono'
2026-01-28 06:44:37 DEBUG pydub.converter [req=9c4e85b33a18eb5c-ORD] subprocess output: b"Input #0, wav, from '/tmp/tmpwvfmcbx2':"
2026-01-28 06:44:37 DEBUG pydub.converter [req=9c4e85b33a18eb5c-ORD] subprocess output: b'  Duration: 00:00:02.38, bitrate: 384 kb/s'
2026-01-28 06:44:37 DEBUG pydub.converter [req=9c4e85b33a18eb5c-ORD] subprocess output: b'  Stream #0:0: Audio: pcm_s16le ([1][0][0][0] / 0x0001), 24000 Hz, 1 channels, s16, 384 kb/s'
2026-01-28 06:44:37 DEBUG pydub.converter [req=9c4e85b33a18eb5c-ORD] subprocess output: b'Stream mapping:'
2026-01-28 06:44:37 DEBUG pydub.converter [req=9c4e85b33a18eb5c-ORD] subprocess output: b'  Stream #0:0 -> #0:0 (pcm_s16le (native) -> mp3 (libmp3lame))'
2026-01-28 06:44:37 DEBUG pydub.converter [req=9c4e85b33a18eb5c-ORD] subprocess output: b'Press [q] to stop, [?] for help'
2026-01-28 06:44:37 DEBUG pydub.converter [req=9c4e85b33a18eb5c-ORD] subprocess output: b"Output #0, mp3, to '/tmp/tmpac3_qsav':"
2026-01-28 06:44:37 DEBUG pydub.converter [req=9c4e85b33a18eb5c-ORD] subprocess output: b'  Metadata:'
2026-01-28 06:44:37 DEBUG pydub.converter [req=9c4e85b33a18eb5c-ORD] subprocess output: b'    TSSE            : Lavf60.16.100'
2026-01-28 06:44:37 DEBUG pydub.converter [req=9c4e85b33a18eb5c-ORD] subprocess output: b'  Stream #0:0: Audio: mp3, 24000 Hz, mono, s16p'
2026-01-28 06:44:37 DEBUG pydub.converter [req=9c4e85b33a18eb5c-ORD] subprocess output: b'    Metadata:'
2026-01-28 06:44:37 DEBUG pydub.converter [req=9c4e85b33a18eb5c-ORD] subprocess output: b'      encoder         : Lavc60.31.102 libmp3lame'
2026-01-28 06:44:37 DEBUG pydub.converter [req=9c4e85b33a18eb5c-ORD] subprocess output: b'size=       0kB time=-00:00:00.04 bitrate=  -0.0kbits/s speed=N/A'
2026-01-28 06:44:37 DEBUG pydub.converter [req=9c4e85b33a18eb5c-ORD] subprocess output: b'[out#0/mp3 @ 0x60058278cbc0] video:0kB audio:9kB subtitle:0kB other streams:0kB global headers:0kB muxing overhead: 2.444307%'
2026-01-28 06:44:37 DEBUG pydub.converter [req=9c4e85b33a18eb5c-ORD] subprocess output: b'size=      10kB time=00:00:02.35 bitrate=  33.8kbits/s speed= 219x'
2026-01-28 06:44:37 DEBUG pydub.converter [req=9c4e85b33a18eb5c-ORD] subprocess.call(['ffmpeg', '-y', '-f', 'wav', '-i', '/tmp/tmpu0ssp860', '-f', 'mp3', '/tmp/tmpq83svj_n'])
2026-01-28 06:44:37 DEBUG pydub.converter [req=9c4e85b33a18eb5c-ORD] subprocess output: b'ffmpeg version 6.1.1-3ubuntu5 Copyright (c) 2000-2023 the FFmpeg developers'
2026-01-28 06:44:37 DEBUG pydub.converter [req=9c4e85b33a18eb5c-ORD] subprocess output: b'  built with gcc 13 (Ubuntu 13.2.0-23ubuntu3)'
2026-01-28 06:44:37 DEBUG pydub.converter [req=9c4e85b33a18eb5c-ORD] subprocess output: b'  configuration: --prefix=/usr --extra-version=3ubuntu5 --toolchain=hardened --libdir=/usr/lib/x86_64-linux-gnu --incdir=/usr/include/x86_64-linux-gnu --arch=amd64 --enable-gpl --disable-stripping --disable-omx --enable-gnutls --enable-libaom --enable-libass --enable-libbs2b --enable-libcaca --enable-libcdio --enable-libcodec2 --enable-libdav1d --enable-libflite --enable-libfontconfig --enable-libfreetype --enable-libfribidi --enable-libglslang --enable-libgme --enable-libgsm --enable-libharfbuzz --enable-libmp3lame --enable-libmysofa --enable-libopenjpeg --enable-libopenmpt --enable-libopus --enable-librubberband --enable-libshine --enable-libsnappy --enable-libsoxr --enable-libspeex --enable-libtheora --enable-libtwolame --enable-libvidstab --enable-libvorbis --enable-libvpx --enable-libwebp --enable-libx265 --enable-libxml2 --enable-libxvid --enable-libzimg --enable-openal --enable-opencl --enable-opengl --disable-sndio --enable-libvpl --disable-libmfx --enable-libdc1394 --enable-libdrm --enable-libiec61883 --enable-chromaprint --enable-frei0r --enable-ladspa --enable-libbluray --enable-libjack --enable-libpulse --enable-librabbitmq --enable-librist --enable-libsrt --enable-libssh --enable-libsvtav1 --enable-libx264 --enable-libzmq --enable-libzvbi --enable-lv2 --enable-sdl2 --enable-libplacebo --enable-librav1e --enable-pocketsphinx --enable-librsvg --enable-libjxl --enable-shared'
2026-01-28 06:44:37 DEBUG pydub.converter [req=9c4e85b33a18eb5c-ORD] subprocess output: b'  libavutil      58. 29.100 / 58. 29.100'
2026-01-28 06:44:37 DEBUG pydub.converter [req=9c4e85b33a18eb5c-ORD] subprocess output: b'  libavcodec     60. 31.102 / 60. 31.102'
2026-01-28 06:44:37 DEBUG pydub.converter [req=9c4e85b33a18eb5c-ORD] subprocess output: b'  libavformat    60. 16.100 / 60. 16.100'
2026-01-28 06:44:37 DEBUG pydub.converter [req=9c4e85b33a18eb5c-ORD] subprocess output: b'  libavdevice    60.  3.100 / 60.  3.100'
2026-01-28 06:44:37 DEBUG pydub.converter [req=9c4e85b33a18eb5c-ORD] subprocess output: b'  libavfilter     9. 12.100 /  9. 12.100'
2026-01-28 06:44:37 DEBUG pydub.converter [req=9c4e85b33a18eb5c-ORD] subprocess output: b'  libswscale      7.  5.100 /  7.  5.100'
2026-01-28 06:44:37 DEBUG pydub.converter [req=9c4e85b33a18eb5c-ORD] subprocess output: b'  libswresample   4. 12.100 /  4. 12.100'
2026-01-28 06:44:37 DEBUG pydub.converter [req=9c4e85b33a18eb5c-ORD] subprocess output: b'  libpostproc    57.  3.100 / 57.  3.100'
2026-01-28 06:44:37 DEBUG pydub.converter [req=9c4e85b33a18eb5c-ORD] subprocess output: b'[aist#0:0/pcm_s16le @ 0x55ecbb058280] Guessed Channel Layout: mono'
2026-01-28 06:44:37 DEBUG pydub.converter [req=9c4e85b33a18eb5c-ORD] subprocess output: b"Input #0, wav, from '/tmp/tmpu0ssp860':"
2026-01-28 06:44:37 DEBUG pydub.converter [req=9c4e85b33a18eb5c-ORD] subprocess output: b'  Duration: 00:00:03.28, bitrate: 384 kb/s'
2026-01-28 06:44:37 DEBUG pydub.converter [req=9c4e85b33a18eb5c-ORD] subprocess output: b'  Stream #0:0: Audio: pcm_s16le ([1][0][0][0] / 0x0001), 24000 Hz, 1 channels, s16, 384 kb/s'
2026-01-28 06:44:37 DEBUG pydub.converter [req=9c4e85b33a18eb5c-ORD] subprocess output: b'Stream mapping:'
2026-01-28 06:44:37 DEBUG pydub.converter [req=9c4e85b33a18eb5c-ORD] subprocess output: b'  Stream #0:0 -> #0:0 (pcm_s16le (native) -> mp3 (libmp3lame))'
2026-01-28 06:44:37 DEBUG pydub.converter [req=9c4e85b33a18eb5c-ORD] subprocess output: b'Press [q] to stop, [?] for help'
2026-01-28 06:44:37 DEBUG pydub.converter [req=9c4e85b33a18eb5c-ORD] subprocess output: b"Output #0, mp3, to '/tmp/tmpq83svj_n':"
2026-01-28 06:44:37 DEBUG pydub.converter [req=9c4e85b33a18eb5c-ORD] subprocess output: b'  Metadata:'
2026-01-28 06:44:37 DEBUG pydub.converter [req=9c4e85b33a18eb5c-ORD] subprocess output: b'    TSSE            : Lavf60.16.100'
2026-01-28 06:44:37 DEBUG pydub.converter [req=9c4e85b33a18eb5c-ORD] subprocess output: b'  Stream #0:0: Audio: mp3, 24000 Hz, mono, s16p'
2026-01-28 06:44:37 DEBUG pydub.converter [req=9c4e85b33a18eb5c-ORD] subprocess output: b'    Metadata:'
2026-01-28 06:44:37 DEBUG pydub.converter [req=9c4e85b33a18eb5c-ORD] subprocess output: b'      encoder         : Lavc60.31.102 libmp3lame'
2026-01-28 06:44:37 DEBUG pydub.converter [req=9c4e85b33a18eb5c-ORD] subprocess output: b'size=       0kB time=-00:00:00.04 bitrate=  -0.0kbits/s speed=N/A'
2026-01-28 06:44:37 DEBUG pydub.converter [req=9c4e85b33a18eb5c-ORD] subprocess output: b'[out#0/mp3 @ 0x55ecbb05ca40] video:0kB audio:13kB subtitle:0kB other streams:0kB global headers:0kB muxing overhead: 1.776079%'
2026-01-28 06:44:37 DEBUG pydub.converter [req=9c4e85b33a18eb5c-ORD] subprocess output: b'size=      13kB time=00:00:03.26 bitrate=  33.3kbits/s speed= 231x'
2026-01-28 06:44:37 DEBUG pydub.converter [req=9c4e85b33a18eb5c-ORD] subprocess.call(['ffmpeg', '-y', '-f', 'wav', '-i', '/tmp/tmp3s2fshhv', '-f', 'mp3', '/tmp/tmpble8r904'])
2026-01-28 06:44:37 DEBUG pydub.converter [req=9c4e85b33a18eb5c-ORD] subprocess output: b'ffmpeg version 6.1.1-3ubuntu5 Copyright (c) 2000-2023 the FFmpeg developers'
2026-01-28 06:44:37 DEBUG pydub.converter [req=9c4e85b33a18eb5c-ORD] subprocess output: b'  built with gcc 13 (Ubuntu 13.2.0-23ubuntu3)'
2026-01-28 06:44:37 DEBUG pydub.converter [req=9c4e85b33a18eb5c-ORD] subprocess output: b'  configuration: --prefix=/usr --extra-version=3ubuntu5 --toolchain=hardened --libdir=/usr/lib/x86_64-linux-gnu --incdir=/usr/include/x86_64-linux-gnu --arch=amd64 --enable-gpl --disable-stripping --disable-omx --enable-gnutls --enable-libaom --enable-libass --enable-libbs2b --enable-libcaca --enable-libcdio --enable-libcodec2 --enable-libdav1d --enable-libflite --enable-libfontconfig --enable-libfreetype --enable-libfribidi --enable-libglslang --enable-libgme --enable-libgsm --enable-libharfbuzz --enable-libmp3lame --enable-libmysofa --enable-libopenjpeg --enable-libopenmpt --enable-libopus --enable-librubberband --enable-libshine --enable-libsnappy --enable-libsoxr --enable-libspeex --enable-libtheora --enable-libtwolame --enable-libvidstab --enable-libvorbis --enable-libvpx --enable-libwebp --enable-libx265 --enable-libxml2 --enable-libxvid --enable-libzimg --enable-openal --enable-opencl --enable-opengl --disable-sndio --enable-libvpl --disable-libmfx --enable-libdc1394 --enable-libdrm --enable-libiec61883 --enable-chromaprint --enable-frei0r --enable-ladspa --enable-libbluray --enable-libjack --enable-libpulse --enable-librabbitmq --enable-librist --enable-libsrt --enable-libssh --enable-libsvtav1 --enable-libx264 --enable-libzmq --enable-libzvbi --enable-lv2 --enable-sdl2 --enable-libplacebo --enable-librav1e --enable-pocketsphinx --enable-librsvg --enable-libjxl --enable-shared'
2026-01-28 06:44:37 DEBUG pydub.converter [req=9c4e85b33a18eb5c-ORD] subprocess output: b'  libavutil      58. 29.100 / 58. 29.100'
2026-01-28 06:44:37 DEBUG pydub.converter [req=9c4e85b33a18eb5c-ORD] subprocess output: b'  libavcodec     60. 31.102 / 60. 31.102'
2026-01-28 06:44:37 DEBUG pydub.converter [req=9c4e85b33a18eb5c-ORD] subprocess output: b'  libavformat    60. 16.100 / 60. 16.100'
2026-01-28 06:44:37 DEBUG pydub.converter [req=9c4e85b33a18eb5c-ORD] subprocess output: b'  libavdevice    60.  3.100 / 60.  3.100'
2026-01-28 06:44:37 DEBUG pydub.converter [req=9c4e85b33a18eb5c-ORD] subprocess output: b'  libavfilter     9. 12.100 /  9. 12.100'
2026-01-28 06:44:37 DEBUG pydub.converter [req=9c4e85b33a18eb5c-ORD] subprocess output: b'  libswscale      7.  5.100 /  7.  5.100'
2026-01-28 06:44:37 DEBUG pydub.converter [req=9c4e85b33a18eb5c-ORD] subprocess output: b'  libswresample   4. 12.100 /  4. 12.100'
2026-01-28 06:44:37 DEBUG pydub.converter [req=9c4e85b33a18eb5c-ORD] subprocess output: b'  libpostproc    57.  3.100 / 57.  3.100'
2026-01-28 06:44:37 DEBUG pydub.converter [req=9c4e85b33a18eb5c-ORD] subprocess output: b'[aist#0:0/pcm_s16le @ 0x6019ddbe87c0] Guessed Channel Layout: mono'
2026-01-28 06:44:37 DEBUG pydub.converter [req=9c4e85b33a18eb5c-ORD] subprocess output: b"Input #0, wav, from '/tmp/tmp3s2fshhv':"
2026-01-28 06:44:37 DEBUG pydub.converter [req=9c4e85b33a18eb5c-ORD] subprocess output: b'  Duration: 00:00:03.73, bitrate: 384 kb/s'
2026-01-28 06:44:37 DEBUG pydub.converter [req=9c4e85b33a18eb5c-ORD] subprocess output: b'  Stream #0:0: Audio: pcm_s16le ([1][0][0][0] / 0x0001), 24000 Hz, 1 channels, s16, 384 kb/s'
2026-01-28 06:44:37 DEBUG pydub.converter [req=9c4e85b33a18eb5c-ORD] subprocess output: b'Stream mapping:'
2026-01-28 06:44:37 DEBUG pydub.converter [req=9c4e85b33a18eb5c-ORD] subprocess output: b'  Stream #0:0 -> #0:0 (pcm_s16le (native) -> mp3 (libmp3lame))'
2026-01-28 06:44:37 DEBUG pydub.converter [req=9c4e85b33a18eb5c-ORD] subprocess output: b'Press [q] to stop, [?] for help'
2026-01-28 06:44:37 DEBUG pydub.converter [req=9c4e85b33a18eb5c-ORD] subprocess output: b"Output #0, mp3, to '/tmp/tmpble8r904':"
2026-01-28 06:44:37 DEBUG pydub.converter [req=9c4e85b33a18eb5c-ORD] subprocess output: b'  Metadata:'
2026-01-28 06:44:37 DEBUG pydub.converter [req=9c4e85b33a18eb5c-ORD] subprocess output: b'    TSSE            : Lavf60.16.100'
2026-01-28 06:44:37 DEBUG pydub.converter [req=9c4e85b33a18eb5c-ORD] subprocess output: b'  Stream #0:0: Audio: mp3, 24000 Hz, mono, s16p'
2026-01-28 06:44:37 DEBUG pydub.converter [req=9c4e85b33a18eb5c-ORD] subprocess output: b'    Metadata:'
2026-01-28 06:44:37 DEBUG pydub.converter [req=9c4e85b33a18eb5c-ORD] subprocess output: b'      encoder         : Lavc60.31.102 libmp3lame'
2026-01-28 06:44:37 DEBUG pydub.converter [req=9c4e85b33a18eb5c-ORD] subprocess output: b'size=       0kB time=-00:00:00.04 bitrate=  -0.0kbits/s speed=N/A'
2026-01-28 06:44:37 DEBUG pydub.converter [req=9c4e85b33a18eb5c-ORD] subprocess output: b'[out#0/mp3 @ 0x6019ddbc0a40] video:0kB audio:15kB subtitle:0kB other streams:0kB global headers:0kB muxing overhead: 1.562500%'
2026-01-28 06:44:37 DEBUG pydub.converter [req=9c4e85b33a18eb5c-ORD] subprocess output: b'size=      15kB time=00:00:03.72 bitrate=  33.1kbits/s speed= 235x'
2026-01-28 06:44:37 DEBUG pydub.converter [req=9c4e85b33a18eb5c-ORD] subprocess.call(['ffmpeg', '-y', '-f', 'wav', '-i', '/tmp/tmpk_6omr25', '-f', 'mp3', '/tmp/tmpawbk856j'])
2026-01-28 06:44:37 DEBUG pydub.converter [req=9c4e85b33a18eb5c-ORD] subprocess output: b'ffmpeg version 6.1.1-3ubuntu5 Copyright (c) 2000-2023 the FFmpeg developers'
2026-01-28 06:44:37 DEBUG pydub.converter [req=9c4e85b33a18eb5c-ORD] subprocess output: b'  built with gcc 13 (Ubuntu 13.2.0-23ubuntu3)'
2026-01-28 06:44:37 DEBUG pydub.converter [req=9c4e85b33a18eb5c-ORD] subprocess output: b'  configuration: --prefix=/usr --extra-version=3ubuntu5 --toolchain=hardened --libdir=/usr/lib/x86_64-linux-gnu --incdir=/usr/include/x86_64-linux-gnu --arch=amd64 --enable-gpl --disable-stripping --disable-omx --enable-gnutls --enable-libaom --enable-libass --enable-libbs2b --enable-libcaca --enable-libcdio --enable-libcodec2 --enable-libdav1d --enable-libflite --enable-libfontconfig --enable-libfreetype --enable-libfribidi --enable-libglslang --enable-libgme --enable-libgsm --enable-libharfbuzz --enable-libmp3lame --enable-libmysofa --enable-libopenjpeg --enable-libopenmpt --enable-libopus --enable-librubberband --enable-libshine --enable-libsnappy --enable-libsoxr --enable-libspeex --enable-libtheora --enable-libtwolame --enable-libvidstab --enable-libvorbis --enable-libvpx --enable-libwebp --enable-libx265 --enable-libxml2 --enable-libxvid --enable-libzimg --enable-openal --enable-opencl --enable-opengl --disable-sndio --enable-libvpl --disable-libmfx --enable-libdc1394 --enable-libdrm --enable-libiec61883 --enable-chromaprint --enable-frei0r --enable-ladspa --enable-libbluray --enable-libjack --enable-libpulse --enable-librabbitmq --enable-librist --enable-libsrt --enable-libssh --enable-libsvtav1 --enable-libx264 --enable-libzmq --enable-libzvbi --enable-lv2 --enable-sdl2 --enable-libplacebo --enable-librav1e --enable-pocketsphinx --enable-librsvg --enable-libjxl --enable-shared'
2026-01-28 06:44:37 DEBUG pydub.converter [req=9c4e85b33a18eb5c-ORD] subprocess output: b'  libavutil      58. 29.100 / 58. 29.100'
2026-01-28 06:44:37 DEBUG pydub.converter [req=9c4e85b33a18eb5c-ORD] subprocess output: b'  libavcodec     60. 31.102 / 60. 31.102'
2026-01-28 06:44:37 DEBUG pydub.converter [req=9c4e85b33a18eb5c-ORD] subprocess output: b'  libavformat    60. 16.100 / 60. 16.100'
2026-01-28 06:44:37 DEBUG pydub.converter [req=9c4e85b33a18eb5c-ORD] subprocess output: b'  libavdevice    60.  3.100 / 60.  3.100'
2026-01-28 06:44:37 DEBUG pydub.converter [req=9c4e85b33a18eb5c-ORD] subprocess output: b'  libavfilter     9. 12.100 /  9. 12.100'
2026-01-28 06:44:37 DEBUG pydub.converter [req=9c4e85b33a18eb5c-ORD] subprocess output: b'  libswscale      7.  5.100 /  7.  5.100'
2026-01-28 06:44:37 DEBUG pydub.converter [req=9c4e85b33a18eb5c-ORD] subprocess output: b'  libswresample   4. 12.100 /  4. 12.100'
2026-01-28 06:44:37 DEBUG pydub.converter [req=9c4e85b33a18eb5c-ORD] subprocess output: b'  libpostproc    57.  3.100 / 57.  3.100'
2026-01-28 06:44:37 DEBUG pydub.converter [req=9c4e85b33a18eb5c-ORD] subprocess output: b'[aist#0:0/pcm_s16le @ 0x594c8a833f00] Guessed Channel Layout: mono'
2026-01-28 06:44:37 DEBUG pydub.converter [req=9c4e85b33a18eb5c-ORD] subprocess output: b"Input #0, wav, from '/tmp/tmpk_6omr25':"
2026-01-28 06:44:37 DEBUG pydub.converter [req=9c4e85b33a18eb5c-ORD] subprocess output: b'  Duration: 00:00:04.30, bitrate: 384 kb/s'
2026-01-28 06:44:37 DEBUG pydub.converter [req=9c4e85b33a18eb5c-ORD] subprocess output: b'  Stream #0:0: Audio: pcm_s16le ([1][0][0][0] / 0x0001), 24000 Hz, 1 channels, s16, 384 kb/s'
2026-01-28 06:44:37 DEBUG pydub.converter [req=9c4e85b33a18eb5c-ORD] subprocess output: b'Stream mapping:'
2026-01-28 06:44:37 DEBUG pydub.converter [req=9c4e85b33a18eb5c-ORD] subprocess output: b'  Stream #0:0 -> #0:0 (pcm_s16le (native) -> mp3 (libmp3lame))'
2026-01-28 06:44:37 DEBUG pydub.converter [req=9c4e85b33a18eb5c-ORD] subprocess output: b'Press [q] to stop, [?] for help'
2026-01-28 06:44:37 DEBUG pydub.converter [req=9c4e85b33a18eb5c-ORD] subprocess output: b"Output #0, mp3, to '/tmp/tmpawbk856j':"
2026-01-28 06:44:37 DEBUG pydub.converter [req=9c4e85b33a18eb5c-ORD] subprocess output: b'  Metadata:'
2026-01-28 06:44:37 DEBUG pydub.converter [req=9c4e85b33a18eb5c-ORD] subprocess output: b'    TSSE            : Lavf60.16.100'
2026-01-28 06:44:37 DEBUG pydub.converter [req=9c4e85b33a18eb5c-ORD] subprocess output: b'  Stream #0:0: Audio: mp3, 24000 Hz, mono, s16p'
2026-01-28 06:44:37 DEBUG pydub.converter [req=9c4e85b33a18eb5c-ORD] subprocess output: b'    Metadata:'
2026-01-28 06:44:37 DEBUG pydub.converter [req=9c4e85b33a18eb5c-ORD] subprocess output: b'      encoder         : Lavc60.31.102 libmp3lame'
2026-01-28 06:44:37 DEBUG pydub.converter [req=9c4e85b33a18eb5c-ORD] subprocess output: b'size=       0kB time=-00:00:00.04 bitrate=  -0.0kbits/s speed=N/A'
2026-01-28 06:44:37 DEBUG pydub.converter [req=9c4e85b33a18eb5c-ORD] subprocess output: b'[out#0/mp3 @ 0x594c8a80aa40] video:0kB audio:17kB subtitle:0kB other streams:0kB global headers:0kB muxing overhead: 1.356456%'
2026-01-28 06:44:37 DEBUG pydub.converter [req=9c4e85b33a18eb5c-ORD] subprocess output: b'size=      17kB time=00:00:04.29 bitrate=  33.0kbits/s speed= 236x'
2026-01-28 06:44:37 DEBUG pydub.converter [req=9c4e85b33a18eb5c-ORD] subprocess.call(['ffmpeg', '-y', '-f', 'wav', '-i', '/tmp/tmpp2068l14', '-f', 'mp3', '/tmp/tmpxe8a30vq'])
2026-01-28 06:44:37 DEBUG pydub.converter [req=9c4e85b33a18eb5c-ORD] subprocess output: b'ffmpeg version 6.1.1-3ubuntu5 Copyright (c) 2000-2023 the FFmpeg developers'
2026-01-28 06:44:37 DEBUG pydub.converter [req=9c4e85b33a18eb5c-ORD] subprocess output: b'  built with gcc 13 (Ubuntu 13.2.0-23ubuntu3)'
2026-01-28 06:44:37 DEBUG pydub.converter [req=9c4e85b33a18eb5c-ORD] subprocess output: b'  configuration: --prefix=/usr --extra-version=3ubuntu5 --toolchain=hardened --libdir=/usr/lib/x86_64-linux-gnu --incdir=/usr/include/x86_64-linux-gnu --arch=amd64 --enable-gpl --disable-stripping --disable-omx --enable-gnutls --enable-libaom --enable-libass --enable-libbs2b --enable-libcaca --enable-libcdio --enable-libcodec2 --enable-libdav1d --enable-libflite --enable-libfontconfig --enable-libfreetype --enable-libfribidi --enable-libglslang --enable-libgme --enable-libgsm --enable-libharfbuzz --enable-libmp3lame --enable-libmysofa --enable-libopenjpeg --enable-libopenmpt --enable-libopus --enable-librubberband --enable-libshine --enable-libsnappy --enable-libsoxr --enable-libspeex --enable-libtheora --enable-libtwolame --enable-libvidstab --enable-libvorbis --enable-libvpx --enable-libwebp --enable-libx265 --enable-libxml2 --enable-libxvid --enable-libzimg --enable-openal --enable-opencl --enable-opengl --disable-sndio --enable-libvpl --disable-libmfx --enable-libdc1394 --enable-libdrm --enable-libiec61883 --enable-chromaprint --enable-frei0r --enable-ladspa --enable-libbluray --enable-libjack --enable-libpulse --enable-librabbitmq --enable-librist --enable-libsrt --enable-libssh --enable-libsvtav1 --enable-libx264 --enable-libzmq --enable-libzvbi --enable-lv2 --enable-sdl2 --enable-libplacebo --enable-librav1e --enable-pocketsphinx --enable-librsvg --enable-libjxl --enable-shared'
2026-01-28 06:44:37 DEBUG pydub.converter [req=9c4e85b33a18eb5c-ORD] subprocess output: b'  libavutil      58. 29.100 / 58. 29.100'
2026-01-28 06:44:37 DEBUG pydub.converter [req=9c4e85b33a18eb5c-ORD] subprocess output: b'  libavcodec     60. 31.102 / 60. 31.102'
2026-01-28 06:44:37 DEBUG pydub.converter [req=9c4e85b33a18eb5c-ORD] subprocess output: b'  libavformat    60. 16.100 / 60. 16.100'
2026-01-28 06:44:37 DEBUG pydub.converter [req=9c4e85b33a18eb5c-ORD] subprocess output: b'  libavdevice    60.  3.100 / 60.  3.100'
2026-01-28 06:44:37 DEBUG pydub.converter [req=9c4e85b33a18eb5c-ORD] subprocess output: b'  libavfilter     9. 12.100 /  9. 12.100'
2026-01-28 06:44:37 DEBUG pydub.converter [req=9c4e85b33a18eb5c-ORD] subprocess output: b'  libswscale      7.  5.100 /  7.  5.100'
2026-01-28 06:44:37 DEBUG pydub.converter [req=9c4e85b33a18eb5c-ORD] subprocess output: b'  libswresample   4. 12.100 /  4. 12.100'
2026-01-28 06:44:37 DEBUG pydub.converter [req=9c4e85b33a18eb5c-ORD] subprocess output: b'  libpostproc    57.  3.100 / 57.  3.100'
2026-01-28 06:44:37 DEBUG pydub.converter [req=9c4e85b33a18eb5c-ORD] subprocess output: b'[aist#0:0/pcm_s16le @ 0x56375330ae00] Guessed Channel Layout: mono'
2026-01-28 06:44:37 DEBUG pydub.converter [req=9c4e85b33a18eb5c-ORD] subprocess output: b"Input #0, wav, from '/tmp/tmpp2068l14':"
2026-01-28 06:44:37 DEBUG pydub.converter [req=9c4e85b33a18eb5c-ORD] subprocess output: b'  Duration: 00:00:03.78, bitrate: 384 kb/s'
2026-01-28 06:44:37 DEBUG pydub.converter [req=9c4e85b33a18eb5c-ORD] subprocess output: b'  Stream #0:0: Audio: pcm_s16le ([1][0][0][0] / 0x0001), 24000 Hz, 1 channels, s16, 384 kb/s'
2026-01-28 06:44:37 DEBUG pydub.converter [req=9c4e85b33a18eb5c-ORD] subprocess output: b'Stream mapping:'
2026-01-28 06:44:37 DEBUG pydub.converter [req=9c4e85b33a18eb5c-ORD] subprocess output: b'  Stream #0:0 -> #0:0 (pcm_s16le (native) -> mp3 (libmp3lame))'
2026-01-28 06:44:37 DEBUG pydub.converter [req=9c4e85b33a18eb5c-ORD] subprocess output: b'Press [q] to stop, [?] for help'
2026-01-28 06:44:37 DEBUG pydub.converter [req=9c4e85b33a18eb5c-ORD] subprocess output: b"Output #0, mp3, to '/tmp/tmpxe8a30vq':"
2026-01-28 06:44:37 DEBUG pydub.converter [req=9c4e85b33a18eb5c-ORD] subprocess output: b'  Metadata:'
2026-01-28 06:44:37 DEBUG pydub.converter [req=9c4e85b33a18eb5c-ORD] subprocess output: b'    TSSE            : Lavf60.16.100'
2026-01-28 06:44:37 DEBUG pydub.converter [req=9c4e85b33a18eb5c-ORD] subprocess output: b'  Stream #0:0: Audio: mp3, 24000 Hz, mono, s16p'
2026-01-28 06:44:37 DEBUG pydub.converter [req=9c4e85b33a18eb5c-ORD] subprocess output: b'    Metadata:'
2026-01-28 06:44:37 DEBUG pydub.converter [req=9c4e85b33a18eb5c-ORD] subprocess output: b'      encoder         : Lavc60.31.102 libmp3lame'
2026-01-28 06:44:37 DEBUG pydub.converter [req=9c4e85b33a18eb5c-ORD] subprocess output: b'size=       0kB time=-00:00:00.04 bitrate=  -0.0kbits/s speed=N/A'
2026-01-28 06:44:37 DEBUG pydub.converter [req=9c4e85b33a18eb5c-ORD] subprocess output: b'[out#0/mp3 @ 0x56375330fa40] video:0kB audio:15kB subtitle:0kB other streams:0kB global headers:0kB muxing overhead: 1.542969%'
2026-01-28 06:44:37 DEBUG pydub.converter [req=9c4e85b33a18eb5c-ORD] subprocess output: b'size=      15kB time=00:00:03.76 bitrate=  33.1kbits/s speed= 234x'
2026-01-28 06:44:38 DEBUG pydub.converter [req=9c4e85b33a18eb5c-ORD] subprocess.call(['ffmpeg', '-y', '-f', 'wav', '-i', '/tmp/tmp16zlptqb', '-f', 'mp3', '/tmp/tmpgumvm58n'])
2026-01-28 06:44:38 DEBUG pydub.converter [req=9c4e85b33a18eb5c-ORD] subprocess output: b'ffmpeg version 6.1.1-3ubuntu5 Copyright (c) 2000-2023 the FFmpeg developers'
2026-01-28 06:44:38 DEBUG pydub.converter [req=9c4e85b33a18eb5c-ORD] subprocess output: b'  built with gcc 13 (Ubuntu 13.2.0-23ubuntu3)'
2026-01-28 06:44:38 DEBUG pydub.converter [req=9c4e85b33a18eb5c-ORD] subprocess output: b'  configuration: --prefix=/usr --extra-version=3ubuntu5 --toolchain=hardened --libdir=/usr/lib/x86_64-linux-gnu --incdir=/usr/include/x86_64-linux-gnu --arch=amd64 --enable-gpl --disable-stripping --disable-omx --enable-gnutls --enable-libaom --enable-libass --enable-libbs2b --enable-libcaca --enable-libcdio --enable-libcodec2 --enable-libdav1d --enable-libflite --enable-libfontconfig --enable-libfreetype --enable-libfribidi --enable-libglslang --enable-libgme --enable-libgsm --enable-libharfbuzz --enable-libmp3lame --enable-libmysofa --enable-libopenjpeg --enable-libopenmpt --enable-libopus --enable-librubberband --enable-libshine --enable-libsnappy --enable-libsoxr --enable-libspeex --enable-libtheora --enable-libtwolame --enable-libvidstab --enable-libvorbis --enable-libvpx --enable-libwebp --enable-libx265 --enable-libxml2 --enable-libxvid --enable-libzimg --enable-openal --enable-opencl --enable-opengl --disable-sndio --enable-libvpl --disable-libmfx --enable-libdc1394 --enable-libdrm --enable-libiec61883 --enable-chromaprint --enable-frei0r --enable-ladspa --enable-libbluray --enable-libjack --enable-libpulse --enable-librabbitmq --enable-librist --enable-libsrt --enable-libssh --enable-libsvtav1 --enable-libx264 --enable-libzmq --enable-libzvbi --enable-lv2 --enable-sdl2 --enable-libplacebo --enable-librav1e --enable-pocketsphinx --enable-librsvg --enable-libjxl --enable-shared'
2026-01-28 06:44:38 DEBUG pydub.converter [req=9c4e85b33a18eb5c-ORD] subprocess output: b'  libavutil      58. 29.100 / 58. 29.100'
2026-01-28 06:44:38 DEBUG pydub.converter [req=9c4e85b33a18eb5c-ORD] subprocess output: b'  libavcodec     60. 31.102 / 60. 31.102'
2026-01-28 06:44:38 DEBUG pydub.converter [req=9c4e85b33a18eb5c-ORD] subprocess output: b'  libavformat    60. 16.100 / 60. 16.100'
2026-01-28 06:44:38 DEBUG pydub.converter [req=9c4e85b33a18eb5c-ORD] subprocess output: b'  libavdevice    60.  3.100 / 60.  3.100'
2026-01-28 06:44:38 DEBUG pydub.converter [req=9c4e85b33a18eb5c-ORD] subprocess output: b'  libavfilter     9. 12.100 /  9. 12.100'
2026-01-28 06:44:38 DEBUG pydub.converter [req=9c4e85b33a18eb5c-ORD] subprocess output: b'  libswscale      7.  5.100 /  7.  5.100'
2026-01-28 06:44:38 DEBUG pydub.converter [req=9c4e85b33a18eb5c-ORD] subprocess output: b'  libswresample   4. 12.100 /  4. 12.100'
2026-01-28 06:44:38 DEBUG pydub.converter [req=9c4e85b33a18eb5c-ORD] subprocess output: b'  libpostproc    57.  3.100 / 57.  3.100'
2026-01-28 06:44:38 DEBUG pydub.converter [req=9c4e85b33a18eb5c-ORD] subprocess output: b'[aist#0:0/pcm_s16le @ 0x59d9898c5f00] Guessed Channel Layout: mono'
2026-01-28 06:44:38 DEBUG pydub.converter [req=9c4e85b33a18eb5c-ORD] subprocess output: b"Input #0, wav, from '/tmp/tmp16zlptqb':"
2026-01-28 06:44:38 DEBUG pydub.converter [req=9c4e85b33a18eb5c-ORD] subprocess output: b'  Duration: 00:00:05.08, bitrate: 384 kb/s'
2026-01-28 06:44:38 DEBUG pydub.converter [req=9c4e85b33a18eb5c-ORD] subprocess output: b'  Stream #0:0: Audio: pcm_s16le ([1][0][0][0] / 0x0001), 24000 Hz, 1 channels, s16, 384 kb/s'
2026-01-28 06:44:38 DEBUG pydub.converter [req=9c4e85b33a18eb5c-ORD] subprocess output: b'Stream mapping:'
2026-01-28 06:44:38 DEBUG pydub.converter [req=9c4e85b33a18eb5c-ORD] subprocess output: b'  Stream #0:0 -> #0:0 (pcm_s16le (native) -> mp3 (libmp3lame))'
2026-01-28 06:44:38 DEBUG pydub.converter [req=9c4e85b33a18eb5c-ORD] subprocess output: b'Press [q] to stop, [?] for help'
2026-01-28 06:44:38 DEBUG pydub.converter [req=9c4e85b33a18eb5c-ORD] subprocess output: b"Output #0, mp3, to '/tmp/tmpgumvm58n':"
2026-01-28 06:44:38 DEBUG pydub.converter [req=9c4e85b33a18eb5c-ORD] subprocess output: b'  Metadata:'
2026-01-28 06:44:38 DEBUG pydub.converter [req=9c4e85b33a18eb5c-ORD] subprocess output: b'    TSSE            : Lavf60.16.100'
2026-01-28 06:44:38 DEBUG pydub.converter [req=9c4e85b33a18eb5c-ORD] subprocess output: b'  Stream #0:0: Audio: mp3, 24000 Hz, mono, s16p'
2026-01-28 06:44:38 DEBUG pydub.converter [req=9c4e85b33a18eb5c-ORD] subprocess output: b'    Metadata:'
2026-01-28 06:44:38 DEBUG pydub.converter [req=9c4e85b33a18eb5c-ORD] subprocess output: b'      encoder         : Lavc60.31.102 libmp3lame'
2026-01-28 06:44:38 DEBUG pydub.converter [req=9c4e85b33a18eb5c-ORD] subprocess output: b'size=       0kB time=-00:00:00.04 bitrate=  -0.0kbits/s speed=N/A'
2026-01-28 06:44:38 DEBUG pydub.converter [req=9c4e85b33a18eb5c-ORD] subprocess output: b'[out#0/mp3 @ 0x59d98989ca40] video:0kB audio:20kB subtitle:0kB other streams:0kB global headers:0kB muxing overhead: 1.153621%'
2026-01-28 06:44:38 DEBUG pydub.converter [req=9c4e85b33a18eb5c-ORD] subprocess output: b'size=      20kB time=00:00:05.06 bitrate=  32.8kbits/s speed= 241x'
2026-01-28 06:44:38 DEBUG pydub.converter [req=9c4e85b33a18eb5c-ORD] subprocess.call(['ffmpeg', '-y', '-f', 'wav', '-i', '/tmp/tmp2ojcvlmw', '-f', 'mp3', '/tmp/tmpqzmzzxmf'])
2026-01-28 06:44:38 DEBUG pydub.converter [req=9c4e85b33a18eb5c-ORD] subprocess output: b'ffmpeg version 6.1.1-3ubuntu5 Copyright (c) 2000-2023 the FFmpeg developers'
2026-01-28 06:44:38 DEBUG pydub.converter [req=9c4e85b33a18eb5c-ORD] subprocess output: b'  built with gcc 13 (Ubuntu 13.2.0-23ubuntu3)'
2026-01-28 06:44:38 DEBUG pydub.converter [req=9c4e85b33a18eb5c-ORD] subprocess output: b'  configuration: --prefix=/usr --extra-version=3ubuntu5 --toolchain=hardened --libdir=/usr/lib/x86_64-linux-gnu --incdir=/usr/include/x86_64-linux-gnu --arch=amd64 --enable-gpl --disable-stripping --disable-omx --enable-gnutls --enable-libaom --enable-libass --enable-libbs2b --enable-libcaca --enable-libcdio --enable-libcodec2 --enable-libdav1d --enable-libflite --enable-libfontconfig --enable-libfreetype --enable-libfribidi --enable-libglslang --enable-libgme --enable-libgsm --enable-libharfbuzz --enable-libmp3lame --enable-libmysofa --enable-libopenjpeg --enable-libopenmpt --enable-libopus --enable-librubberband --enable-libshine --enable-libsnappy --enable-libsoxr --enable-libspeex --enable-libtheora --enable-libtwolame --enable-libvidstab --enable-libvorbis --enable-libvpx --enable-libwebp --enable-libx265 --enable-libxml2 --enable-libxvid --enable-libzimg --enable-openal --enable-opencl --enable-opengl --disable-sndio --enable-libvpl --disable-libmfx --enable-libdc1394 --enable-libdrm --enable-libiec61883 --enable-chromaprint --enable-frei0r --enable-ladspa --enable-libbluray --enable-libjack --enable-libpulse --enable-librabbitmq --enable-librist --enable-libsrt --enable-libssh --enable-libsvtav1 --enable-libx264 --enable-libzmq --enable-libzvbi --enable-lv2 --enable-sdl2 --enable-libplacebo --enable-librav1e --enable-pocketsphinx --enable-librsvg --enable-libjxl --enable-shared'
2026-01-28 06:44:38 DEBUG pydub.converter [req=9c4e85b33a18eb5c-ORD] subprocess output: b'  libavutil      58. 29.100 / 58. 29.100'
2026-01-28 06:44:38 DEBUG pydub.converter [req=9c4e85b33a18eb5c-ORD] subprocess output: b'  libavcodec     60. 31.102 / 60. 31.102'
2026-01-28 06:44:38 DEBUG pydub.converter [req=9c4e85b33a18eb5c-ORD] subprocess output: b'  libavformat    60. 16.100 / 60. 16.100'
2026-01-28 06:44:38 DEBUG pydub.converter [req=9c4e85b33a18eb5c-ORD] subprocess output: b'  libavdevice    60.  3.100 / 60.  3.100'
2026-01-28 06:44:38 DEBUG pydub.converter [req=9c4e85b33a18eb5c-ORD] subprocess output: b'  libavfilter     9. 12.100 /  9. 12.100'
2026-01-28 06:44:38 DEBUG pydub.converter [req=9c4e85b33a18eb5c-ORD] subprocess output: b'  libswscale      7.  5.100 /  7.  5.100'
2026-01-28 06:44:38 DEBUG pydub.converter [req=9c4e85b33a18eb5c-ORD] subprocess output: b'  libswresample   4. 12.100 /  4. 12.100'
2026-01-28 06:44:38 DEBUG pydub.converter [req=9c4e85b33a18eb5c-ORD] subprocess output: b'  libpostproc    57.  3.100 / 57.  3.100'
2026-01-28 06:44:38 DEBUG pydub.converter [req=9c4e85b33a18eb5c-ORD] subprocess output: b'[aist#0:0/pcm_s16le @ 0x561cc822cf00] Guessed Channel Layout: mono'
2026-01-28 06:44:38 DEBUG pydub.converter [req=9c4e85b33a18eb5c-ORD] subprocess output: b"Input #0, wav, from '/tmp/tmp2ojcvlmw':"
2026-01-28 06:44:38 DEBUG pydub.converter [req=9c4e85b33a18eb5c-ORD] subprocess output: b'  Duration: 00:00:05.33, bitrate: 384 kb/s'
2026-01-28 06:44:38 DEBUG pydub.converter [req=9c4e85b33a18eb5c-ORD] subprocess output: b'  Stream #0:0: Audio: pcm_s16le ([1][0][0][0] / 0x0001), 24000 Hz, 1 channels, s16, 384 kb/s'
2026-01-28 06:44:38 DEBUG pydub.converter [req=9c4e85b33a18eb5c-ORD] subprocess output: b'Stream mapping:'
2026-01-28 06:44:38 DEBUG pydub.converter [req=9c4e85b33a18eb5c-ORD] subprocess output: b'  Stream #0:0 -> #0:0 (pcm_s16le (native) -> mp3 (libmp3lame))'
2026-01-28 06:44:38 DEBUG pydub.converter [req=9c4e85b33a18eb5c-ORD] subprocess output: b'Press [q] to stop, [?] for help'
2026-01-28 06:44:38 DEBUG pydub.converter [req=9c4e85b33a18eb5c-ORD] subprocess output: b"Output #0, mp3, to '/tmp/tmpqzmzzxmf':"
2026-01-28 06:44:38 DEBUG pydub.converter [req=9c4e85b33a18eb5c-ORD] subprocess output: b'  Metadata:'
2026-01-28 06:44:38 DEBUG pydub.converter [req=9c4e85b33a18eb5c-ORD] subprocess output: b'    TSSE            : Lavf60.16.100'
2026-01-28 06:44:38 DEBUG pydub.converter [req=9c4e85b33a18eb5c-ORD] subprocess output: b'  Stream #0:0: Audio: mp3, 24000 Hz, mono, s16p'
2026-01-28 06:44:38 DEBUG pydub.converter [req=9c4e85b33a18eb5c-ORD] subprocess output: b'    Metadata:'
2026-01-28 06:44:38 DEBUG pydub.converter [req=9c4e85b33a18eb5c-ORD] subprocess output: b'      encoder         : Lavc60.31.102 libmp3lame'
2026-01-28 06:44:38 DEBUG pydub.converter [req=9c4e85b33a18eb5c-ORD] subprocess output: b'size=       0kB time=-00:00:00.04 bitrate=  -0.0kbits/s speed=N/A'
2026-01-28 06:44:38 DEBUG pydub.converter [req=9c4e85b33a18eb5c-ORD] subprocess output: b'[out#0/mp3 @ 0x561cc8203a40] video:0kB audio:21kB subtitle:0kB other streams:0kB global headers:0kB muxing overhead: 1.102121%'
2026-01-28 06:44:38 DEBUG pydub.converter [req=9c4e85b33a18eb5c-ORD] subprocess output: b'size=      21kB time=00:00:05.30 bitrate=  32.8kbits/s speed= 243x'
2026-01-28 06:44:38 DEBUG pydub.converter [req=9c4e85b33a18eb5c-ORD] subprocess.call(['ffmpeg', '-y', '-f', 'wav', '-i', '/tmp/tmpry2nn8oo', '-f', 'mp3', '/tmp/tmpjkbq7snt'])
2026-01-28 06:44:38 DEBUG pydub.converter [req=9c4e85b33a18eb5c-ORD] subprocess output: b'ffmpeg version 6.1.1-3ubuntu5 Copyright (c) 2000-2023 the FFmpeg developers'
2026-01-28 06:44:38 DEBUG pydub.converter [req=9c4e85b33a18eb5c-ORD] subprocess output: b'  built with gcc 13 (Ubuntu 13.2.0-23ubuntu3)'
2026-01-28 06:44:38 DEBUG pydub.converter [req=9c4e85b33a18eb5c-ORD] subprocess output: b'  configuration: --prefix=/usr --extra-version=3ubuntu5 --toolchain=hardened --libdir=/usr/lib/x86_64-linux-gnu --incdir=/usr/include/x86_64-linux-gnu --arch=amd64 --enable-gpl --disable-stripping --disable-omx --enable-gnutls --enable-libaom --enable-libass --enable-libbs2b --enable-libcaca --enable-libcdio --enable-libcodec2 --enable-libdav1d --enable-libflite --enable-libfontconfig --enable-libfreetype --enable-libfribidi --enable-libglslang --enable-libgme --enable-libgsm --enable-libharfbuzz --enable-libmp3lame --enable-libmysofa --enable-libopenjpeg --enable-libopenmpt --enable-libopus --enable-librubberband --enable-libshine --enable-libsnappy --enable-libsoxr --enable-libspeex --enable-libtheora --enable-libtwolame --enable-libvidstab --enable-libvorbis --enable-libvpx --enable-libwebp --enable-libx265 --enable-libxml2 --enable-libxvid --enable-libzimg --enable-openal --enable-opencl --enable-opengl --disable-sndio --enable-libvpl --disable-libmfx --enable-libdc1394 --enable-libdrm --enable-libiec61883 --enable-chromaprint --enable-frei0r --enable-ladspa --enable-libbluray --enable-libjack --enable-libpulse --enable-librabbitmq --enable-librist --enable-libsrt --enable-libssh --enable-libsvtav1 --enable-libx264 --enable-libzmq --enable-libzvbi --enable-lv2 --enable-sdl2 --enable-libplacebo --enable-librav1e --enable-pocketsphinx --enable-librsvg --enable-libjxl --enable-shared'
2026-01-28 06:44:38 DEBUG pydub.converter [req=9c4e85b33a18eb5c-ORD] subprocess output: b'  libavutil      58. 29.100 / 58. 29.100'
2026-01-28 06:44:38 DEBUG pydub.converter [req=9c4e85b33a18eb5c-ORD] subprocess output: b'  libavcodec     60. 31.102 / 60. 31.102'
2026-01-28 06:44:38 DEBUG pydub.converter [req=9c4e85b33a18eb5c-ORD] subprocess output: b'  libavformat    60. 16.100 / 60. 16.100'
2026-01-28 06:44:38 DEBUG pydub.converter [req=9c4e85b33a18eb5c-ORD] subprocess output: b'  libavdevice    60.  3.100 / 60.  3.100'
2026-01-28 06:44:38 DEBUG pydub.converter [req=9c4e85b33a18eb5c-ORD] subprocess output: b'  libavfilter     9. 12.100 /  9. 12.100'
2026-01-28 06:44:38 DEBUG pydub.converter [req=9c4e85b33a18eb5c-ORD] subprocess output: b'  libswscale      7.  5.100 /  7.  5.100'
2026-01-28 06:44:38 DEBUG pydub.converter [req=9c4e85b33a18eb5c-ORD] subprocess output: b'  libswresample   4. 12.100 /  4. 12.100'
2026-01-28 06:44:38 DEBUG pydub.converter [req=9c4e85b33a18eb5c-ORD] subprocess output: b'  libpostproc    57.  3.100 / 57.  3.100'
2026-01-28 06:44:38 DEBUG pydub.converter [req=9c4e85b33a18eb5c-ORD] subprocess output: b'[aist#0:0/pcm_s16le @ 0x63b7b223cf00] Guessed Channel Layout: mono'
2026-01-28 06:44:38 DEBUG pydub.converter [req=9c4e85b33a18eb5c-ORD] subprocess output: b"Input #0, wav, from '/tmp/tmpry2nn8oo':"
2026-01-28 06:44:38 DEBUG pydub.converter [req=9c4e85b33a18eb5c-ORD] subprocess output: b'  Duration: 00:00:15.30, bitrate: 384 kb/s'
2026-01-28 06:44:38 DEBUG pydub.converter [req=9c4e85b33a18eb5c-ORD] subprocess output: b'  Stream #0:0: Audio: pcm_s16le ([1][0][0][0] / 0x0001), 24000 Hz, 1 channels, s16, 384 kb/s'
2026-01-28 06:44:38 DEBUG pydub.converter [req=9c4e85b33a18eb5c-ORD] subprocess output: b'Stream mapping:'
2026-01-28 06:44:38 DEBUG pydub.converter [req=9c4e85b33a18eb5c-ORD] subprocess output: b'  Stream #0:0 -> #0:0 (pcm_s16le (native) -> mp3 (libmp3lame))'
2026-01-28 06:44:38 DEBUG pydub.converter [req=9c4e85b33a18eb5c-ORD] subprocess output: b'Press [q] to stop, [?] for help'
2026-01-28 06:44:38 DEBUG pydub.converter [req=9c4e85b33a18eb5c-ORD] subprocess output: b"Output #0, mp3, to '/tmp/tmpjkbq7snt':"
2026-01-28 06:44:38 DEBUG pydub.converter [req=9c4e85b33a18eb5c-ORD] subprocess output: b'  Metadata:'
2026-01-28 06:44:38 DEBUG pydub.converter [req=9c4e85b33a18eb5c-ORD] subprocess output: b'    TSSE            : Lavf60.16.100'
2026-01-28 06:44:38 DEBUG pydub.converter [req=9c4e85b33a18eb5c-ORD] subprocess output: b'  Stream #0:0: Audio: mp3, 24000 Hz, mono, s16p'
2026-01-28 06:44:38 DEBUG pydub.converter [req=9c4e85b33a18eb5c-ORD] subprocess output: b'    Metadata:'
2026-01-28 06:44:38 DEBUG pydub.converter [req=9c4e85b33a18eb5c-ORD] subprocess output: b'      encoder         : Lavc60.31.102 libmp3lame'
2026-01-28 06:44:38 DEBUG pydub.converter [req=9c4e85b33a18eb5c-ORD] subprocess output: b'size=       0kB time=-00:00:00.04 bitrate=  -0.0kbits/s speed=N/A'
2026-01-28 06:44:38 DEBUG pydub.converter [req=9c4e85b33a18eb5c-ORD] subprocess output: b'[out#0/mp3 @ 0x63b7b2213a40] video:0kB audio:60kB subtitle:0kB other streams:0kB global headers:0kB muxing overhead: 0.385742%'
2026-01-28 06:44:38 DEBUG pydub.converter [req=9c4e85b33a18eb5c-ORD] subprocess output: b'size=      60kB time=00:00:15.28 bitrate=  32.3kbits/s speed= 260x'
2026-01-28 06:44:38 DEBUG pydub.converter [req=9c4e85b33a18eb5c-ORD] subprocess.call(['ffmpeg', '-y', '-f', 'wav', '-i', '/tmp/tmp8cajggrv', '-f', 'mp3', '/tmp/tmp2b69v_oq'])
2026-01-28 06:44:39 DEBUG pydub.converter [req=9c4e85b33a18eb5c-ORD] subprocess output: b'ffmpeg version 6.1.1-3ubuntu5 Copyright (c) 2000-2023 the FFmpeg developers'
2026-01-28 06:44:39 DEBUG pydub.converter [req=9c4e85b33a18eb5c-ORD] subprocess output: b'  built with gcc 13 (Ubuntu 13.2.0-23ubuntu3)'
2026-01-28 06:44:39 DEBUG pydub.converter [req=9c4e85b33a18eb5c-ORD] subprocess output: b'  configuration: --prefix=/usr --extra-version=3ubuntu5 --toolchain=hardened --libdir=/usr/lib/x86_64-linux-gnu --incdir=/usr/include/x86_64-linux-gnu --arch=amd64 --enable-gpl --disable-stripping --disable-omx --enable-gnutls --enable-libaom --enable-libass --enable-libbs2b --enable-libcaca --enable-libcdio --enable-libcodec2 --enable-libdav1d --enable-libflite --enable-libfontconfig --enable-libfreetype --enable-libfribidi --enable-libglslang --enable-libgme --enable-libgsm --enable-libharfbuzz --enable-libmp3lame --enable-libmysofa --enable-libopenjpeg --enable-libopenmpt --enable-libopus --enable-librubberband --enable-libshine --enable-libsnappy --enable-libsoxr --enable-libspeex --enable-libtheora --enable-libtwolame --enable-libvidstab --enable-libvorbis --enable-libvpx --enable-libwebp --enable-libx265 --enable-libxml2 --enable-libxvid --enable-libzimg --enable-openal --enable-opencl --enable-opengl --disable-sndio --enable-libvpl --disable-libmfx --enable-libdc1394 --enable-libdrm --enable-libiec61883 --enable-chromaprint --enable-frei0r --enable-ladspa --enable-libbluray --enable-libjack --enable-libpulse --enable-librabbitmq --enable-librist --enable-libsrt --enable-libssh --enable-libsvtav1 --enable-libx264 --enable-libzmq --enable-libzvbi --enable-lv2 --enable-sdl2 --enable-libplacebo --enable-librav1e --enable-pocketsphinx --enable-librsvg --enable-libjxl --enable-shared'
2026-01-28 06:44:39 DEBUG pydub.converter [req=9c4e85b33a18eb5c-ORD] subprocess output: b'  libavutil      58. 29.100 / 58. 29.100'
2026-01-28 06:44:39 DEBUG pydub.converter [req=9c4e85b33a18eb5c-ORD] subprocess output: b'  libavcodec     60. 31.102 / 60. 31.102'
2026-01-28 06:44:39 DEBUG pydub.converter [req=9c4e85b33a18eb5c-ORD] subprocess output: b'  libavformat    60. 16.100 / 60. 16.100'
2026-01-28 06:44:39 DEBUG pydub.converter [req=9c4e85b33a18eb5c-ORD] subprocess output: b'  libavdevice    60.  3.100 / 60.  3.100'
2026-01-28 06:44:39 DEBUG pydub.converter [req=9c4e85b33a18eb5c-ORD] subprocess output: b'  libavfilter     9. 12.100 /  9. 12.100'
2026-01-28 06:44:39 DEBUG pydub.converter [req=9c4e85b33a18eb5c-ORD] subprocess output: b'  libswscale      7.  5.100 /  7.  5.100'
2026-01-28 06:44:39 DEBUG pydub.converter [req=9c4e85b33a18eb5c-ORD] subprocess output: b'  libswresample   4. 12.100 /  4. 12.100'
2026-01-28 06:44:39 DEBUG pydub.converter [req=9c4e85b33a18eb5c-ORD] subprocess output: b'  libpostproc    57.  3.100 / 57.  3.100'
2026-01-28 06:44:39 DEBUG pydub.converter [req=9c4e85b33a18eb5c-ORD] subprocess output: b'[aist#0:0/pcm_s16le @ 0x58bfb1b3cf00] Guessed Channel Layout: mono'
2026-01-28 06:44:39 DEBUG pydub.converter [req=9c4e85b33a18eb5c-ORD] subprocess output: b"Input #0, wav, from '/tmp/tmp8cajggrv':"
2026-01-28 06:44:39 DEBUG pydub.converter [req=9c4e85b33a18eb5c-ORD] subprocess output: b'  Duration: 00:00:15.13, bitrate: 384 kb/s'
2026-01-28 06:44:39 DEBUG pydub.converter [req=9c4e85b33a18eb5c-ORD] subprocess output: b'  Stream #0:0: Audio: pcm_s16le ([1][0][0][0] / 0x0001), 24000 Hz, 1 channels, s16, 384 kb/s'
2026-01-28 06:44:39 DEBUG pydub.converter [req=9c4e85b33a18eb5c-ORD] subprocess output: b'Stream mapping:'
2026-01-28 06:44:39 DEBUG pydub.converter [req=9c4e85b33a18eb5c-ORD] subprocess output: b'  Stream #0:0 -> #0:0 (pcm_s16le (native) -> mp3 (libmp3lame))'
2026-01-28 06:44:39 DEBUG pydub.converter [req=9c4e85b33a18eb5c-ORD] subprocess output: b'Press [q] to stop, [?] for help'
2026-01-28 06:44:39 DEBUG pydub.converter [req=9c4e85b33a18eb5c-ORD] subprocess output: b"Output #0, mp3, to '/tmp/tmp2b69v_oq':"
2026-01-28 06:44:39 DEBUG pydub.converter [req=9c4e85b33a18eb5c-ORD] subprocess output: b'  Metadata:'
2026-01-28 06:44:39 DEBUG pydub.converter [req=9c4e85b33a18eb5c-ORD] subprocess output: b'    TSSE            : Lavf60.16.100'
2026-01-28 06:44:39 DEBUG pydub.converter [req=9c4e85b33a18eb5c-ORD] subprocess output: b'  Stream #0:0: Audio: mp3, 24000 Hz, mono, s16p'
2026-01-28 06:44:39 DEBUG pydub.converter [req=9c4e85b33a18eb5c-ORD] subprocess output: b'    Metadata:'
2026-01-28 06:44:39 DEBUG pydub.converter [req=9c4e85b33a18eb5c-ORD] subprocess output: b'      encoder         : Lavc60.31.102 libmp3lame'
2026-01-28 06:44:39 DEBUG pydub.converter [req=9c4e85b33a18eb5c-ORD] subprocess output: b'size=       0kB time=-00:00:00.04 bitrate=  -0.0kbits/s speed=N/A'
2026-01-28 06:44:39 DEBUG pydub.converter [req=9c4e85b33a18eb5c-ORD] subprocess output: b'[out#0/mp3 @ 0x58bfb1b13a40] video:0kB audio:59kB subtitle:0kB other streams:0kB global headers:0kB muxing overhead: 0.390008%'
2026-01-28 06:44:39 DEBUG pydub.converter [req=9c4e85b33a18eb5c-ORD] subprocess output: b'size=      60kB time=00:00:15.12 bitrate=  32.3kbits/s speed= 261x'
2026-01-28 06:44:39 DEBUG pydub.converter [req=9c4e85b33a18eb5c-ORD] subprocess.call(['ffmpeg', '-y', '-f', 'wav', '-i', '/tmp/tmpeev1fcxq', '-f', 'mp3', '/tmp/tmp2m_hw3iy'])
2026-01-28 06:44:39 DEBUG pydub.converter [req=9c4e85b33a18eb5c-ORD] subprocess output: b'ffmpeg version 6.1.1-3ubuntu5 Copyright (c) 2000-2023 the FFmpeg developers'
2026-01-28 06:44:39 DEBUG pydub.converter [req=9c4e85b33a18eb5c-ORD] subprocess output: b'  built with gcc 13 (Ubuntu 13.2.0-23ubuntu3)'
2026-01-28 06:44:39 DEBUG pydub.converter [req=9c4e85b33a18eb5c-ORD] subprocess output: b'  configuration: --prefix=/usr --extra-version=3ubuntu5 --toolchain=hardened --libdir=/usr/lib/x86_64-linux-gnu --incdir=/usr/include/x86_64-linux-gnu --arch=amd64 --enable-gpl --disable-stripping --disable-omx --enable-gnutls --enable-libaom --enable-libass --enable-libbs2b --enable-libcaca --enable-libcdio --enable-libcodec2 --enable-libdav1d --enable-libflite --enable-libfontconfig --enable-libfreetype --enable-libfribidi --enable-libglslang --enable-libgme --enable-libgsm --enable-libharfbuzz --enable-libmp3lame --enable-libmysofa --enable-libopenjpeg --enable-libopenmpt --enable-libopus --enable-librubberband --enable-libshine --enable-libsnappy --enable-libsoxr --enable-libspeex --enable-libtheora --enable-libtwolame --enable-libvidstab --enable-libvorbis --enable-libvpx --enable-libwebp --enable-libx265 --enable-libxml2 --enable-libxvid --enable-libzimg --enable-openal --enable-opencl --enable-opengl --disable-sndio --enable-libvpl --disable-libmfx --enable-libdc1394 --enable-libdrm --enable-libiec61883 --enable-chromaprint --enable-frei0r --enable-ladspa --enable-libbluray --enable-libjack --enable-libpulse --enable-librabbitmq --enable-librist --enable-libsrt --enable-libssh --enable-libsvtav1 --enable-libx264 --enable-libzmq --enable-libzvbi --enable-lv2 --enable-sdl2 --enable-libplacebo --enable-librav1e --enable-pocketsphinx --enable-librsvg --enable-libjxl --enable-shared'
2026-01-28 06:44:39 DEBUG pydub.converter [req=9c4e85b33a18eb5c-ORD] subprocess output: b'  libavutil      58. 29.100 / 58. 29.100'
2026-01-28 06:44:39 DEBUG pydub.converter [req=9c4e85b33a18eb5c-ORD] subprocess output: b'  libavcodec     60. 31.102 / 60. 31.102'
2026-01-28 06:44:39 DEBUG pydub.converter [req=9c4e85b33a18eb5c-ORD] subprocess output: b'  libavformat    60. 16.100 / 60. 16.100'
2026-01-28 06:44:39 DEBUG pydub.converter [req=9c4e85b33a18eb5c-ORD] subprocess output: b'  libavdevice    60.  3.100 / 60.  3.100'
2026-01-28 06:44:39 DEBUG pydub.converter [req=9c4e85b33a18eb5c-ORD] subprocess output: b'  libavfilter     9. 12.100 /  9. 12.100'
2026-01-28 06:44:39 DEBUG pydub.converter [req=9c4e85b33a18eb5c-ORD] subprocess output: b'  libswscale      7.  5.100 /  7.  5.100'
2026-01-28 06:44:39 DEBUG pydub.converter [req=9c4e85b33a18eb5c-ORD] subprocess output: b'  libswresample   4. 12.100 /  4. 12.100'
2026-01-28 06:44:39 DEBUG pydub.converter [req=9c4e85b33a18eb5c-ORD] subprocess output: b'  libpostproc    57.  3.100 / 57.  3.100'
2026-01-28 06:44:39 DEBUG pydub.converter [req=9c4e85b33a18eb5c-ORD] subprocess output: b'[aist#0:0/pcm_s16le @ 0x60e68b8cbf00] Guessed Channel Layout: mono'
2026-01-28 06:44:39 DEBUG pydub.converter [req=9c4e85b33a18eb5c-ORD] subprocess output: b"Input #0, wav, from '/tmp/tmpeev1fcxq':"
2026-01-28 06:44:39 DEBUG pydub.converter [req=9c4e85b33a18eb5c-ORD] subprocess output: b'  Duration: 00:00:21.50, bitrate: 384 kb/s'
2026-01-28 06:44:39 DEBUG pydub.converter [req=9c4e85b33a18eb5c-ORD] subprocess output: b'  Stream #0:0: Audio: pcm_s16le ([1][0][0][0] / 0x0001), 24000 Hz, 1 channels, s16, 384 kb/s'
2026-01-28 06:44:39 DEBUG pydub.converter [req=9c4e85b33a18eb5c-ORD] subprocess output: b'Stream mapping:'
2026-01-28 06:44:39 DEBUG pydub.converter [req=9c4e85b33a18eb5c-ORD] subprocess output: b'  Stream #0:0 -> #0:0 (pcm_s16le (native) -> mp3 (libmp3lame))'
2026-01-28 06:44:39 DEBUG pydub.converter [req=9c4e85b33a18eb5c-ORD] subprocess output: b'Press [q] to stop, [?] for help'
2026-01-28 06:44:39 DEBUG pydub.converter [req=9c4e85b33a18eb5c-ORD] subprocess output: b"Output #0, mp3, to '/tmp/tmp2m_hw3iy':"
2026-01-28 06:44:39 DEBUG pydub.converter [req=9c4e85b33a18eb5c-ORD] subprocess output: b'  Metadata:'
2026-01-28 06:44:39 DEBUG pydub.converter [req=9c4e85b33a18eb5c-ORD] subprocess output: b'    TSSE            : Lavf60.16.100'
2026-01-28 06:44:39 DEBUG pydub.converter [req=9c4e85b33a18eb5c-ORD] subprocess output: b'  Stream #0:0: Audio: mp3, 24000 Hz, mono, s16p'
2026-01-28 06:44:39 DEBUG pydub.converter [req=9c4e85b33a18eb5c-ORD] subprocess output: b'    Metadata:'
2026-01-28 06:44:39 DEBUG pydub.converter [req=9c4e85b33a18eb5c-ORD] subprocess output: b'      encoder         : Lavc60.31.102 libmp3lame'
2026-01-28 06:44:39 DEBUG pydub.converter [req=9c4e85b33a18eb5c-ORD] subprocess output: b'size=       0kB time=-00:00:00.04 bitrate=  -0.0kbits/s speed=N/A'
2026-01-28 06:44:39 DEBUG pydub.converter [req=9c4e85b33a18eb5c-ORD] subprocess output: b'[out#0/mp3 @ 0x60e68b8a2a40] video:0kB audio:84kB subtitle:0kB other streams:0kB global headers:0kB muxing overhead: 0.274916%'
2026-01-28 06:44:39 DEBUG pydub.converter [req=9c4e85b33a18eb5c-ORD] subprocess output: b'size=      84kB time=00:00:21.48 bitrate=  32.2kbits/s speed= 253x'
2026-01-28 06:44:39 DEBUG pydub.converter [req=9c4e85b33a18eb5c-ORD] subprocess.call(['ffmpeg', '-y', '-f', 'wav', '-i', '/tmp/tmp1iulikbq', '-f', 'mp3', '/tmp/tmp7ckvj0ww'])
2026-01-28 06:44:39 DEBUG pydub.converter [req=9c4e85b33a18eb5c-ORD] subprocess output: b'ffmpeg version 6.1.1-3ubuntu5 Copyright (c) 2000-2023 the FFmpeg developers'
2026-01-28 06:44:39 DEBUG pydub.converter [req=9c4e85b33a18eb5c-ORD] subprocess output: b'  built with gcc 13 (Ubuntu 13.2.0-23ubuntu3)'
2026-01-28 06:44:39 DEBUG pydub.converter [req=9c4e85b33a18eb5c-ORD] subprocess output: b'  configuration: --prefix=/usr --extra-version=3ubuntu5 --toolchain=hardened --libdir=/usr/lib/x86_64-linux-gnu --incdir=/usr/include/x86_64-linux-gnu --arch=amd64 --enable-gpl --disable-stripping --disable-omx --enable-gnutls --enable-libaom --enable-libass --enable-libbs2b --enable-libcaca --enable-libcdio --enable-libcodec2 --enable-libdav1d --enable-libflite --enable-libfontconfig --enable-libfreetype --enable-libfribidi --enable-libglslang --enable-libgme --enable-libgsm --enable-libharfbuzz --enable-libmp3lame --enable-libmysofa --enable-libopenjpeg --enable-libopenmpt --enable-libopus --enable-librubberband --enable-libshine --enable-libsnappy --enable-libsoxr --enable-libspeex --enable-libtheora --enable-libtwolame --enable-libvidstab --enable-libvorbis --enable-libvpx --enable-libwebp --enable-libx265 --enable-libxml2 --enable-libxvid --enable-libzimg --enable-openal --enable-opencl --enable-opengl --disable-sndio --enable-libvpl --disable-libmfx --enable-libdc1394 --enable-libdrm --enable-libiec61883 --enable-chromaprint --enable-frei0r --enable-ladspa --enable-libbluray --enable-libjack --enable-libpulse --enable-librabbitmq --enable-librist --enable-libsrt --enable-libssh --enable-libsvtav1 --enable-libx264 --enable-libzmq --enable-libzvbi --enable-lv2 --enable-sdl2 --enable-libplacebo --enable-librav1e --enable-pocketsphinx --enable-librsvg --enable-libjxl --enable-shared'
2026-01-28 06:44:39 DEBUG pydub.converter [req=9c4e85b33a18eb5c-ORD] subprocess output: b'  libavutil      58. 29.100 / 58. 29.100'
2026-01-28 06:44:39 DEBUG pydub.converter [req=9c4e85b33a18eb5c-ORD] subprocess output: b'  libavcodec     60. 31.102 / 60. 31.102'
2026-01-28 06:44:39 DEBUG pydub.converter [req=9c4e85b33a18eb5c-ORD] subprocess output: b'  libavformat    60. 16.100 / 60. 16.100'
2026-01-28 06:44:39 DEBUG pydub.converter [req=9c4e85b33a18eb5c-ORD] subprocess output: b'  libavdevice    60.  3.100 / 60.  3.100'
2026-01-28 06:44:39 DEBUG pydub.converter [req=9c4e85b33a18eb5c-ORD] subprocess output: b'  libavfilter     9. 12.100 /  9. 12.100'
2026-01-28 06:44:39 DEBUG pydub.converter [req=9c4e85b33a18eb5c-ORD] subprocess output: b'  libswscale      7.  5.100 /  7.  5.100'
2026-01-28 06:44:39 DEBUG pydub.converter [req=9c4e85b33a18eb5c-ORD] subprocess output: b'  libswresample   4. 12.100 /  4. 12.100'
2026-01-28 06:44:39 DEBUG pydub.converter [req=9c4e85b33a18eb5c-ORD] subprocess output: b'  libpostproc    57.  3.100 / 57.  3.100'
2026-01-28 06:44:39 DEBUG pydub.converter [req=9c4e85b33a18eb5c-ORD] subprocess output: b'[aist#0:0/pcm_s16le @ 0x602001772f00] Guessed Channel Layout: mono'
2026-01-28 06:44:39 DEBUG pydub.converter [req=9c4e85b33a18eb5c-ORD] subprocess output: b"Input #0, wav, from '/tmp/tmp1iulikbq':"
2026-01-28 06:44:39 DEBUG pydub.converter [req=9c4e85b33a18eb5c-ORD] subprocess output: b'  Duration: 00:00:20.68, bitrate: 384 kb/s'
2026-01-28 06:44:39 DEBUG pydub.converter [req=9c4e85b33a18eb5c-ORD] subprocess output: b'  Stream #0:0: Audio: pcm_s16le ([1][0][0][0] / 0x0001), 24000 Hz, 1 channels, s16, 384 kb/s'
2026-01-28 06:44:39 DEBUG pydub.converter [req=9c4e85b33a18eb5c-ORD] subprocess output: b'Stream mapping:'
2026-01-28 06:44:39 DEBUG pydub.converter [req=9c4e85b33a18eb5c-ORD] subprocess output: b'  Stream #0:0 -> #0:0 (pcm_s16le (native) -> mp3 (libmp3lame))'
2026-01-28 06:44:39 DEBUG pydub.converter [req=9c4e85b33a18eb5c-ORD] subprocess output: b'Press [q] to stop, [?] for help'
2026-01-28 06:44:39 DEBUG pydub.converter [req=9c4e85b33a18eb5c-ORD] subprocess output: b"Output #0, mp3, to '/tmp/tmp7ckvj0ww':"
2026-01-28 06:44:39 DEBUG pydub.converter [req=9c4e85b33a18eb5c-ORD] subprocess output: b'  Metadata:'
2026-01-28 06:44:39 DEBUG pydub.converter [req=9c4e85b33a18eb5c-ORD] subprocess output: b'    TSSE            : Lavf60.16.100'
2026-01-28 06:44:39 DEBUG pydub.converter [req=9c4e85b33a18eb5c-ORD] subprocess output: b'  Stream #0:0: Audio: mp3, 24000 Hz, mono, s16p'
2026-01-28 06:44:39 DEBUG pydub.converter [req=9c4e85b33a18eb5c-ORD] subprocess output: b'    Metadata:'
2026-01-28 06:44:39 DEBUG pydub.converter [req=9c4e85b33a18eb5c-ORD] subprocess output: b'      encoder         : Lavc60.31.102 libmp3lame'
2026-01-28 06:44:39 DEBUG pydub.converter [req=9c4e85b33a18eb5c-ORD] subprocess output: b'size=       0kB time=-00:00:00.04 bitrate=  -0.0kbits/s speed=N/A'
2026-01-28 06:44:39 DEBUG pydub.converter [req=9c4e85b33a18eb5c-ORD] subprocess output: b'[out#0/mp3 @ 0x602001749a40] video:0kB audio:81kB subtitle:0kB other streams:0kB global headers:0kB muxing overhead: 0.285735%'
2026-01-28 06:44:39 DEBUG pydub.converter [req=9c4e85b33a18eb5c-ORD] subprocess output: b'size=      81kB time=00:00:20.66 bitrate=  32.2kbits/s speed= 270x'
2026-01-28 06:44:39 INFO app [req=9c4e85b33a18eb5c-ORD] POST /new-toefl/api/mock/speaking/generate/practice_test_1 -> 200 (2718ms)
2026-01-28 06:44:39 INFO werkzeug [req=-] 127.0.0.1 - - [28/Jan/2026 06:44:39] "POST /new-toefl/api/mock/speaking/generate/practice_test_1 HTTP/1.1" 200 -
2026-01-28 06:44:50 INFO app [req=9c4e86071e66607d-ORD] GET /new-toefl/speaking/task/124 -> 200 (17ms)
2026-01-28 06:44:50 INFO werkzeug [req=-] 127.0.0.1 - - [28/Jan/2026 06:44:50] "GET /new-toefl/speaking/task/124 HTTP/1.1" 200 -
2026-01-28 06:44:50 INFO app [req=9c4e86087814607d-ORD] GET /static/css/unfamiliar_words.css -> 304 (0ms)
2026-01-28 06:44:50 INFO werkzeug [req=-] 127.0.0.1 - - [28/Jan/2026 06:44:50] "[36mGET /static/css/unfamiliar_words.css HTTP/1.1[0m" 304 -
2026-01-28 06:44:50 INFO app [req=9c4e86089835607d-ORD] GET /static/listening_audio/new_toefl_repeat_1769582677034.mp3 -> 200 (0ms)
2026-01-28 06:44:50 INFO werkzeug [req=-] 127.0.0.1 - - [28/Jan/2026 06:44:50] "GET /static/listening_audio/new_toefl_repeat_1769582677034.mp3 HTTP/1.1" 200 -
2026-01-28 06:44:53 INFO app [req=9c4e861b7d23607d-ORD] GET /favicon.ico -> 404 (0ms)
2026-01-28 06:44:53 INFO werkzeug [req=-] 127.0.0.1 - - [28/Jan/2026 06:44:53] "[33mGET /favicon.ico HTTP/1.1[0m" 404 -
2026-01-28 06:44:59 INFO app [req=9c4e86410fa84b6f-SJC] GET /new-toefl/speaking-practice -> 200 (3ms)
2026-01-28 06:44:59 INFO werkzeug [req=-] 127.0.0.1 - - [28/Jan/2026 06:44:59] "GET /new-toefl/speaking-practice HTTP/1.1" 200 -
2026-01-28 06:45:00 INFO app [req=9c4e86433b8e4b6f-SJC] GET /new-toefl/api/speaking/interview-sets -> 200 (1ms)
2026-01-28 06:45:00 INFO werkzeug [req=-] 127.0.0.1 - - [28/Jan/2026 06:45:00] "GET /new-toefl/api/speaking/interview-sets HTTP/1.1" 200 -
2026-01-28 06:45:05 DEBUG pydub.converter [req=9c4e86622ed0eb65-ORD] subprocess.call(['ffmpeg', '-y', '-f', 'wav', '-i', '/tmp/tmpk29ilddy', '-f', 'mp3', '/tmp/tmps62_7tiz'])
2026-01-28 06:45:05 DEBUG pydub.converter [req=9c4e86622ed0eb65-ORD] subprocess output: b'ffmpeg version 6.1.1-3ubuntu5 Copyright (c) 2000-2023 the FFmpeg developers'
2026-01-28 06:45:05 DEBUG pydub.converter [req=9c4e86622ed0eb65-ORD] subprocess output: b'  built with gcc 13 (Ubuntu 13.2.0-23ubuntu3)'
2026-01-28 06:45:05 DEBUG pydub.converter [req=9c4e86622ed0eb65-ORD] subprocess output: b'  configuration: --prefix=/usr --extra-version=3ubuntu5 --toolchain=hardened --libdir=/usr/lib/x86_64-linux-gnu --incdir=/usr/include/x86_64-linux-gnu --arch=amd64 --enable-gpl --disable-stripping --disable-omx --enable-gnutls --enable-libaom --enable-libass --enable-libbs2b --enable-libcaca --enable-libcdio --enable-libcodec2 --enable-libdav1d --enable-libflite --enable-libfontconfig --enable-libfreetype --enable-libfribidi --enable-libglslang --enable-libgme --enable-libgsm --enable-libharfbuzz --enable-libmp3lame --enable-libmysofa --enable-libopenjpeg --enable-libopenmpt --enable-libopus --enable-librubberband --enable-libshine --enable-libsnappy --enable-libsoxr --enable-libspeex --enable-libtheora --enable-libtwolame --enable-libvidstab --enable-libvorbis --enable-libvpx --enable-libwebp --enable-libx265 --enable-libxml2 --enable-libxvid --enable-libzimg --enable-openal --enable-opencl --enable-opengl --disable-sndio --enable-libvpl --disable-libmfx --enable-libdc1394 --enable-libdrm --enable-libiec61883 --enable-chromaprint --enable-frei0r --enable-ladspa --enable-libbluray --enable-libjack --enable-libpulse --enable-librabbitmq --enable-librist --enable-libsrt --enable-libssh --enable-libsvtav1 --enable-libx264 --enable-libzmq --enable-libzvbi --enable-lv2 --enable-sdl2 --enable-libplacebo --enable-librav1e --enable-pocketsphinx --enable-librsvg --enable-libjxl --enable-shared'
2026-01-28 06:45:05 DEBUG pydub.converter [req=9c4e86622ed0eb65-ORD] subprocess output: b'  libavutil      58. 29.100 / 58. 29.100'
2026-01-28 06:45:05 DEBUG pydub.converter [req=9c4e86622ed0eb65-ORD] subprocess output: b'  libavcodec     60. 31.102 / 60. 31.102'
2026-01-28 06:45:05 DEBUG pydub.converter [req=9c4e86622ed0eb65-ORD] subprocess output: b'  libavformat    60. 16.100 / 60. 16.100'
2026-01-28 06:45:05 DEBUG pydub.converter [req=9c4e86622ed0eb65-ORD] subprocess output: b'  libavdevice    60.  3.100 / 60.  3.100'
2026-01-28 06:45:05 DEBUG pydub.converter [req=9c4e86622ed0eb65-ORD] subprocess output: b'  libavfilter     9. 12.100 /  9. 12.100'
2026-01-28 06:45:05 DEBUG pydub.converter [req=9c4e86622ed0eb65-ORD] subprocess output: b'  libswscale      7.  5.100 /  7.  5.100'
2026-01-28 06:45:05 DEBUG pydub.converter [req=9c4e86622ed0eb65-ORD] subprocess output: b'  libswresample   4. 12.100 /  4. 12.100'
2026-01-28 06:45:05 DEBUG pydub.converter [req=9c4e86622ed0eb65-ORD] subprocess output: b'  libpostproc    57.  3.100 / 57.  3.100'
2026-01-28 06:45:05 DEBUG pydub.converter [req=9c4e86622ed0eb65-ORD] subprocess output: b'[aist#0:0/pcm_s16le @ 0x5c7e85071ec0] Guessed Channel Layout: mono'
2026-01-28 06:45:05 DEBUG pydub.converter [req=9c4e86622ed0eb65-ORD] subprocess output: b"Input #0, wav, from '/tmp/tmpk29ilddy':"
2026-01-28 06:45:05 DEBUG pydub.converter [req=9c4e86622ed0eb65-ORD] subprocess output: b'  Duration: 00:00:02.20, bitrate: 384 kb/s'
2026-01-28 06:45:05 DEBUG pydub.converter [req=9c4e86622ed0eb65-ORD] subprocess output: b'  Stream #0:0: Audio: pcm_s16le ([1][0][0][0] / 0x0001), 24000 Hz, 1 channels, s16, 384 kb/s'
2026-01-28 06:45:05 DEBUG pydub.converter [req=9c4e86622ed0eb65-ORD] subprocess output: b'Stream mapping:'
2026-01-28 06:45:05 DEBUG pydub.converter [req=9c4e86622ed0eb65-ORD] subprocess output: b'  Stream #0:0 -> #0:0 (pcm_s16le (native) -> mp3 (libmp3lame))'
2026-01-28 06:45:05 DEBUG pydub.converter [req=9c4e86622ed0eb65-ORD] subprocess output: b'Press [q] to stop, [?] for help'
2026-01-28 06:45:05 DEBUG pydub.converter [req=9c4e86622ed0eb65-ORD] subprocess output: b"Output #0, mp3, to '/tmp/tmps62_7tiz':"
2026-01-28 06:45:05 DEBUG pydub.converter [req=9c4e86622ed0eb65-ORD] subprocess output: b'  Metadata:'
2026-01-28 06:45:05 DEBUG pydub.converter [req=9c4e86622ed0eb65-ORD] subprocess output: b'    TSSE            : Lavf60.16.100'
2026-01-28 06:45:05 DEBUG pydub.converter [req=9c4e86622ed0eb65-ORD] subprocess output: b'  Stream #0:0: Audio: mp3, 24000 Hz, mono, s16p'
2026-01-28 06:45:05 DEBUG pydub.converter [req=9c4e86622ed0eb65-ORD] subprocess output: b'    Metadata:'
2026-01-28 06:45:05 DEBUG pydub.converter [req=9c4e86622ed0eb65-ORD] subprocess output: b'      encoder         : Lavc60.31.102 libmp3lame'
2026-01-28 06:45:05 DEBUG pydub.converter [req=9c4e86622ed0eb65-ORD] subprocess output: b'size=       0kB time=-00:00:00.04 bitrate=  -0.0kbits/s speed=N/A'
2026-01-28 06:45:05 DEBUG pydub.converter [req=9c4e86622ed0eb65-ORD] subprocess output: b'[out#0/mp3 @ 0x5c7e85071940] video:0kB audio:9kB subtitle:0kB other streams:0kB global headers:0kB muxing overhead: 2.626330%'
2026-01-28 06:45:05 DEBUG pydub.converter [req=9c4e86622ed0eb65-ORD] subprocess output: b'size=       9kB time=00:00:02.18 bitrate=  33.9kbits/s speed= 211x'
2026-01-28 06:45:05 DEBUG pydub.converter [req=9c4e86622ed0eb65-ORD] subprocess.call(['ffmpeg', '-y', '-f', 'wav', '-i', '/tmp/tmpkbtfw9yd', '-f', 'mp3', '/tmp/tmpx538zykw'])
2026-01-28 06:45:05 DEBUG pydub.converter [req=9c4e86622ed0eb65-ORD] subprocess output: b'ffmpeg version 6.1.1-3ubuntu5 Copyright (c) 2000-2023 the FFmpeg developers'
2026-01-28 06:45:05 DEBUG pydub.converter [req=9c4e86622ed0eb65-ORD] subprocess output: b'  built with gcc 13 (Ubuntu 13.2.0-23ubuntu3)'
2026-01-28 06:45:05 DEBUG pydub.converter [req=9c4e86622ed0eb65-ORD] subprocess output: b'  configuration: --prefix=/usr --extra-version=3ubuntu5 --toolchain=hardened --libdir=/usr/lib/x86_64-linux-gnu --incdir=/usr/include/x86_64-linux-gnu --arch=amd64 --enable-gpl --disable-stripping --disable-omx --enable-gnutls --enable-libaom --enable-libass --enable-libbs2b --enable-libcaca --enable-libcdio --enable-libcodec2 --enable-libdav1d --enable-libflite --enable-libfontconfig --enable-libfreetype --enable-libfribidi --enable-libglslang --enable-libgme --enable-libgsm --enable-libharfbuzz --enable-libmp3lame --enable-libmysofa --enable-libopenjpeg --enable-libopenmpt --enable-libopus --enable-librubberband --enable-libshine --enable-libsnappy --enable-libsoxr --enable-libspeex --enable-libtheora --enable-libtwolame --enable-libvidstab --enable-libvorbis --enable-libvpx --enable-libwebp --enable-libx265 --enable-libxml2 --enable-libxvid --enable-libzimg --enable-openal --enable-opencl --enable-opengl --disable-sndio --enable-libvpl --disable-libmfx --enable-libdc1394 --enable-libdrm --enable-libiec61883 --enable-chromaprint --enable-frei0r --enable-ladspa --enable-libbluray --enable-libjack --enable-libpulse --enable-librabbitmq --enable-librist --enable-libsrt --enable-libssh --enable-libsvtav1 --enable-libx264 --enable-libzmq --enable-libzvbi --enable-lv2 --enable-sdl2 --enable-libplacebo --enable-librav1e --enable-pocketsphinx --enable-librsvg --enable-libjxl --enable-shared'
2026-01-28 06:45:05 DEBUG pydub.converter [req=9c4e86622ed0eb65-ORD] subprocess output: b'  libavutil      58. 29.100 / 58. 29.100'
2026-01-28 06:45:05 DEBUG pydub.converter [req=9c4e86622ed0eb65-ORD] subprocess output: b'  libavcodec     60. 31.102 / 60. 31.102'
2026-01-28 06:45:05 DEBUG pydub.converter [req=9c4e86622ed0eb65-ORD] subprocess output: b'  libavformat    60. 16.100 / 60. 16.100'
2026-01-28 06:45:05 DEBUG pydub.converter [req=9c4e86622ed0eb65-ORD] subprocess output: b'  libavdevice    60.  3.100 / 60.  3.100'
2026-01-28 06:45:05 DEBUG pydub.converter [req=9c4e86622ed0eb65-ORD] subprocess output: b'  libavfilter     9. 12.100 /  9. 12.100'
2026-01-28 06:45:05 DEBUG pydub.converter [req=9c4e86622ed0eb65-ORD] subprocess output: b'  libswscale      7.  5.100 /  7.  5.100'
2026-01-28 06:45:05 DEBUG pydub.converter [req=9c4e86622ed0eb65-ORD] subprocess output: b'  libswresample   4. 12.100 /  4. 12.100'
2026-01-28 06:45:05 DEBUG pydub.converter [req=9c4e86622ed0eb65-ORD] subprocess output: b'  libpostproc    57.  3.100 / 57.  3.100'
2026-01-28 06:45:05 DEBUG pydub.converter [req=9c4e86622ed0eb65-ORD] subprocess output: b'[aist#0:0/pcm_s16le @ 0x5a13f974d940] Guessed Channel Layout: mono'
2026-01-28 06:45:05 DEBUG pydub.converter [req=9c4e86622ed0eb65-ORD] subprocess output: b"Input #0, wav, from '/tmp/tmpkbtfw9yd':"
2026-01-28 06:45:05 DEBUG pydub.converter [req=9c4e86622ed0eb65-ORD] subprocess output: b'  Duration: 00:00:02.65, bitrate: 384 kb/s'
2026-01-28 06:45:05 DEBUG pydub.converter [req=9c4e86622ed0eb65-ORD] subprocess output: b'  Stream #0:0: Audio: pcm_s16le ([1][0][0][0] / 0x0001), 24000 Hz, 1 channels, s16, 384 kb/s'
2026-01-28 06:45:05 DEBUG pydub.converter [req=9c4e86622ed0eb65-ORD] subprocess output: b'Stream mapping:'
2026-01-28 06:45:05 DEBUG pydub.converter [req=9c4e86622ed0eb65-ORD] subprocess output: b'  Stream #0:0 -> #0:0 (pcm_s16le (native) -> mp3 (libmp3lame))'
2026-01-28 06:45:05 DEBUG pydub.converter [req=9c4e86622ed0eb65-ORD] subprocess output: b'Press [q] to stop, [?] for help'
2026-01-28 06:45:05 DEBUG pydub.converter [req=9c4e86622ed0eb65-ORD] subprocess output: b"Output #0, mp3, to '/tmp/tmpx538zykw':"
2026-01-28 06:45:05 DEBUG pydub.converter [req=9c4e86622ed0eb65-ORD] subprocess output: b'  Metadata:'
2026-01-28 06:45:05 DEBUG pydub.converter [req=9c4e86622ed0eb65-ORD] subprocess output: b'    TSSE            : Lavf60.16.100'
2026-01-28 06:45:05 DEBUG pydub.converter [req=9c4e86622ed0eb65-ORD] subprocess output: b'  Stream #0:0: Audio: mp3, 24000 Hz, mono, s16p'
2026-01-28 06:45:05 DEBUG pydub.converter [req=9c4e86622ed0eb65-ORD] subprocess output: b'    Metadata:'
2026-01-28 06:45:05 DEBUG pydub.converter [req=9c4e86622ed0eb65-ORD] subprocess output: b'      encoder         : Lavc60.31.102 libmp3lame'
2026-01-28 06:45:05 DEBUG pydub.converter [req=9c4e86622ed0eb65-ORD] subprocess output: b'size=       0kB time=-00:00:00.04 bitrate=  -0.0kbits/s speed=N/A'
2026-01-28 06:45:05 DEBUG pydub.converter [req=9c4e86622ed0eb65-ORD] subprocess output: b'[out#0/mp3 @ 0x5a13f974d440] video:0kB audio:11kB subtitle:0kB other streams:0kB global headers:0kB muxing overhead: 2.184735%'
2026-01-28 06:45:05 DEBUG pydub.converter [req=9c4e86622ed0eb65-ORD] subprocess output: b'size=      11kB time=00:00:02.64 bitrate=  33.6kbits/s speed= 218x'
2026-01-28 06:45:05 DEBUG pydub.converter [req=9c4e86622ed0eb65-ORD] subprocess.call(['ffmpeg', '-y', '-f', 'wav', '-i', '/tmp/tmpcodid05f', '-f', 'mp3', '/tmp/tmp0ke7hisz'])
2026-01-28 06:45:05 DEBUG pydub.converter [req=9c4e86622ed0eb65-ORD] subprocess output: b'ffmpeg version 6.1.1-3ubuntu5 Copyright (c) 2000-2023 the FFmpeg developers'
2026-01-28 06:45:05 DEBUG pydub.converter [req=9c4e86622ed0eb65-ORD] subprocess output: b'  built with gcc 13 (Ubuntu 13.2.0-23ubuntu3)'
2026-01-28 06:45:05 DEBUG pydub.converter [req=9c4e86622ed0eb65-ORD] subprocess output: b'  configuration: --prefix=/usr --extra-version=3ubuntu5 --toolchain=hardened --libdir=/usr/lib/x86_64-linux-gnu --incdir=/usr/include/x86_64-linux-gnu --arch=amd64 --enable-gpl --disable-stripping --disable-omx --enable-gnutls --enable-libaom --enable-libass --enable-libbs2b --enable-libcaca --enable-libcdio --enable-libcodec2 --enable-libdav1d --enable-libflite --enable-libfontconfig --enable-libfreetype --enable-libfribidi --enable-libglslang --enable-libgme --enable-libgsm --enable-libharfbuzz --enable-libmp3lame --enable-libmysofa --enable-libopenjpeg --enable-libopenmpt --enable-libopus --enable-librubberband --enable-libshine --enable-libsnappy --enable-libsoxr --enable-libspeex --enable-libtheora --enable-libtwolame --enable-libvidstab --enable-libvorbis --enable-libvpx --enable-libwebp --enable-libx265 --enable-libxml2 --enable-libxvid --enable-libzimg --enable-openal --enable-opencl --enable-opengl --disable-sndio --enable-libvpl --disable-libmfx --enable-libdc1394 --enable-libdrm --enable-libiec61883 --enable-chromaprint --enable-frei0r --enable-ladspa --enable-libbluray --enable-libjack --enable-libpulse --enable-librabbitmq --enable-librist --enable-libsrt --enable-libssh --enable-libsvtav1 --enable-libx264 --enable-libzmq --enable-libzvbi --enable-lv2 --enable-sdl2 --enable-libplacebo --enable-librav1e --enable-pocketsphinx --enable-librsvg --enable-libjxl --enable-shared'
2026-01-28 06:45:05 DEBUG pydub.converter [req=9c4e86622ed0eb65-ORD] subprocess output: b'  libavutil      58. 29.100 / 58. 29.100'
2026-01-28 06:45:05 DEBUG pydub.converter [req=9c4e86622ed0eb65-ORD] subprocess output: b'  libavcodec     60. 31.102 / 60. 31.102'
2026-01-28 06:45:05 DEBUG pydub.converter [req=9c4e86622ed0eb65-ORD] subprocess output: b'  libavformat    60. 16.100 / 60. 16.100'
2026-01-28 06:45:05 DEBUG pydub.converter [req=9c4e86622ed0eb65-ORD] subprocess output: b'  libavdevice    60.  3.100 / 60.  3.100'
2026-01-28 06:45:05 DEBUG pydub.converter [req=9c4e86622ed0eb65-ORD] subprocess output: b'  libavfilter     9. 12.100 /  9. 12.100'
2026-01-28 06:45:05 DEBUG pydub.converter [req=9c4e86622ed0eb65-ORD] subprocess output: b'  libswscale      7.  5.100 /  7.  5.100'
2026-01-28 06:45:05 DEBUG pydub.converter [req=9c4e86622ed0eb65-ORD] subprocess output: b'  libswresample   4. 12.100 /  4. 12.100'
2026-01-28 06:45:05 DEBUG pydub.converter [req=9c4e86622ed0eb65-ORD] subprocess output: b'  libpostproc    57.  3.100 / 57.  3.100'
2026-01-28 06:45:05 DEBUG pydub.converter [req=9c4e86622ed0eb65-ORD] subprocess output: b'[aist#0:0/pcm_s16le @ 0x577a592d1780] Guessed Channel Layout: mono'
2026-01-28 06:45:05 DEBUG pydub.converter [req=9c4e86622ed0eb65-ORD] subprocess output: b"Input #0, wav, from '/tmp/tmpcodid05f':"
2026-01-28 06:45:05 DEBUG pydub.converter [req=9c4e86622ed0eb65-ORD] subprocess output: b'  Duration: 00:00:01.93, bitrate: 384 kb/s'
2026-01-28 06:45:05 DEBUG pydub.converter [req=9c4e86622ed0eb65-ORD] subprocess output: b'  Stream #0:0: Audio: pcm_s16le ([1][0][0][0] / 0x0001), 24000 Hz, 1 channels, s16, 384 kb/s'
2026-01-28 06:45:05 DEBUG pydub.converter [req=9c4e86622ed0eb65-ORD] subprocess output: b'Stream mapping:'
2026-01-28 06:45:05 DEBUG pydub.converter [req=9c4e86622ed0eb65-ORD] subprocess output: b'  Stream #0:0 -> #0:0 (pcm_s16le (native) -> mp3 (libmp3lame))'
2026-01-28 06:45:05 DEBUG pydub.converter [req=9c4e86622ed0eb65-ORD] subprocess output: b'Press [q] to stop, [?] for help'
2026-01-28 06:45:05 DEBUG pydub.converter [req=9c4e86622ed0eb65-ORD] subprocess output: b"Output #0, mp3, to '/tmp/tmp0ke7hisz':"
2026-01-28 06:45:05 DEBUG pydub.converter [req=9c4e86622ed0eb65-ORD] subprocess output: b'  Metadata:'
2026-01-28 06:45:05 DEBUG pydub.converter [req=9c4e86622ed0eb65-ORD] subprocess output: b'    TSSE            : Lavf60.16.100'
2026-01-28 06:45:05 DEBUG pydub.converter [req=9c4e86622ed0eb65-ORD] subprocess output: b'  Stream #0:0: Audio: mp3, 24000 Hz, mono, s16p'
2026-01-28 06:45:05 DEBUG pydub.converter [req=9c4e86622ed0eb65-ORD] subprocess output: b'    Metadata:'
2026-01-28 06:45:05 DEBUG pydub.converter [req=9c4e86622ed0eb65-ORD] subprocess output: b'      encoder         : Lavc60.31.102 libmp3lame'
2026-01-28 06:45:05 DEBUG pydub.converter [req=9c4e86622ed0eb65-ORD] subprocess output: b'size=       0kB time=-00:00:00.04 bitrate=  -0.0kbits/s speed=N/A'
2026-01-28 06:45:05 DEBUG pydub.converter [req=9c4e86622ed0eb65-ORD] subprocess output: b'[out#0/mp3 @ 0x577a592e02c0] video:0kB audio:8kB subtitle:0kB other streams:0kB global headers:0kB muxing overhead: 2.974398%'
2026-01-28 06:45:05 DEBUG pydub.converter [req=9c4e86622ed0eb65-ORD] subprocess output: b'size=       8kB time=00:00:01.92 bitrate=  34.2kbits/s speed= 221x'
2026-01-28 06:45:05 DEBUG pydub.converter [req=9c4e86622ed0eb65-ORD] subprocess.call(['ffmpeg', '-y', '-f', 'wav', '-i', '/tmp/tmpd88_cjiz', '-f', 'mp3', '/tmp/tmpz1mbvj_n'])
2026-01-28 06:45:05 DEBUG pydub.converter [req=9c4e86622ed0eb65-ORD] subprocess output: b'ffmpeg version 6.1.1-3ubuntu5 Copyright (c) 2000-2023 the FFmpeg developers'
2026-01-28 06:45:05 DEBUG pydub.converter [req=9c4e86622ed0eb65-ORD] subprocess output: b'  built with gcc 13 (Ubuntu 13.2.0-23ubuntu3)'
2026-01-28 06:45:05 DEBUG pydub.converter [req=9c4e86622ed0eb65-ORD] subprocess output: b'  configuration: --prefix=/usr --extra-version=3ubuntu5 --toolchain=hardened --libdir=/usr/lib/x86_64-linux-gnu --incdir=/usr/include/x86_64-linux-gnu --arch=amd64 --enable-gpl --disable-stripping --disable-omx --enable-gnutls --enable-libaom --enable-libass --enable-libbs2b --enable-libcaca --enable-libcdio --enable-libcodec2 --enable-libdav1d --enable-libflite --enable-libfontconfig --enable-libfreetype --enable-libfribidi --enable-libglslang --enable-libgme --enable-libgsm --enable-libharfbuzz --enable-libmp3lame --enable-libmysofa --enable-libopenjpeg --enable-libopenmpt --enable-libopus --enable-librubberband --enable-libshine --enable-libsnappy --enable-libsoxr --enable-libspeex --enable-libtheora --enable-libtwolame --enable-libvidstab --enable-libvorbis --enable-libvpx --enable-libwebp --enable-libx265 --enable-libxml2 --enable-libxvid --enable-libzimg --enable-openal --enable-opencl --enable-opengl --disable-sndio --enable-libvpl --disable-libmfx --enable-libdc1394 --enable-libdrm --enable-libiec61883 --enable-chromaprint --enable-frei0r --enable-ladspa --enable-libbluray --enable-libjack --enable-libpulse --enable-librabbitmq --enable-librist --enable-libsrt --enable-libssh --enable-libsvtav1 --enable-libx264 --enable-libzmq --enable-libzvbi --enable-lv2 --enable-sdl2 --enable-libplacebo --enable-librav1e --enable-pocketsphinx --enable-librsvg --enable-libjxl --enable-shared'
2026-01-28 06:45:05 DEBUG pydub.converter [req=9c4e86622ed0eb65-ORD] subprocess output: b'  libavutil      58. 29.100 / 58. 29.100'
2026-01-28 06:45:05 DEBUG pydub.converter [req=9c4e86622ed0eb65-ORD] subprocess output: b'  libavcodec     60. 31.102 / 60. 31.102'
2026-01-28 06:45:05 DEBUG pydub.converter [req=9c4e86622ed0eb65-ORD] subprocess output: b'  libavformat    60. 16.100 / 60. 16.100'
2026-01-28 06:45:05 DEBUG pydub.converter [req=9c4e86622ed0eb65-ORD] subprocess output: b'  libavdevice    60.  3.100 / 60.  3.100'
2026-01-28 06:45:05 DEBUG pydub.converter [req=9c4e86622ed0eb65-ORD] subprocess output: b'  libavfilter     9. 12.100 /  9. 12.100'
2026-01-28 06:45:05 DEBUG pydub.converter [req=9c4e86622ed0eb65-ORD] subprocess output: b'  libswscale      7.  5.100 /  7.  5.100'
2026-01-28 06:45:05 DEBUG pydub.converter [req=9c4e86622ed0eb65-ORD] subprocess output: b'  libswresample   4. 12.100 /  4. 12.100'
2026-01-28 06:45:05 DEBUG pydub.converter [req=9c4e86622ed0eb65-ORD] subprocess output: b'  libpostproc    57.  3.100 / 57.  3.100'
2026-01-28 06:45:05 DEBUG pydub.converter [req=9c4e86622ed0eb65-ORD] subprocess output: b'[aist#0:0/pcm_s16le @ 0x5c06675393c0] Guessed Channel Layout: mono'
2026-01-28 06:45:05 DEBUG pydub.converter [req=9c4e86622ed0eb65-ORD] subprocess output: b"Input #0, wav, from '/tmp/tmpd88_cjiz':"
2026-01-28 06:45:05 DEBUG pydub.converter [req=9c4e86622ed0eb65-ORD] subprocess output: b'  Duration: 00:00:03.85, bitrate: 384 kb/s'
2026-01-28 06:45:05 DEBUG pydub.converter [req=9c4e86622ed0eb65-ORD] subprocess output: b'  Stream #0:0: Audio: pcm_s16le ([1][0][0][0] / 0x0001), 24000 Hz, 1 channels, s16, 384 kb/s'
2026-01-28 06:45:05 DEBUG pydub.converter [req=9c4e86622ed0eb65-ORD] subprocess output: b'Stream mapping:'
2026-01-28 06:45:05 DEBUG pydub.converter [req=9c4e86622ed0eb65-ORD] subprocess output: b'  Stream #0:0 -> #0:0 (pcm_s16le (native) -> mp3 (libmp3lame))'
2026-01-28 06:45:05 DEBUG pydub.converter [req=9c4e86622ed0eb65-ORD] subprocess output: b'Press [q] to stop, [?] for help'
2026-01-28 06:45:05 DEBUG pydub.converter [req=9c4e86622ed0eb65-ORD] subprocess output: b"Output #0, mp3, to '/tmp/tmpz1mbvj_n':"
2026-01-28 06:45:05 DEBUG pydub.converter [req=9c4e86622ed0eb65-ORD] subprocess output: b'  Metadata:'
2026-01-28 06:45:05 DEBUG pydub.converter [req=9c4e86622ed0eb65-ORD] subprocess output: b'    TSSE            : Lavf60.16.100'
2026-01-28 06:45:05 DEBUG pydub.converter [req=9c4e86622ed0eb65-ORD] subprocess output: b'  Stream #0:0: Audio: mp3, 24000 Hz, mono, s16p'
2026-01-28 06:45:05 DEBUG pydub.converter [req=9c4e86622ed0eb65-ORD] subprocess output: b'    Metadata:'
2026-01-28 06:45:05 DEBUG pydub.converter [req=9c4e86622ed0eb65-ORD] subprocess output: b'      encoder         : Lavc60.31.102 libmp3lame'
2026-01-28 06:45:05 DEBUG pydub.converter [req=9c4e86622ed0eb65-ORD] subprocess output: b'size=       0kB time=-00:00:00.04 bitrate=  -0.0kbits/s speed=N/A'
2026-01-28 06:45:05 DEBUG pydub.converter [req=9c4e86622ed0eb65-ORD] subprocess output: b'[out#0/mp3 @ 0x5c066750fa40] video:0kB audio:15kB subtitle:0kB other streams:0kB global headers:0kB muxing overhead: 1.514571%'
2026-01-28 06:45:05 DEBUG pydub.converter [req=9c4e86622ed0eb65-ORD] subprocess output: b'size=      16kB time=00:00:03.84 bitrate=  33.1kbits/s speed= 232x'
2026-01-28 06:45:05 DEBUG pydub.converter [req=9c4e86622ed0eb65-ORD] subprocess.call(['ffmpeg', '-y', '-f', 'wav', '-i', '/tmp/tmpp1vwc53s', '-f', 'mp3', '/tmp/tmpant2in0t'])
2026-01-28 06:45:05 DEBUG pydub.converter [req=9c4e86622ed0eb65-ORD] subprocess output: b'ffmpeg version 6.1.1-3ubuntu5 Copyright (c) 2000-2023 the FFmpeg developers'
2026-01-28 06:45:05 DEBUG pydub.converter [req=9c4e86622ed0eb65-ORD] subprocess output: b'  built with gcc 13 (Ubuntu 13.2.0-23ubuntu3)'
2026-01-28 06:45:05 DEBUG pydub.converter [req=9c4e86622ed0eb65-ORD] subprocess output: b'  configuration: --prefix=/usr --extra-version=3ubuntu5 --toolchain=hardened --libdir=/usr/lib/x86_64-linux-gnu --incdir=/usr/include/x86_64-linux-gnu --arch=amd64 --enable-gpl --disable-stripping --disable-omx --enable-gnutls --enable-libaom --enable-libass --enable-libbs2b --enable-libcaca --enable-libcdio --enable-libcodec2 --enable-libdav1d --enable-libflite --enable-libfontconfig --enable-libfreetype --enable-libfribidi --enable-libglslang --enable-libgme --enable-libgsm --enable-libharfbuzz --enable-libmp3lame --enable-libmysofa --enable-libopenjpeg --enable-libopenmpt --enable-libopus --enable-librubberband --enable-libshine --enable-libsnappy --enable-libsoxr --enable-libspeex --enable-libtheora --enable-libtwolame --enable-libvidstab --enable-libvorbis --enable-libvpx --enable-libwebp --enable-libx265 --enable-libxml2 --enable-libxvid --enable-libzimg --enable-openal --enable-opencl --enable-opengl --disable-sndio --enable-libvpl --disable-libmfx --enable-libdc1394 --enable-libdrm --enable-libiec61883 --enable-chromaprint --enable-frei0r --enable-ladspa --enable-libbluray --enable-libjack --enable-libpulse --enable-librabbitmq --enable-librist --enable-libsrt --enable-libssh --enable-libsvtav1 --enable-libx264 --enable-libzmq --enable-libzvbi --enable-lv2 --enable-sdl2 --enable-libplacebo --enable-librav1e --enable-pocketsphinx --enable-librsvg --enable-libjxl --enable-shared'
2026-01-28 06:45:05 DEBUG pydub.converter [req=9c4e86622ed0eb65-ORD] subprocess output: b'  libavutil      58. 29.100 / 58. 29.100'
2026-01-28 06:45:05 DEBUG pydub.converter [req=9c4e86622ed0eb65-ORD] subprocess output: b'  libavcodec     60. 31.102 / 60. 31.102'
2026-01-28 06:45:05 DEBUG pydub.converter [req=9c4e86622ed0eb65-ORD] subprocess output: b'  libavformat    60. 16.100 / 60. 16.100'
2026-01-28 06:45:05 DEBUG pydub.converter [req=9c4e86622ed0eb65-ORD] subprocess output: b'  libavdevice    60.  3.100 / 60.  3.100'
2026-01-28 06:45:05 DEBUG pydub.converter [req=9c4e86622ed0eb65-ORD] subprocess output: b'  libavfilter     9. 12.100 /  9. 12.100'
2026-01-28 06:45:05 DEBUG pydub.converter [req=9c4e86622ed0eb65-ORD] subprocess output: b'  libswscale      7.  5.100 /  7.  5.100'
2026-01-28 06:45:05 DEBUG pydub.converter [req=9c4e86622ed0eb65-ORD] subprocess output: b'  libswresample   4. 12.100 /  4. 12.100'
2026-01-28 06:45:05 DEBUG pydub.converter [req=9c4e86622ed0eb65-ORD] subprocess output: b'  libpostproc    57.  3.100 / 57.  3.100'
2026-01-28 06:45:05 DEBUG pydub.converter [req=9c4e86622ed0eb65-ORD] subprocess output: b'[aist#0:0/pcm_s16le @ 0x57783bbb00c0] Guessed Channel Layout: mono'
2026-01-28 06:45:05 DEBUG pydub.converter [req=9c4e86622ed0eb65-ORD] subprocess output: b"Input #0, wav, from '/tmp/tmpp1vwc53s':"
2026-01-28 06:45:05 DEBUG pydub.converter [req=9c4e86622ed0eb65-ORD] subprocess output: b'  Duration: 00:00:04.08, bitrate: 384 kb/s'
2026-01-28 06:45:05 DEBUG pydub.converter [req=9c4e86622ed0eb65-ORD] subprocess output: b'  Stream #0:0: Audio: pcm_s16le ([1][0][0][0] / 0x0001), 24000 Hz, 1 channels, s16, 384 kb/s'
2026-01-28 06:45:05 DEBUG pydub.converter [req=9c4e86622ed0eb65-ORD] subprocess output: b'Stream mapping:'
2026-01-28 06:45:05 DEBUG pydub.converter [req=9c4e86622ed0eb65-ORD] subprocess output: b'  Stream #0:0 -> #0:0 (pcm_s16le (native) -> mp3 (libmp3lame))'
2026-01-28 06:45:05 DEBUG pydub.converter [req=9c4e86622ed0eb65-ORD] subprocess output: b'Press [q] to stop, [?] for help'
2026-01-28 06:45:05 DEBUG pydub.converter [req=9c4e86622ed0eb65-ORD] subprocess output: b"Output #0, mp3, to '/tmp/tmpant2in0t':"
2026-01-28 06:45:05 DEBUG pydub.converter [req=9c4e86622ed0eb65-ORD] subprocess output: b'  Metadata:'
2026-01-28 06:45:05 DEBUG pydub.converter [req=9c4e86622ed0eb65-ORD] subprocess output: b'    TSSE            : Lavf60.16.100'
2026-01-28 06:45:05 DEBUG pydub.converter [req=9c4e86622ed0eb65-ORD] subprocess output: b'  Stream #0:0: Audio: mp3, 24000 Hz, mono, s16p'
2026-01-28 06:45:05 DEBUG pydub.converter [req=9c4e86622ed0eb65-ORD] subprocess output: b'    Metadata:'
2026-01-28 06:45:05 DEBUG pydub.converter [req=9c4e86622ed0eb65-ORD] subprocess output: b'      encoder         : Lavc60.31.102 libmp3lame'
2026-01-28 06:45:05 DEBUG pydub.converter [req=9c4e86622ed0eb65-ORD] subprocess output: b'size=       0kB time=-00:00:00.04 bitrate=  -0.0kbits/s speed=N/A'
2026-01-28 06:45:05 DEBUG pydub.converter [req=9c4e86622ed0eb65-ORD] subprocess output: b'[out#0/mp3 @ 0x57783bb83a40] video:0kB audio:16kB subtitle:0kB other streams:0kB global headers:0kB muxing overhead: 1.435320%'
2026-01-28 06:45:05 DEBUG pydub.converter [req=9c4e86622ed0eb65-ORD] subprocess output: b'size=      16kB time=00:00:04.05 bitrate=  33.0kbits/s speed= 234x'
2026-01-28 06:45:05 DEBUG pydub.converter [req=9c4e86622ed0eb65-ORD] subprocess.call(['ffmpeg', '-y', '-f', 'wav', '-i', '/tmp/tmpc_9d2dw3', '-f', 'mp3', '/tmp/tmp7eavx988'])
2026-01-28 06:45:06 DEBUG pydub.converter [req=9c4e86622ed0eb65-ORD] subprocess output: b'ffmpeg version 6.1.1-3ubuntu5 Copyright (c) 2000-2023 the FFmpeg developers'
2026-01-28 06:45:06 DEBUG pydub.converter [req=9c4e86622ed0eb65-ORD] subprocess output: b'  built with gcc 13 (Ubuntu 13.2.0-23ubuntu3)'
2026-01-28 06:45:06 DEBUG pydub.converter [req=9c4e86622ed0eb65-ORD] subprocess output: b'  configuration: --prefix=/usr --extra-version=3ubuntu5 --toolchain=hardened --libdir=/usr/lib/x86_64-linux-gnu --incdir=/usr/include/x86_64-linux-gnu --arch=amd64 --enable-gpl --disable-stripping --disable-omx --enable-gnutls --enable-libaom --enable-libass --enable-libbs2b --enable-libcaca --enable-libcdio --enable-libcodec2 --enable-libdav1d --enable-libflite --enable-libfontconfig --enable-libfreetype --enable-libfribidi --enable-libglslang --enable-libgme --enable-libgsm --enable-libharfbuzz --enable-libmp3lame --enable-libmysofa --enable-libopenjpeg --enable-libopenmpt --enable-libopus --enable-librubberband --enable-libshine --enable-libsnappy --enable-libsoxr --enable-libspeex --enable-libtheora --enable-libtwolame --enable-libvidstab --enable-libvorbis --enable-libvpx --enable-libwebp --enable-libx265 --enable-libxml2 --enable-libxvid --enable-libzimg --enable-openal --enable-opencl --enable-opengl --disable-sndio --enable-libvpl --disable-libmfx --enable-libdc1394 --enable-libdrm --enable-libiec61883 --enable-chromaprint --enable-frei0r --enable-ladspa --enable-libbluray --enable-libjack --enable-libpulse --enable-librabbitmq --enable-librist --enable-libsrt --enable-libssh --enable-libsvtav1 --enable-libx264 --enable-libzmq --enable-libzvbi --enable-lv2 --enable-sdl2 --enable-libplacebo --enable-librav1e --enable-pocketsphinx --enable-librsvg --enable-libjxl --enable-shared'
2026-01-28 06:45:06 DEBUG pydub.converter [req=9c4e86622ed0eb65-ORD] subprocess output: b'  libavutil      58. 29.100 / 58. 29.100'
2026-01-28 06:45:06 DEBUG pydub.converter [req=9c4e86622ed0eb65-ORD] subprocess output: b'  libavcodec     60. 31.102 / 60. 31.102'
2026-01-28 06:45:06 DEBUG pydub.converter [req=9c4e86622ed0eb65-ORD] subprocess output: b'  libavformat    60. 16.100 / 60. 16.100'
2026-01-28 06:45:06 DEBUG pydub.converter [req=9c4e86622ed0eb65-ORD] subprocess output: b'  libavdevice    60.  3.100 / 60.  3.100'
2026-01-28 06:45:06 DEBUG pydub.converter [req=9c4e86622ed0eb65-ORD] subprocess output: b'  libavfilter     9. 12.100 /  9. 12.100'
2026-01-28 06:45:06 DEBUG pydub.converter [req=9c4e86622ed0eb65-ORD] subprocess output: b'  libswscale      7.  5.100 /  7.  5.100'
2026-01-28 06:45:06 DEBUG pydub.converter [req=9c4e86622ed0eb65-ORD] subprocess output: b'  libswresample   4. 12.100 /  4. 12.100'
2026-01-28 06:45:06 DEBUG pydub.converter [req=9c4e86622ed0eb65-ORD] subprocess output: b'  libpostproc    57.  3.100 / 57.  3.100'
2026-01-28 06:45:06 DEBUG pydub.converter [req=9c4e86622ed0eb65-ORD] subprocess output: b'[aist#0:0/pcm_s16le @ 0x620b1f644e00] Guessed Channel Layout: mono'
2026-01-28 06:45:06 DEBUG pydub.converter [req=9c4e86622ed0eb65-ORD] subprocess output: b"Input #0, wav, from '/tmp/tmpc_9d2dw3':"
2026-01-28 06:45:06 DEBUG pydub.converter [req=9c4e86622ed0eb65-ORD] subprocess output: b'  Duration: 00:00:03.78, bitrate: 384 kb/s'
2026-01-28 06:45:06 DEBUG pydub.converter [req=9c4e86622ed0eb65-ORD] subprocess output: b'  Stream #0:0: Audio: pcm_s16le ([1][0][0][0] / 0x0001), 24000 Hz, 1 channels, s16, 384 kb/s'
2026-01-28 06:45:06 DEBUG pydub.converter [req=9c4e86622ed0eb65-ORD] subprocess output: b'Stream mapping:'
2026-01-28 06:45:06 DEBUG pydub.converter [req=9c4e86622ed0eb65-ORD] subprocess output: b'  Stream #0:0 -> #0:0 (pcm_s16le (native) -> mp3 (libmp3lame))'
2026-01-28 06:45:06 DEBUG pydub.converter [req=9c4e86622ed0eb65-ORD] subprocess output: b'Press [q] to stop, [?] for help'
2026-01-28 06:45:06 DEBUG pydub.converter [req=9c4e86622ed0eb65-ORD] subprocess output: b"Output #0, mp3, to '/tmp/tmp7eavx988':"
2026-01-28 06:45:06 DEBUG pydub.converter [req=9c4e86622ed0eb65-ORD] subprocess output: b'  Metadata:'
2026-01-28 06:45:06 DEBUG pydub.converter [req=9c4e86622ed0eb65-ORD] subprocess output: b'    TSSE            : Lavf60.16.100'
2026-01-28 06:45:06 DEBUG pydub.converter [req=9c4e86622ed0eb65-ORD] subprocess output: b'  Stream #0:0: Audio: mp3, 24000 Hz, mono, s16p'
2026-01-28 06:45:06 DEBUG pydub.converter [req=9c4e86622ed0eb65-ORD] subprocess output: b'    Metadata:'
2026-01-28 06:45:06 DEBUG pydub.converter [req=9c4e86622ed0eb65-ORD] subprocess output: b'      encoder         : Lavc60.31.102 libmp3lame'
2026-01-28 06:45:06 DEBUG pydub.converter [req=9c4e86622ed0eb65-ORD] subprocess output: b'size=       0kB time=-00:00:00.04 bitrate=  -0.0kbits/s speed=N/A'
2026-01-28 06:45:06 DEBUG pydub.converter [req=9c4e86622ed0eb65-ORD] subprocess output: b'[out#0/mp3 @ 0x620b1f649a40] video:0kB audio:15kB subtitle:0kB other streams:0kB global headers:0kB muxing overhead: 1.542969%'
2026-01-28 06:45:06 DEBUG pydub.converter [req=9c4e86622ed0eb65-ORD] subprocess output: b'size=      15kB time=00:00:03.76 bitrate=  33.1kbits/s speed= 236x'
2026-01-28 06:45:06 DEBUG pydub.converter [req=9c4e86622ed0eb65-ORD] subprocess.call(['ffmpeg', '-y', '-f', 'wav', '-i', '/tmp/tmpkg9z0yw0', '-f', 'mp3', '/tmp/tmpi2jn8tsg'])
2026-01-28 06:45:06 DEBUG pydub.converter [req=9c4e86622ed0eb65-ORD] subprocess output: b'ffmpeg version 6.1.1-3ubuntu5 Copyright (c) 2000-2023 the FFmpeg developers'
2026-01-28 06:45:06 DEBUG pydub.converter [req=9c4e86622ed0eb65-ORD] subprocess output: b'  built with gcc 13 (Ubuntu 13.2.0-23ubuntu3)'
2026-01-28 06:45:06 DEBUG pydub.converter [req=9c4e86622ed0eb65-ORD] subprocess output: b'  configuration: --prefix=/usr --extra-version=3ubuntu5 --toolchain=hardened --libdir=/usr/lib/x86_64-linux-gnu --incdir=/usr/include/x86_64-linux-gnu --arch=amd64 --enable-gpl --disable-stripping --disable-omx --enable-gnutls --enable-libaom --enable-libass --enable-libbs2b --enable-libcaca --enable-libcdio --enable-libcodec2 --enable-libdav1d --enable-libflite --enable-libfontconfig --enable-libfreetype --enable-libfribidi --enable-libglslang --enable-libgme --enable-libgsm --enable-libharfbuzz --enable-libmp3lame --enable-libmysofa --enable-libopenjpeg --enable-libopenmpt --enable-libopus --enable-librubberband --enable-libshine --enable-libsnappy --enable-libsoxr --enable-libspeex --enable-libtheora --enable-libtwolame --enable-libvidstab --enable-libvorbis --enable-libvpx --enable-libwebp --enable-libx265 --enable-libxml2 --enable-libxvid --enable-libzimg --enable-openal --enable-opencl --enable-opengl --disable-sndio --enable-libvpl --disable-libmfx --enable-libdc1394 --enable-libdrm --enable-libiec61883 --enable-chromaprint --enable-frei0r --enable-ladspa --enable-libbluray --enable-libjack --enable-libpulse --enable-librabbitmq --enable-librist --enable-libsrt --enable-libssh --enable-libsvtav1 --enable-libx264 --enable-libzmq --enable-libzvbi --enable-lv2 --enable-sdl2 --enable-libplacebo --enable-librav1e --enable-pocketsphinx --enable-librsvg --enable-libjxl --enable-shared'
2026-01-28 06:45:06 DEBUG pydub.converter [req=9c4e86622ed0eb65-ORD] subprocess output: b'  libavutil      58. 29.100 / 58. 29.100'
2026-01-28 06:45:06 DEBUG pydub.converter [req=9c4e86622ed0eb65-ORD] subprocess output: b'  libavcodec     60. 31.102 / 60. 31.102'
2026-01-28 06:45:06 DEBUG pydub.converter [req=9c4e86622ed0eb65-ORD] subprocess output: b'  libavformat    60. 16.100 / 60. 16.100'
2026-01-28 06:45:06 DEBUG pydub.converter [req=9c4e86622ed0eb65-ORD] subprocess output: b'  libavdevice    60.  3.100 / 60.  3.100'
2026-01-28 06:45:06 DEBUG pydub.converter [req=9c4e86622ed0eb65-ORD] subprocess output: b'  libavfilter     9. 12.100 /  9. 12.100'
2026-01-28 06:45:06 DEBUG pydub.converter [req=9c4e86622ed0eb65-ORD] subprocess output: b'  libswscale      7.  5.100 /  7.  5.100'
2026-01-28 06:45:06 DEBUG pydub.converter [req=9c4e86622ed0eb65-ORD] subprocess output: b'  libswresample   4. 12.100 /  4. 12.100'
2026-01-28 06:45:06 DEBUG pydub.converter [req=9c4e86622ed0eb65-ORD] subprocess output: b'  libpostproc    57.  3.100 / 57.  3.100'
2026-01-28 06:45:06 DEBUG pydub.converter [req=9c4e86622ed0eb65-ORD] subprocess output: b'[aist#0:0/pcm_s16le @ 0x6498c014ef00] Guessed Channel Layout: mono'
2026-01-28 06:45:06 DEBUG pydub.converter [req=9c4e86622ed0eb65-ORD] subprocess output: b"Input #0, wav, from '/tmp/tmpkg9z0yw0':"
2026-01-28 06:45:06 DEBUG pydub.converter [req=9c4e86622ed0eb65-ORD] subprocess output: b'  Duration: 00:00:05.08, bitrate: 384 kb/s'
2026-01-28 06:45:06 DEBUG pydub.converter [req=9c4e86622ed0eb65-ORD] subprocess output: b'  Stream #0:0: Audio: pcm_s16le ([1][0][0][0] / 0x0001), 24000 Hz, 1 channels, s16, 384 kb/s'
2026-01-28 06:45:06 DEBUG pydub.converter [req=9c4e86622ed0eb65-ORD] subprocess output: b'Stream mapping:'
2026-01-28 06:45:06 DEBUG pydub.converter [req=9c4e86622ed0eb65-ORD] subprocess output: b'  Stream #0:0 -> #0:0 (pcm_s16le (native) -> mp3 (libmp3lame))'
2026-01-28 06:45:06 DEBUG pydub.converter [req=9c4e86622ed0eb65-ORD] subprocess output: b'Press [q] to stop, [?] for help'
2026-01-28 06:45:06 DEBUG pydub.converter [req=9c4e86622ed0eb65-ORD] subprocess output: b"Output #0, mp3, to '/tmp/tmpi2jn8tsg':"
2026-01-28 06:45:06 DEBUG pydub.converter [req=9c4e86622ed0eb65-ORD] subprocess output: b'  Metadata:'
2026-01-28 06:45:06 DEBUG pydub.converter [req=9c4e86622ed0eb65-ORD] subprocess output: b'    TSSE            : Lavf60.16.100'
2026-01-28 06:45:06 DEBUG pydub.converter [req=9c4e86622ed0eb65-ORD] subprocess output: b'  Stream #0:0: Audio: mp3, 24000 Hz, mono, s16p'
2026-01-28 06:45:06 DEBUG pydub.converter [req=9c4e86622ed0eb65-ORD] subprocess output: b'    Metadata:'
2026-01-28 06:45:06 DEBUG pydub.converter [req=9c4e86622ed0eb65-ORD] subprocess output: b'      encoder         : Lavc60.31.102 libmp3lame'
2026-01-28 06:45:06 DEBUG pydub.converter [req=9c4e86622ed0eb65-ORD] subprocess output: b'size=       0kB time=-00:00:00.04 bitrate=  -0.0kbits/s speed=N/A'
2026-01-28 06:45:06 DEBUG pydub.converter [req=9c4e86622ed0eb65-ORD] subprocess output: b'[out#0/mp3 @ 0x6498c0125a40] video:0kB audio:20kB subtitle:0kB other streams:0kB global headers:0kB muxing overhead: 1.153621%'
2026-01-28 06:45:06 DEBUG pydub.converter [req=9c4e86622ed0eb65-ORD] subprocess output: b'size=      20kB time=00:00:05.06 bitrate=  32.8kbits/s speed= 239x'
2026-01-28 06:45:06 DEBUG pydub.converter [req=9c4e86622ed0eb65-ORD] subprocess.call(['ffmpeg', '-y', '-f', 'wav', '-i', '/tmp/tmpczxm_472', '-f', 'mp3', '/tmp/tmplw_ugira'])
2026-01-28 06:45:06 DEBUG pydub.converter [req=9c4e86622ed0eb65-ORD] subprocess output: b'ffmpeg version 6.1.1-3ubuntu5 Copyright (c) 2000-2023 the FFmpeg developers'
2026-01-28 06:45:06 DEBUG pydub.converter [req=9c4e86622ed0eb65-ORD] subprocess output: b'  built with gcc 13 (Ubuntu 13.2.0-23ubuntu3)'
2026-01-28 06:45:06 DEBUG pydub.converter [req=9c4e86622ed0eb65-ORD] subprocess output: b'  configuration: --prefix=/usr --extra-version=3ubuntu5 --toolchain=hardened --libdir=/usr/lib/x86_64-linux-gnu --incdir=/usr/include/x86_64-linux-gnu --arch=amd64 --enable-gpl --disable-stripping --disable-omx --enable-gnutls --enable-libaom --enable-libass --enable-libbs2b --enable-libcaca --enable-libcdio --enable-libcodec2 --enable-libdav1d --enable-libflite --enable-libfontconfig --enable-libfreetype --enable-libfribidi --enable-libglslang --enable-libgme --enable-libgsm --enable-libharfbuzz --enable-libmp3lame --enable-libmysofa --enable-libopenjpeg --enable-libopenmpt --enable-libopus --enable-librubberband --enable-libshine --enable-libsnappy --enable-libsoxr --enable-libspeex --enable-libtheora --enable-libtwolame --enable-libvidstab --enable-libvorbis --enable-libvpx --enable-libwebp --enable-libx265 --enable-libxml2 --enable-libxvid --enable-libzimg --enable-openal --enable-opencl --enable-opengl --disable-sndio --enable-libvpl --disable-libmfx --enable-libdc1394 --enable-libdrm --enable-libiec61883 --enable-chromaprint --enable-frei0r --enable-ladspa --enable-libbluray --enable-libjack --enable-libpulse --enable-librabbitmq --enable-librist --enable-libsrt --enable-libssh --enable-libsvtav1 --enable-libx264 --enable-libzmq --enable-libzvbi --enable-lv2 --enable-sdl2 --enable-libplacebo --enable-librav1e --enable-pocketsphinx --enable-librsvg --enable-libjxl --enable-shared'
2026-01-28 06:45:06 DEBUG pydub.converter [req=9c4e86622ed0eb65-ORD] subprocess output: b'  libavutil      58. 29.100 / 58. 29.100'
2026-01-28 06:45:06 DEBUG pydub.converter [req=9c4e86622ed0eb65-ORD] subprocess output: b'  libavcodec     60. 31.102 / 60. 31.102'
2026-01-28 06:45:06 DEBUG pydub.converter [req=9c4e86622ed0eb65-ORD] subprocess output: b'  libavformat    60. 16.100 / 60. 16.100'
2026-01-28 06:45:06 DEBUG pydub.converter [req=9c4e86622ed0eb65-ORD] subprocess output: b'  libavdevice    60.  3.100 / 60.  3.100'
2026-01-28 06:45:06 DEBUG pydub.converter [req=9c4e86622ed0eb65-ORD] subprocess output: b'  libavfilter     9. 12.100 /  9. 12.100'
2026-01-28 06:45:06 DEBUG pydub.converter [req=9c4e86622ed0eb65-ORD] subprocess output: b'  libswscale      7.  5.100 /  7.  5.100'
2026-01-28 06:45:06 DEBUG pydub.converter [req=9c4e86622ed0eb65-ORD] subprocess output: b'  libswresample   4. 12.100 /  4. 12.100'
2026-01-28 06:45:06 DEBUG pydub.converter [req=9c4e86622ed0eb65-ORD] subprocess output: b'  libpostproc    57.  3.100 / 57.  3.100'
2026-01-28 06:45:06 DEBUG pydub.converter [req=9c4e86622ed0eb65-ORD] subprocess output: b'[aist#0:0/pcm_s16le @ 0x5b9aa44a7f00] Guessed Channel Layout: mono'
2026-01-28 06:45:06 DEBUG pydub.converter [req=9c4e86622ed0eb65-ORD] subprocess output: b"Input #0, wav, from '/tmp/tmpczxm_472':"
2026-01-28 06:45:06 DEBUG pydub.converter [req=9c4e86622ed0eb65-ORD] subprocess output: b'  Duration: 00:00:10.33, bitrate: 384 kb/s'
2026-01-28 06:45:06 DEBUG pydub.converter [req=9c4e86622ed0eb65-ORD] subprocess output: b'  Stream #0:0: Audio: pcm_s16le ([1][0][0][0] / 0x0001), 24000 Hz, 1 channels, s16, 384 kb/s'
2026-01-28 06:45:06 DEBUG pydub.converter [req=9c4e86622ed0eb65-ORD] subprocess output: b'Stream mapping:'
2026-01-28 06:45:06 DEBUG pydub.converter [req=9c4e86622ed0eb65-ORD] subprocess output: b'  Stream #0:0 -> #0:0 (pcm_s16le (native) -> mp3 (libmp3lame))'
2026-01-28 06:45:06 DEBUG pydub.converter [req=9c4e86622ed0eb65-ORD] subprocess output: b'Press [q] to stop, [?] for help'
2026-01-28 06:45:06 DEBUG pydub.converter [req=9c4e86622ed0eb65-ORD] subprocess output: b"Output #0, mp3, to '/tmp/tmplw_ugira':"
2026-01-28 06:45:06 DEBUG pydub.converter [req=9c4e86622ed0eb65-ORD] subprocess output: b'  Metadata:'
2026-01-28 06:45:06 DEBUG pydub.converter [req=9c4e86622ed0eb65-ORD] subprocess output: b'    TSSE            : Lavf60.16.100'
2026-01-28 06:45:06 DEBUG pydub.converter [req=9c4e86622ed0eb65-ORD] subprocess output: b'  Stream #0:0: Audio: mp3, 24000 Hz, mono, s16p'
2026-01-28 06:45:06 DEBUG pydub.converter [req=9c4e86622ed0eb65-ORD] subprocess output: b'    Metadata:'
2026-01-28 06:45:06 DEBUG pydub.converter [req=9c4e86622ed0eb65-ORD] subprocess output: b'      encoder         : Lavc60.31.102 libmp3lame'
2026-01-28 06:45:06 DEBUG pydub.converter [req=9c4e86622ed0eb65-ORD] subprocess output: b'size=       0kB time=-00:00:00.04 bitrate=  -0.0kbits/s speed=N/A'
2026-01-28 06:45:06 DEBUG pydub.converter [req=9c4e86622ed0eb65-ORD] subprocess output: b'[out#0/mp3 @ 0x5b9aa447ea40] video:0kB audio:41kB subtitle:0kB other streams:0kB global headers:0kB muxing overhead: 0.570150%'
2026-01-28 06:45:06 DEBUG pydub.converter [req=9c4e86622ed0eb65-ORD] subprocess output: b'size=      41kB time=00:00:10.32 bitrate=  32.4kbits/s speed= 249x'
2026-01-28 06:45:06 DEBUG pydub.converter [req=9c4e86622ed0eb65-ORD] subprocess.call(['ffmpeg', '-y', '-f', 'wav', '-i', '/tmp/tmpn1agki6d', '-f', 'mp3', '/tmp/tmp6pmqsq8a'])
2026-01-28 06:45:06 DEBUG pydub.converter [req=9c4e86622ed0eb65-ORD] subprocess output: b'ffmpeg version 6.1.1-3ubuntu5 Copyright (c) 2000-2023 the FFmpeg developers'
2026-01-28 06:45:06 DEBUG pydub.converter [req=9c4e86622ed0eb65-ORD] subprocess output: b'  built with gcc 13 (Ubuntu 13.2.0-23ubuntu3)'
2026-01-28 06:45:06 DEBUG pydub.converter [req=9c4e86622ed0eb65-ORD] subprocess output: b'  configuration: --prefix=/usr --extra-version=3ubuntu5 --toolchain=hardened --libdir=/usr/lib/x86_64-linux-gnu --incdir=/usr/include/x86_64-linux-gnu --arch=amd64 --enable-gpl --disable-stripping --disable-omx --enable-gnutls --enable-libaom --enable-libass --enable-libbs2b --enable-libcaca --enable-libcdio --enable-libcodec2 --enable-libdav1d --enable-libflite --enable-libfontconfig --enable-libfreetype --enable-libfribidi --enable-libglslang --enable-libgme --enable-libgsm --enable-libharfbuzz --enable-libmp3lame --enable-libmysofa --enable-libopenjpeg --enable-libopenmpt --enable-libopus --enable-librubberband --enable-libshine --enable-libsnappy --enable-libsoxr --enable-libspeex --enable-libtheora --enable-libtwolame --enable-libvidstab --enable-libvorbis --enable-libvpx --enable-libwebp --enable-libx265 --enable-libxml2 --enable-libxvid --enable-libzimg --enable-openal --enable-opencl --enable-opengl --disable-sndio --enable-libvpl --disable-libmfx --enable-libdc1394 --enable-libdrm --enable-libiec61883 --enable-chromaprint --enable-frei0r --enable-ladspa --enable-libbluray --enable-libjack --enable-libpulse --enable-librabbitmq --enable-librist --enable-libsrt --enable-libssh --enable-libsvtav1 --enable-libx264 --enable-libzmq --enable-libzvbi --enable-lv2 --enable-sdl2 --enable-libplacebo --enable-librav1e --enable-pocketsphinx --enable-librsvg --enable-libjxl --enable-shared'
2026-01-28 06:45:06 DEBUG pydub.converter [req=9c4e86622ed0eb65-ORD] subprocess output: b'  libavutil      58. 29.100 / 58. 29.100'
2026-01-28 06:45:06 DEBUG pydub.converter [req=9c4e86622ed0eb65-ORD] subprocess output: b'  libavcodec     60. 31.102 / 60. 31.102'
2026-01-28 06:45:06 DEBUG pydub.converter [req=9c4e86622ed0eb65-ORD] subprocess output: b'  libavformat    60. 16.100 / 60. 16.100'
2026-01-28 06:45:06 DEBUG pydub.converter [req=9c4e86622ed0eb65-ORD] subprocess output: b'  libavdevice    60.  3.100 / 60.  3.100'
2026-01-28 06:45:06 DEBUG pydub.converter [req=9c4e86622ed0eb65-ORD] subprocess output: b'  libavfilter     9. 12.100 /  9. 12.100'
2026-01-28 06:45:06 DEBUG pydub.converter [req=9c4e86622ed0eb65-ORD] subprocess output: b'  libswscale      7.  5.100 /  7.  5.100'
2026-01-28 06:45:06 DEBUG pydub.converter [req=9c4e86622ed0eb65-ORD] subprocess output: b'  libswresample   4. 12.100 /  4. 12.100'
2026-01-28 06:45:06 DEBUG pydub.converter [req=9c4e86622ed0eb65-ORD] subprocess output: b'  libpostproc    57.  3.100 / 57.  3.100'
2026-01-28 06:45:06 DEBUG pydub.converter [req=9c4e86622ed0eb65-ORD] subprocess output: b'[aist#0:0/pcm_s16le @ 0x579aec072f00] Guessed Channel Layout: mono'
2026-01-28 06:45:06 DEBUG pydub.converter [req=9c4e86622ed0eb65-ORD] subprocess output: b"Input #0, wav, from '/tmp/tmpn1agki6d':"
2026-01-28 06:45:06 DEBUG pydub.converter [req=9c4e86622ed0eb65-ORD] subprocess output: b'  Duration: 00:00:12.33, bitrate: 384 kb/s'
2026-01-28 06:45:06 DEBUG pydub.converter [req=9c4e86622ed0eb65-ORD] subprocess output: b'  Stream #0:0: Audio: pcm_s16le ([1][0][0][0] / 0x0001), 24000 Hz, 1 channels, s16, 384 kb/s'
2026-01-28 06:45:06 DEBUG pydub.converter [req=9c4e86622ed0eb65-ORD] subprocess output: b'Stream mapping:'
2026-01-28 06:45:06 DEBUG pydub.converter [req=9c4e86622ed0eb65-ORD] subprocess output: b'  Stream #0:0 -> #0:0 (pcm_s16le (native) -> mp3 (libmp3lame))'
2026-01-28 06:45:06 DEBUG pydub.converter [req=9c4e86622ed0eb65-ORD] subprocess output: b'Press [q] to stop, [?] for help'
2026-01-28 06:45:06 DEBUG pydub.converter [req=9c4e86622ed0eb65-ORD] subprocess output: b"Output #0, mp3, to '/tmp/tmp6pmqsq8a':"
2026-01-28 06:45:06 DEBUG pydub.converter [req=9c4e86622ed0eb65-ORD] subprocess output: b'  Metadata:'
2026-01-28 06:45:06 DEBUG pydub.converter [req=9c4e86622ed0eb65-ORD] subprocess output: b'    TSSE            : Lavf60.16.100'
2026-01-28 06:45:06 DEBUG pydub.converter [req=9c4e86622ed0eb65-ORD] subprocess output: b'  Stream #0:0: Audio: mp3, 24000 Hz, mono, s16p'
2026-01-28 06:45:06 DEBUG pydub.converter [req=9c4e86622ed0eb65-ORD] subprocess output: b'    Metadata:'
2026-01-28 06:45:06 DEBUG pydub.converter [req=9c4e86622ed0eb65-ORD] subprocess output: b'      encoder         : Lavc60.31.102 libmp3lame'
2026-01-28 06:45:06 DEBUG pydub.converter [req=9c4e86622ed0eb65-ORD] subprocess output: b'size=       0kB time=-00:00:00.04 bitrate=  -0.0kbits/s speed=N/A'
2026-01-28 06:45:06 DEBUG pydub.converter [req=9c4e86622ed0eb65-ORD] subprocess output: b'[out#0/mp3 @ 0x579aec049a40] video:0kB audio:48kB subtitle:0kB other streams:0kB global headers:0kB muxing overhead: 0.478440%'
2026-01-28 06:45:06 DEBUG pydub.converter [req=9c4e86622ed0eb65-ORD] subprocess output: b'size=      49kB time=00:00:12.31 bitrate=  32.3kbits/s speed= 254x'
2026-01-28 06:45:06 DEBUG pydub.converter [req=9c4e86622ed0eb65-ORD] subprocess.call(['ffmpeg', '-y', '-f', 'wav', '-i', '/tmp/tmpc7q7jxaa', '-f', 'mp3', '/tmp/tmpmt2rgair'])
2026-01-28 06:45:06 DEBUG pydub.converter [req=9c4e86622ed0eb65-ORD] subprocess output: b'ffmpeg version 6.1.1-3ubuntu5 Copyright (c) 2000-2023 the FFmpeg developers'
2026-01-28 06:45:06 DEBUG pydub.converter [req=9c4e86622ed0eb65-ORD] subprocess output: b'  built with gcc 13 (Ubuntu 13.2.0-23ubuntu3)'
2026-01-28 06:45:06 DEBUG pydub.converter [req=9c4e86622ed0eb65-ORD] subprocess output: b'  configuration: --prefix=/usr --extra-version=3ubuntu5 --toolchain=hardened --libdir=/usr/lib/x86_64-linux-gnu --incdir=/usr/include/x86_64-linux-gnu --arch=amd64 --enable-gpl --disable-stripping --disable-omx --enable-gnutls --enable-libaom --enable-libass --enable-libbs2b --enable-libcaca --enable-libcdio --enable-libcodec2 --enable-libdav1d --enable-libflite --enable-libfontconfig --enable-libfreetype --enable-libfribidi --enable-libglslang --enable-libgme --enable-libgsm --enable-libharfbuzz --enable-libmp3lame --enable-libmysofa --enable-libopenjpeg --enable-libopenmpt --enable-libopus --enable-librubberband --enable-libshine --enable-libsnappy --enable-libsoxr --enable-libspeex --enable-libtheora --enable-libtwolame --enable-libvidstab --enable-libvorbis --enable-libvpx --enable-libwebp --enable-libx265 --enable-libxml2 --enable-libxvid --enable-libzimg --enable-openal --enable-opencl --enable-opengl --disable-sndio --enable-libvpl --disable-libmfx --enable-libdc1394 --enable-libdrm --enable-libiec61883 --enable-chromaprint --enable-frei0r --enable-ladspa --enable-libbluray --enable-libjack --enable-libpulse --enable-librabbitmq --enable-librist --enable-libsrt --enable-libssh --enable-libsvtav1 --enable-libx264 --enable-libzmq --enable-libzvbi --enable-lv2 --enable-sdl2 --enable-libplacebo --enable-librav1e --enable-pocketsphinx --enable-librsvg --enable-libjxl --enable-shared'
2026-01-28 06:45:06 DEBUG pydub.converter [req=9c4e86622ed0eb65-ORD] subprocess output: b'  libavutil      58. 29.100 / 58. 29.100'
2026-01-28 06:45:06 DEBUG pydub.converter [req=9c4e86622ed0eb65-ORD] subprocess output: b'  libavcodec     60. 31.102 / 60. 31.102'
2026-01-28 06:45:06 DEBUG pydub.converter [req=9c4e86622ed0eb65-ORD] subprocess output: b'  libavformat    60. 16.100 / 60. 16.100'
2026-01-28 06:45:06 DEBUG pydub.converter [req=9c4e86622ed0eb65-ORD] subprocess output: b'  libavdevice    60.  3.100 / 60.  3.100'
2026-01-28 06:45:06 DEBUG pydub.converter [req=9c4e86622ed0eb65-ORD] subprocess output: b'  libavfilter     9. 12.100 /  9. 12.100'
2026-01-28 06:45:06 DEBUG pydub.converter [req=9c4e86622ed0eb65-ORD] subprocess output: b'  libswscale      7.  5.100 /  7.  5.100'
2026-01-28 06:45:06 DEBUG pydub.converter [req=9c4e86622ed0eb65-ORD] subprocess output: b'  libswresample   4. 12.100 /  4. 12.100'
2026-01-28 06:45:06 DEBUG pydub.converter [req=9c4e86622ed0eb65-ORD] subprocess output: b'  libpostproc    57.  3.100 / 57.  3.100'
2026-01-28 06:45:06 DEBUG pydub.converter [req=9c4e86622ed0eb65-ORD] subprocess output: b'[aist#0:0/pcm_s16le @ 0x5d65b6eaaf00] Guessed Channel Layout: mono'
2026-01-28 06:45:06 DEBUG pydub.converter [req=9c4e86622ed0eb65-ORD] subprocess output: b"Input #0, wav, from '/tmp/tmpc7q7jxaa':"
2026-01-28 06:45:06 DEBUG pydub.converter [req=9c4e86622ed0eb65-ORD] subprocess output: b'  Duration: 00:00:11.20, bitrate: 384 kb/s'
2026-01-28 06:45:06 DEBUG pydub.converter [req=9c4e86622ed0eb65-ORD] subprocess output: b'  Stream #0:0: Audio: pcm_s16le ([1][0][0][0] / 0x0001), 24000 Hz, 1 channels, s16, 384 kb/s'
2026-01-28 06:45:06 DEBUG pydub.converter [req=9c4e86622ed0eb65-ORD] subprocess output: b'Stream mapping:'
2026-01-28 06:45:06 DEBUG pydub.converter [req=9c4e86622ed0eb65-ORD] subprocess output: b'  Stream #0:0 -> #0:0 (pcm_s16le (native) -> mp3 (libmp3lame))'
2026-01-28 06:45:06 DEBUG pydub.converter [req=9c4e86622ed0eb65-ORD] subprocess output: b'Press [q] to stop, [?] for help'
2026-01-28 06:45:06 DEBUG pydub.converter [req=9c4e86622ed0eb65-ORD] subprocess output: b"Output #0, mp3, to '/tmp/tmpmt2rgair':"
2026-01-28 06:45:06 DEBUG pydub.converter [req=9c4e86622ed0eb65-ORD] subprocess output: b'  Metadata:'
2026-01-28 06:45:06 DEBUG pydub.converter [req=9c4e86622ed0eb65-ORD] subprocess output: b'    TSSE            : Lavf60.16.100'
2026-01-28 06:45:06 DEBUG pydub.converter [req=9c4e86622ed0eb65-ORD] subprocess output: b'  Stream #0:0: Audio: mp3, 24000 Hz, mono, s16p'
2026-01-28 06:45:06 DEBUG pydub.converter [req=9c4e86622ed0eb65-ORD] subprocess output: b'    Metadata:'
2026-01-28 06:45:06 DEBUG pydub.converter [req=9c4e86622ed0eb65-ORD] subprocess output: b'      encoder         : Lavc60.31.102 libmp3lame'
2026-01-28 06:45:06 DEBUG pydub.converter [req=9c4e86622ed0eb65-ORD] subprocess output: b'size=       0kB time=-00:00:00.04 bitrate=  -0.0kbits/s speed=N/A'
2026-01-28 06:45:06 DEBUG pydub.converter [req=9c4e86622ed0eb65-ORD] subprocess output: b'[out#0/mp3 @ 0x5d65b6e81a40] video:0kB audio:44kB subtitle:0kB other streams:0kB global headers:0kB muxing overhead: 0.526386%'
2026-01-28 06:45:06 DEBUG pydub.converter [req=9c4e86622ed0eb65-ORD] subprocess output: b'size=      44kB time=00:00:11.18 bitrate=  32.4kbits/s speed= 245x'
2026-01-28 06:45:07 DEBUG pydub.converter [req=9c4e86622ed0eb65-ORD] subprocess.call(['ffmpeg', '-y', '-f', 'wav', '-i', '/tmp/tmp312uo4z3', '-f', 'mp3', '/tmp/tmpz21j6kgd'])
2026-01-28 06:45:07 DEBUG pydub.converter [req=9c4e86622ed0eb65-ORD] subprocess output: b'ffmpeg version 6.1.1-3ubuntu5 Copyright (c) 2000-2023 the FFmpeg developers'
2026-01-28 06:45:07 DEBUG pydub.converter [req=9c4e86622ed0eb65-ORD] subprocess output: b'  built with gcc 13 (Ubuntu 13.2.0-23ubuntu3)'
2026-01-28 06:45:07 DEBUG pydub.converter [req=9c4e86622ed0eb65-ORD] subprocess output: b'  configuration: --prefix=/usr --extra-version=3ubuntu5 --toolchain=hardened --libdir=/usr/lib/x86_64-linux-gnu --incdir=/usr/include/x86_64-linux-gnu --arch=amd64 --enable-gpl --disable-stripping --disable-omx --enable-gnutls --enable-libaom --enable-libass --enable-libbs2b --enable-libcaca --enable-libcdio --enable-libcodec2 --enable-libdav1d --enable-libflite --enable-libfontconfig --enable-libfreetype --enable-libfribidi --enable-libglslang --enable-libgme --enable-libgsm --enable-libharfbuzz --enable-libmp3lame --enable-libmysofa --enable-libopenjpeg --enable-libopenmpt --enable-libopus --enable-librubberband --enable-libshine --enable-libsnappy --enable-libsoxr --enable-libspeex --enable-libtheora --enable-libtwolame --enable-libvidstab --enable-libvorbis --enable-libvpx --enable-libwebp --enable-libx265 --enable-libxml2 --enable-libxvid --enable-libzimg --enable-openal --enable-opencl --enable-opengl --disable-sndio --enable-libvpl --disable-libmfx --enable-libdc1394 --enable-libdrm --enable-libiec61883 --enable-chromaprint --enable-frei0r --enable-ladspa --enable-libbluray --enable-libjack --enable-libpulse --enable-librabbitmq --enable-librist --enable-libsrt --enable-libssh --enable-libsvtav1 --enable-libx264 --enable-libzmq --enable-libzvbi --enable-lv2 --enable-sdl2 --enable-libplacebo --enable-librav1e --enable-pocketsphinx --enable-librsvg --enable-libjxl --enable-shared'
2026-01-28 06:45:07 DEBUG pydub.converter [req=9c4e86622ed0eb65-ORD] subprocess output: b'  libavutil      58. 29.100 / 58. 29.100'
2026-01-28 06:45:07 DEBUG pydub.converter [req=9c4e86622ed0eb65-ORD] subprocess output: b'  libavcodec     60. 31.102 / 60. 31.102'
2026-01-28 06:45:07 DEBUG pydub.converter [req=9c4e86622ed0eb65-ORD] subprocess output: b'  libavformat    60. 16.100 / 60. 16.100'
2026-01-28 06:45:07 DEBUG pydub.converter [req=9c4e86622ed0eb65-ORD] subprocess output: b'  libavdevice    60.  3.100 / 60.  3.100'
2026-01-28 06:45:07 DEBUG pydub.converter [req=9c4e86622ed0eb65-ORD] subprocess output: b'  libavfilter     9. 12.100 /  9. 12.100'
2026-01-28 06:45:07 DEBUG pydub.converter [req=9c4e86622ed0eb65-ORD] subprocess output: b'  libswscale      7.  5.100 /  7.  5.100'
2026-01-28 06:45:07 DEBUG pydub.converter [req=9c4e86622ed0eb65-ORD] subprocess output: b'  libswresample   4. 12.100 /  4. 12.100'
2026-01-28 06:45:07 DEBUG pydub.converter [req=9c4e86622ed0eb65-ORD] subprocess output: b'  libpostproc    57.  3.100 / 57.  3.100'
2026-01-28 06:45:07 DEBUG pydub.converter [req=9c4e86622ed0eb65-ORD] subprocess output: b'[aist#0:0/pcm_s16le @ 0x575048918f00] Guessed Channel Layout: mono'
2026-01-28 06:45:07 DEBUG pydub.converter [req=9c4e86622ed0eb65-ORD] subprocess output: b"Input #0, wav, from '/tmp/tmp312uo4z3':"
2026-01-28 06:45:07 DEBUG pydub.converter [req=9c4e86622ed0eb65-ORD] subprocess output: b'  Duration: 00:00:16.55, bitrate: 384 kb/s'
2026-01-28 06:45:07 DEBUG pydub.converter [req=9c4e86622ed0eb65-ORD] subprocess output: b'  Stream #0:0: Audio: pcm_s16le ([1][0][0][0] / 0x0001), 24000 Hz, 1 channels, s16, 384 kb/s'
2026-01-28 06:45:07 DEBUG pydub.converter [req=9c4e86622ed0eb65-ORD] subprocess output: b'Stream mapping:'
2026-01-28 06:45:07 DEBUG pydub.converter [req=9c4e86622ed0eb65-ORD] subprocess output: b'  Stream #0:0 -> #0:0 (pcm_s16le (native) -> mp3 (libmp3lame))'
2026-01-28 06:45:07 DEBUG pydub.converter [req=9c4e86622ed0eb65-ORD] subprocess output: b'Press [q] to stop, [?] for help'
2026-01-28 06:45:07 DEBUG pydub.converter [req=9c4e86622ed0eb65-ORD] subprocess output: b"Output #0, mp3, to '/tmp/tmpz21j6kgd':"
2026-01-28 06:45:07 DEBUG pydub.converter [req=9c4e86622ed0eb65-ORD] subprocess output: b'  Metadata:'
2026-01-28 06:45:07 DEBUG pydub.converter [req=9c4e86622ed0eb65-ORD] subprocess output: b'    TSSE            : Lavf60.16.100'
2026-01-28 06:45:07 DEBUG pydub.converter [req=9c4e86622ed0eb65-ORD] subprocess output: b'  Stream #0:0: Audio: mp3, 24000 Hz, mono, s16p'
2026-01-28 06:45:07 DEBUG pydub.converter [req=9c4e86622ed0eb65-ORD] subprocess output: b'    Metadata:'
2026-01-28 06:45:07 DEBUG pydub.converter [req=9c4e86622ed0eb65-ORD] subprocess output: b'      encoder         : Lavc60.31.102 libmp3lame'
2026-01-28 06:45:07 DEBUG pydub.converter [req=9c4e86622ed0eb65-ORD] subprocess output: b'size=       0kB time=-00:00:00.04 bitrate=  -0.0kbits/s speed=N/A'
2026-01-28 06:45:07 DEBUG pydub.converter [req=9c4e86622ed0eb65-ORD] subprocess output: b'[out#0/mp3 @ 0x5750488efa40] video:0kB audio:65kB subtitle:0kB other streams:0kB global headers:0kB muxing overhead: 0.356756%'
2026-01-28 06:45:07 DEBUG pydub.converter [req=9c4e86622ed0eb65-ORD] subprocess output: b'size=      65kB time=00:00:16.53 bitrate=  32.3kbits/s speed= 265x'
2026-01-28 06:45:07 INFO app [req=9c4e86622ed0eb65-ORD] POST /new-toefl/api/speaking/generate -> 200 (2320ms)
2026-01-28 06:45:07 INFO werkzeug [req=-] 127.0.0.1 - - [28/Jan/2026 06:45:07] "POST /new-toefl/api/speaking/generate HTTP/1.1" 200 -
2026-01-28 06:45:08 INFO app [req=9c4e867a8b1eeb65-ORD] GET /new-toefl/speaking/task/135 -> 200 (2ms)
2026-01-28 06:45:08 INFO werkzeug [req=-] 127.0.0.1 - - [28/Jan/2026 06:45:08] "GET /new-toefl/speaking/task/135 HTTP/1.1" 200 -
2026-01-28 06:45:09 INFO app [req=9c4e867b2c86eb65-ORD] GET /static/listening_audio/new_toefl_repeat_1769582705022.mp3 -> 200 (0ms)
2026-01-28 06:45:09 INFO werkzeug [req=-] 127.0.0.1 - - [28/Jan/2026 06:45:09] "GET /static/listening_audio/new_toefl_repeat_1769582705022.mp3 HTTP/1.1" 200 -
2026-01-28 06:45:10 INFO app [req=9c4e86831da2eb65-ORD] GET /favicon.ico -> 404 (0ms)
2026-01-28 06:45:10 INFO werkzeug [req=-] 127.0.0.1 - - [28/Jan/2026 06:45:10] "[33mGET /favicon.ico HTTP/1.1[0m" 404 -
2026-01-28 06:45:13 INFO app [req=9c4e8698ef4eeb65-ORD] GET /dashboard -> 200 (12ms)
2026-01-28 06:45:13 INFO werkzeug [req=-] 127.0.0.1 - - [28/Jan/2026 06:45:13] "GET /dashboard HTTP/1.1" 200 -
2026-01-28 06:45:15 INFO app [req=9c4e86a4489633ac-DTW] GET /new-toefl/practice -> 200 (4ms)
2026-01-28 06:45:15 INFO werkzeug [req=-] 127.0.0.1 - - [28/Jan/2026 06:45:15] "GET /new-toefl/practice HTTP/1.1" 200 -
2026-01-28 06:45:17 INFO app [req=9c4e86ad5fef33ac-DTW] GET /new-toefl -> 200 (3ms)
2026-01-28 06:45:17 INFO werkzeug [req=-] 127.0.0.1 - - [28/Jan/2026 06:45:17] "GET /new-toefl HTTP/1.1" 200 -
2026-01-28 06:45:18 INFO app [req=9c4e86b5cc4133ac-DTW] GET /new-toefl/mock -> 200 (4ms)
2026-01-28 06:45:18 INFO werkzeug [req=-] 127.0.0.1 - - [28/Jan/2026 06:45:18] "GET /new-toefl/mock HTTP/1.1" 200 -
2026-01-28 06:45:19 INFO app [req=9c4e86bd285833ac-DTW] GET /new-toefl/reading-mock -> 200 (7ms)
2026-01-28 06:45:19 INFO werkzeug [req=-] 127.0.0.1 - - [28/Jan/2026 06:45:19] "GET /new-toefl/reading-mock HTTP/1.1" 200 -
2026-01-28 06:45:19 INFO app [req=9c4e86bdc96d33ac-DTW] GET /new-toefl/api/mock/tests -> 200 (1ms)
2026-01-28 06:45:19 INFO werkzeug [req=-] 127.0.0.1 - - [28/Jan/2026 06:45:19] "GET /new-toefl/api/mock/tests HTTP/1.1" 200 -
2026-01-28 06:45:38 INFO app [req=9c4e86c50e1b9961-DTW] GET /new-toefl/api/mock/reading/load/practice_test_1 -> 200 (17838ms)
2026-01-28 06:45:38 INFO werkzeug [req=-] 127.0.0.1 - - [28/Jan/2026 06:45:38] "GET /new-toefl/api/mock/reading/load/practice_test_1 HTTP/1.1" 200 -
2026-01-28 06:46:26 INFO app [req=9c4e885d4c7b2f07-LAX] GET /dashboard -> 200 (9ms)
2026-01-28 06:46:26 INFO werkzeug [req=-] 127.0.0.1 - - [28/Jan/2026 06:46:26] "GET /dashboard HTTP/1.1" 200 -
2026-01-28 06:46:29 DEBUG gtts.tts [req=9c4e88734e752f07-LAX] text: concurrent
2026-01-28 06:46:29 DEBUG gtts.tts [req=9c4e88734e752f07-LAX] tld: com
2026-01-28 06:46:29 DEBUG gtts.tts [req=9c4e88734e752f07-LAX] lang: en
2026-01-28 06:46:29 DEBUG gtts.tts [req=9c4e88734e752f07-LAX] slow: False
2026-01-28 06:46:29 DEBUG gtts.tts [req=9c4e88734e752f07-LAX] lang_check: True
2026-01-28 06:46:29 DEBUG gtts.tts [req=9c4e88734e752f07-LAX] pre_processor_funcs: [<function tone_marks at 0x7ca301df32e0>, <function end_of_line at 0x7ca301c2b4c0>, <function abbreviations at 0x7ca301c2b560>, <function word_sub at 0x7ca301c2be20>]
2026-01-28 06:46:29 DEBUG gtts.tts [req=9c4e88734e752f07-LAX] tokenizer_func: <bound method Tokenizer.run of re.compile('(?<=\\?).|(?<=!).|(?<=？).|(?<=！).|(?<!\\.[a-z])\\. |(?<!\\.[a-z]), |(?<!\\d):|\\[|،|\\\n|\\]|、|\\)|…|。|¿|，|：|¡|‥|—|;|\\(', re.IGNORECASE) from: [<function tone_marks at 0x7ca301c2bec0>, <function period_comma at 0x7ca301c2bf60>, <function colon at 0x7ca301c30040>, <function other_punctuation at 0x7ca301c300e0>]>
2026-01-28 06:46:29 DEBUG gtts.tts [req=9c4e88734e752f07-LAX] timeout: None
2026-01-28 06:46:29 DEBUG gtts.lang [req=9c4e88734e752f07-LAX] langs: {'af': 'Afrikaans', 'ar': 'Arabic', 'bg': 'Bulgarian', 'bn': 'Bengali', 'bs': 'Bosnian', 'ca': 'Catalan', 'cs': 'Czech', 'da': 'Danish', 'de': 'German', 'el': 'Greek', 'en': 'English', 'es': 'Spanish', 'et': 'Estonian', 'fi': 'Finnish', 'fr': 'French', 'gu': 'Gujarati', 'hi': 'Hindi', 'hr': 'Croatian', 'hu': 'Hungarian', 'id': 'Indonesian', 'is': 'Icelandic', 'it': 'Italian', 'iw': 'Hebrew', 'ja': 'Japanese', 'jw': 'Javanese', 'km': 'Khmer', 'kn': 'Kannada', 'ko': 'Korean', 'la': 'Latin', 'lv': 'Latvian', 'ml': 'Malayalam', 'mr': 'Marathi', 'ms': 'Malay', 'my': 'Myanmar (Burmese)', 'ne': 'Nepali', 'nl': 'Dutch', 'no': 'Norwegian', 'pl': 'Polish', 'pt': 'Portuguese', 'ro': 'Romanian', 'ru': 'Russian', 'si': 'Sinhala', 'sk': 'Slovak', 'sq': 'Albanian', 'sr': 'Serbian', 'su': 'Sundanese', 'sv': 'Swedish', 'sw': 'Swahili', 'ta': 'Tamil', 'te': 'Telugu', 'th': 'Thai', 'tl': 'Filipino', 'tr': 'Turkish', 'uk': 'Ukrainian', 'ur': 'Urdu', 'vi': 'Vietnamese', 'zh-CN': 'Chinese (Simplified)', 'zh-TW': 'Chinese (Mandarin/Taiwan)', 'zh': 'Chinese (Mandarin)'}
2026-01-28 06:46:29 DEBUG gtts.tts [req=9c4e88734e752f07-LAX] pre-processing: <function tone_marks at 0x7ca301df32e0>
2026-01-28 06:46:29 DEBUG gtts.tts [req=9c4e88734e752f07-LAX] pre-processing: <function end_of_line at 0x7ca301c2b4c0>
2026-01-28 06:46:29 DEBUG gtts.tts [req=9c4e88734e752f07-LAX] pre-processing: <function abbreviations at 0x7ca301c2b560>
2026-01-28 06:46:29 DEBUG gtts.tts [req=9c4e88734e752f07-LAX] pre-processing: <function word_sub at 0x7ca301c2be20>
2026-01-28 06:46:29 DEBUG gtts.tts [req=9c4e88734e752f07-LAX] text_parts: ['concurrent']
2026-01-28 06:46:29 DEBUG gtts.tts [req=9c4e88734e752f07-LAX] text_parts: 1
2026-01-28 06:46:29 DEBUG gtts.tts [req=9c4e88734e752f07-LAX] data-0: f.req=%5B%5B%5B%22jQ1olc%22%2C%22%5B%5C%22concurrent%5C%22%2C%5C%22en%5C%22%2Cnull%2C%5C%22null%5C%22%5D%22%2Cnull%2C%22generic%22%5D%5D%5D&
2026-01-28 06:46:29 DEBUG urllib3.connectionpool [req=9c4e88734e752f07-LAX] Starting new HTTPS connection (1): translate.google.com:443
2026-01-28 06:46:29 DEBUG urllib3.connectionpool [req=9c4e88734e752f07-LAX] https://translate.google.com:443 "POST /_/TranslateWebserverUi/data/batchexecute HTTP/1.1" 200 None
2026-01-28 06:46:29 DEBUG gtts.tts [req=9c4e88734e752f07-LAX] headers-0: {'Referer': 'http://translate.google.com/', 'User-Agent': 'Mozilla/5.0 (Windows NT 10.0; WOW64) AppleWebKit/537.36 (KHTML, like Gecko) Chrome/47.0.2526.106 Safari/537.36', 'Content-Type': 'application/x-www-form-urlencoded;charset=utf-8', 'Content-Length': '140'}
2026-01-28 06:46:29 DEBUG gtts.tts [req=9c4e88734e752f07-LAX] url-0: https://translate.google.com/_/TranslateWebserverUi/data/batchexecute
2026-01-28 06:46:29 DEBUG gtts.tts [req=9c4e88734e752f07-LAX] status-0: 200
2026-01-28 06:46:29 DEBUG gtts.tts [req=9c4e88734e752f07-LAX] part-0 written to <_io.BufferedWriter name='/workspace/TOEFL/app/flask_app/static/audio/636_concurrent.mp3'>
2026-01-28 06:46:29 DEBUG gtts.tts [req=9c4e88734e752f07-LAX] part-0 created
2026-01-28 06:46:29 DEBUG gtts.tts [req=9c4e88734e752f07-LAX] Saved to /workspace/TOEFL/app/flask_app/static/audio/636_concurrent.mp3
2026-01-28 06:46:29 INFO app [req=9c4e88734e752f07-LAX] GET /session -> 200 (188ms)
2026-01-28 06:46:29 INFO werkzeug [req=-] 127.0.0.1 - - [28/Jan/2026 06:46:29] "GET /session HTTP/1.1" 200 -
2026-01-28 06:46:30 INFO app [req=9c4e88797ed32f07-LAX] GET /static/audio/636_concurrent.mp3 -> 200 (0ms)
2026-01-28 06:46:30 INFO werkzeug [req=-] 127.0.0.1 - - [28/Jan/2026 06:46:30] "GET /static/audio/636_concurrent.mp3 HTTP/1.1" 200 -
2026-01-28 06:46:31 INFO app [req=9c4e887e5f122f07-LAX] GET /static/audio/636_concurrent.mp3 -> 206 (0ms)
2026-01-28 06:46:31 INFO werkzeug [req=-] 127.0.0.1 - - [28/Jan/2026 06:46:31] "[35m[1mGET /static/audio/636_concurrent.mp3 HTTP/1.1[0m" 206 -
2026-01-28 06:46:33 INFO app [req=9c4e888a8fb32f07-LAX] GET /favicon.ico -> 404 (0ms)
2026-01-28 06:46:33 INFO werkzeug [req=-] 127.0.0.1 - - [28/Jan/2026 06:46:33] "[33mGET /favicon.ico HTTP/1.1[0m" 404 -
2026-01-28 06:46:38 INFO app [req=9c4e88acc9c12f07-LAX] POST /session/da5d55a9f5484ae5a0a361100df6c056/grade -> 200 (13ms)
2026-01-28 06:46:38 INFO werkzeug [req=-] 127.0.0.1 - - [28/Jan/2026 06:46:38] "POST /session/da5d55a9f5484ae5a0a361100df6c056/grade HTTP/1.1" 200 -
2026-01-28 06:46:41 INFO app [req=9c4e88bb0a9b2f07-LAX] GET /session -> 200 (7ms)
2026-01-28 06:46:41 INFO werkzeug [req=-] 127.0.0.1 - - [28/Jan/2026 06:46:41] "GET /session HTTP/1.1" 200 -
2026-01-28 06:46:42 INFO app [req=9c4e88c4db4b2f07-LAX] GET /static/css/unfamiliar_words.css -> 304 (0ms)
2026-01-28 06:46:42 INFO werkzeug [req=-] 127.0.0.1 - - [28/Jan/2026 06:46:42] "[36mGET /static/css/unfamiliar_words.css HTTP/1.1[0m" 304 -
2026-01-28 06:46:42 INFO app [req=9c4e88c55b512f07-LAX] GET /static/audio/576_coil.mp3 -> 200 (0ms)
2026-01-28 06:46:42 INFO werkzeug [req=-] 127.0.0.1 - - [28/Jan/2026 06:46:42] "GET /static/audio/576_coil.mp3 HTTP/1.1" 200 -
2026-01-28 06:46:43 INFO app [req=9c4e88c91b912f07-LAX] GET /static/js/unfamiliar_words.js -> 304 (0ms)
2026-01-28 06:46:43 INFO werkzeug [req=-] 127.0.0.1 - - [28/Jan/2026 06:46:43] "[36mGET /static/js/unfamiliar_words.js HTTP/1.1[0m" 304 -
2026-01-28 06:46:44 INFO app [req=9c4e88d18c1a2f07-LAX] GET /static/audio/576_coil.mp3 -> 206 (0ms)
2026-01-28 06:46:44 INFO werkzeug [req=-] 127.0.0.1 - - [28/Jan/2026 06:46:44] "[35m[1mGET /static/audio/576_coil.mp3 HTTP/1.1[0m" 206 -
2026-01-28 06:46:55 INFO app [req=9c4e8912d98d2f07-LAX] POST /session/da5d55a9f5484ae5a0a361100df6c056/grade -> 200 (8ms)
2026-01-28 06:46:55 INFO werkzeug [req=-] 127.0.0.1 - - [28/Jan/2026 06:46:55] "POST /session/da5d55a9f5484ae5a0a361100df6c056/grade HTTP/1.1" 200 -
2026-01-28 06:46:57 INFO app [req=9c4e89210a8c2f07-LAX] GET /session -> 200 (6ms)
2026-01-28 06:46:57 INFO werkzeug [req=-] 127.0.0.1 - - [28/Jan/2026 06:46:57] "GET /session HTTP/1.1" 200 -
2026-01-28 06:46:57 INFO app [req=9c4e8923fac12f07-LAX] GET /static/audio/636_concurrent.mp3 -> 206 (0ms)
2026-01-28 06:46:57 INFO app [req=9c4e8923fac42f07-LAX] GET /static/js/unfamiliar_words.js -> 304 (0ms)
2026-01-28 06:46:57 INFO werkzeug [req=-] 127.0.0.1 - - [28/Jan/2026 06:46:57] "[35m[1mGET /static/audio/636_concurrent.mp3 HTTP/1.1[0m" 206 -
2026-01-28 06:46:57 INFO werkzeug [req=-] 127.0.0.1 - - [28/Jan/2026 06:46:57] "[36mGET /static/js/unfamiliar_words.js HTTP/1.1[0m" 304 -
2026-01-28 06:46:57 INFO app [req=9c4e8923fac22f07-LAX] GET /static/css/unfamiliar_words.css -> 304 (0ms)
2026-01-28 06:46:57 INFO werkzeug [req=-] 127.0.0.1 - - [28/Jan/2026 06:46:57] "[36mGET /static/css/unfamiliar_words.css HTTP/1.1[0m" 304 -
2026-01-28 06:46:58 INFO app [req=9c4e89276aeb2f07-LAX] GET /static/audio/636_concurrent.mp3 -> 206 (0ms)
2026-01-28 06:46:58 INFO werkzeug [req=-] 127.0.0.1 - - [28/Jan/2026 06:46:58] "[35m[1mGET /static/audio/636_concurrent.mp3 HTTP/1.1[0m" 206 -
2026-01-28 06:47:03 INFO app [req=9c4e89476cef2f07-LAX] POST /session/da5d55a9f5484ae5a0a361100df6c056/grade -> 200 (8ms)
2026-01-28 06:47:03 INFO werkzeug [req=-] 127.0.0.1 - - [28/Jan/2026 06:47:03] "POST /session/da5d55a9f5484ae5a0a361100df6c056/grade HTTP/1.1" 200 -
2026-01-28 06:47:05 INFO app [req=9c4e89561e242f07-LAX] GET /session -> 200 (7ms)
2026-01-28 06:47:05 INFO werkzeug [req=-] 127.0.0.1 - - [28/Jan/2026 06:47:05] "GET /session HTTP/1.1" 200 -
2026-01-28 06:47:06 INFO app [req=9c4e895c3eb82f07-LAX] GET /static/css/unfamiliar_words.css -> 304 (0ms)
2026-01-28 06:47:06 INFO werkzeug [req=-] 127.0.0.1 - - [28/Jan/2026 06:47:06] "[36mGET /static/css/unfamiliar_words.css HTTP/1.1[0m" 304 -
2026-01-28 06:47:07 INFO app [req=9c4e89619ef62f07-LAX] GET /static/js/unfamiliar_words.js -> 304 (0ms)
2026-01-28 06:47:07 INFO werkzeug [req=-] 127.0.0.1 - - [28/Jan/2026 06:47:07] "[36mGET /static/js/unfamiliar_words.js HTTP/1.1[0m" 304 -
2026-01-28 06:47:07 INFO app [req=9c4e8961aef82f07-LAX] GET /static/audio/576_coil.mp3 -> 206 (0ms)
2026-01-28 06:47:07 INFO werkzeug [req=-] 127.0.0.1 - - [28/Jan/2026 06:47:07] "[35m[1mGET /static/audio/576_coil.mp3 HTTP/1.1[0m" 206 -
2026-01-28 06:47:08 INFO app [req=9c4e8966df4b2f07-LAX] GET /static/audio/576_coil.mp3 -> 206 (0ms)
2026-01-28 06:47:08 INFO werkzeug [req=-] 127.0.0.1 - - [28/Jan/2026 06:47:08] "[35m[1mGET /static/audio/576_coil.mp3 HTTP/1.1[0m" 206 -
2026-01-28 06:47:23 INFO app [req=9c4e89c0ce082f07-LAX] POST /session/da5d55a9f5484ae5a0a361100df6c056/grade -> 200 (8ms)
2026-01-28 06:47:23 INFO werkzeug [req=-] 127.0.0.1 - - [28/Jan/2026 06:47:23] "POST /session/da5d55a9f5484ae5a0a361100df6c056/grade HTTP/1.1" 200 -
2026-01-28 06:47:25 INFO app [req=9c4e89ceff102f07-LAX] GET /session -> 200 (6ms)
2026-01-28 06:47:25 INFO werkzeug [req=-] 127.0.0.1 - - [28/Jan/2026 06:47:25] "GET /session HTTP/1.1" 200 -
2026-01-28 06:47:26 INFO app [req=9c4e89d39f662f07-LAX] GET /static/css/unfamiliar_words.css -> 304 (0ms)
2026-01-28 06:47:26 INFO werkzeug [req=-] 127.0.0.1 - - [28/Jan/2026 06:47:26] "[36mGET /static/css/unfamiliar_words.css HTTP/1.1[0m" 304 -
2026-01-28 06:47:26 INFO app [req=9c4e89d39f672f07-LAX] GET /static/js/unfamiliar_words.js -> 304 (0ms)
2026-01-28 06:47:26 INFO werkzeug [req=-] 127.0.0.1 - - [28/Jan/2026 06:47:26] "[36mGET /static/js/unfamiliar_words.js HTTP/1.1[0m" 304 -
2026-01-28 06:55:41 INFO werkzeug [req=-]  * Detected change in '/workspace/TOEFL/app/flask_app/services/full_length_mock.py', reloading
2026-01-28 06:55:44 INFO werkzeug [req=-]  * Restarting with stat
2026-01-28 06:55:48 INFO app [req=-] Startup: prewarming TTS...
2026-01-28 06:55:48 INFO app [req=-] Prewarming Kokoro pipeline...
2026-01-28 06:55:48 INFO app [req=-] Kokoro device: cuda (NVIDIA GeForce RTX 5070)
2026-01-28 06:55:48 DEBUG urllib3.connectionpool [req=-] Starting new HTTPS connection (1): huggingface.co:443
2026-01-28 06:55:49 DEBUG urllib3.connectionpool [req=-] https://huggingface.co:443 "HEAD /hexgrad/Kokoro-82M/resolve/main/config.json HTTP/1.1" 307 0
2026-01-28 06:55:49 DEBUG urllib3.connectionpool [req=-] https://huggingface.co:443 "HEAD /api/resolve-cache/models/hexgrad/Kokoro-82M/f3ff3571791e39611d31c381e3a41a3af07b4987/config.json HTTP/1.1" 200 0
2026-01-28 06:55:50 DEBUG urllib3.connectionpool [req=-] https://huggingface.co:443 "HEAD /hexgrad/Kokoro-82M/resolve/main/kokoro-v1_0.pth HTTP/1.1" 302 0
2026-01-28 06:55:51 INFO app [req=-] Kokoro pipeline prewarmed
2026-01-28 06:55:51 DEBUG urllib3.connectionpool [req=-] https://huggingface.co:443 "HEAD /hexgrad/Kokoro-82M/resolve/main/voices/af_heart.pt HTTP/1.1" 302 0
2026-01-28 06:55:52 INFO app [req=-] Kokoro synthesis prewarm complete (voice=af_heart)
2026-01-28 06:55:52 INFO app [req=-] Startup: TTS prewarm done in 3.30s
2026-01-28 06:55:52 WARNING werkzeug [req=-]  * Debugger is active!
2026-01-28 06:55:52 INFO werkzeug [req=-]  * Debugger PIN: 342-109-490
2026-01-28 06:58:52 INFO werkzeug [req=-]  * Detected change in '/workspace/TOEFL/app/flask_app/services/full_length_mock.py', reloading
2026-01-28 06:58:54 INFO werkzeug [req=-]  * Restarting with stat
2026-01-28 06:58:58 INFO app [req=-] Startup: prewarming TTS...
2026-01-28 06:58:58 INFO app [req=-] Prewarming Kokoro pipeline...
2026-01-28 06:58:58 INFO app [req=-] Kokoro device: cuda (NVIDIA GeForce RTX 5070)
2026-01-28 06:58:58 DEBUG urllib3.connectionpool [req=-] Starting new HTTPS connection (1): huggingface.co:443
2026-01-28 06:58:58 DEBUG urllib3.connectionpool [req=-] https://huggingface.co:443 "HEAD /hexgrad/Kokoro-82M/resolve/main/config.json HTTP/1.1" 307 0
2026-01-28 06:58:58 DEBUG urllib3.connectionpool [req=-] https://huggingface.co:443 "HEAD /api/resolve-cache/models/hexgrad/Kokoro-82M/f3ff3571791e39611d31c381e3a41a3af07b4987/config.json HTTP/1.1" 200 0
2026-01-28 06:58:59 DEBUG urllib3.connectionpool [req=-] https://huggingface.co:443 "HEAD /hexgrad/Kokoro-82M/resolve/main/kokoro-v1_0.pth HTTP/1.1" 302 0
2026-01-28 06:59:01 INFO app [req=-] Kokoro pipeline prewarmed
2026-01-28 06:59:01 DEBUG urllib3.connectionpool [req=-] https://huggingface.co:443 "HEAD /hexgrad/Kokoro-82M/resolve/main/voices/af_heart.pt HTTP/1.1" 302 0
2026-01-28 06:59:01 INFO app [req=-] Kokoro synthesis prewarm complete (voice=af_heart)
2026-01-28 06:59:01 INFO app [req=-] Startup: TTS prewarm done in 3.59s
2026-01-28 06:59:01 WARNING werkzeug [req=-]  * Debugger is active!
2026-01-28 06:59:01 INFO werkzeug [req=-]  * Debugger PIN: 342-109-490
2026-01-28 07:05:25 INFO app [req=9c4ea42bd922b5ea-KIX] GET /aa.php -> 404 (14ms)
2026-01-28 07:05:25 INFO werkzeug [req=-] 127.0.0.1 - - [28/Jan/2026 07:05:25] "[33mGET /aa.php HTTP/1.1[0m" 404 -
2026-01-28 07:05:26 INFO app [req=9c4ea4327bbeb5ea-KIX] GET /abcd.php -> 404 (0ms)
2026-01-28 07:05:26 INFO werkzeug [req=-] 127.0.0.1 - - [28/Jan/2026 07:05:26] "[33mGET /abcd.php HTTP/1.1[0m" 404 -
2026-01-28 07:05:26 INFO app [req=9c4ea4357ca1b5ea-KIX] GET /admin.php -> 404 (0ms)
2026-01-28 07:05:26 INFO werkzeug [req=-] 127.0.0.1 - - [28/Jan/2026 07:05:26] "[33mGET /admin.php HTTP/1.1[0m" 404 -
2026-01-28 07:05:26 INFO app [req=9c4ea4369867b5ea-KIX] GET /buy.php -> 404 (0ms)
2026-01-28 07:05:26 INFO werkzeug [req=-] 127.0.0.1 - - [28/Jan/2026 07:05:26] "[33mGET /buy.php HTTP/1.1[0m" 404 -
2026-01-28 07:05:28 INFO app [req=9c4ea43eb8b7b5ea-KIX] GET /cgi-bin/ -> 404 (0ms)
2026-01-28 07:05:28 INFO werkzeug [req=-] 127.0.0.1 - - [28/Jan/2026 07:05:28] "[33mGET /cgi-bin/ HTTP/1.1[0m" 404 -
2026-01-28 07:05:29 INFO app [req=9c4ea443d861b5ea-KIX] GET /edit.php -> 404 (0ms)
2026-01-28 07:05:29 INFO werkzeug [req=-] 127.0.0.1 - - [28/Jan/2026 07:05:29] "[33mGET /edit.php HTTP/1.1[0m" 404 -
2026-01-28 07:05:29 INFO app [req=9c4ea449ca91b5ea-KIX] GET /file.php -> 404 (0ms)
2026-01-28 07:05:29 INFO werkzeug [req=-] 127.0.0.1 - - [28/Jan/2026 07:05:29] "[33mGET /file.php HTTP/1.1[0m" 404 -
2026-01-28 07:05:30 INFO app [req=9c4ea44ecb49b5ea-KIX] GET /flower.php -> 404 (0ms)
2026-01-28 07:05:30 INFO werkzeug [req=-] 127.0.0.1 - - [28/Jan/2026 07:05:30] "[33mGET /flower.php HTTP/1.1[0m" 404 -
2026-01-28 07:05:31 INFO app [req=9c4ea453fc98b5ea-KIX] GET /images/index.php -> 404 (0ms)
2026-01-28 07:05:31 INFO werkzeug [req=-] 127.0.0.1 - - [28/Jan/2026 07:05:31] "[33mGET /images/index.php HTTP/1.1[0m" 404 -
2026-01-28 07:05:32 INFO app [req=9c4ea4588b8bb5ea-KIX] GET /info.php -> 404 (0ms)
2026-01-28 07:05:32 INFO werkzeug [req=-] 127.0.0.1 - - [28/Jan/2026 07:05:32] "[33mGET /info.php HTTP/1.1[0m" 404 -
2026-01-28 07:05:33 INFO app [req=9c4ea45dbbb9b5ea-KIX] GET /ioxi-o.php -> 404 (0ms)
2026-01-28 07:05:33 INFO werkzeug [req=-] 127.0.0.1 - - [28/Jan/2026 07:05:33] "[33mGET /ioxi-o.php HTTP/1.1[0m" 404 -
2026-01-28 07:05:34 INFO app [req=9c4ea4630c10b5ea-KIX] GET /nc4.php -> 404 (0ms)
2026-01-28 07:05:34 INFO werkzeug [req=-] 127.0.0.1 - - [28/Jan/2026 07:05:34] "[33mGET /nc4.php HTTP/1.1[0m" 404 -
2026-01-28 07:05:34 INFO app [req=9c4ea4680bdcb5ea-KIX] GET /xleet.php -> 404 (0ms)
2026-01-28 07:05:34 INFO werkzeug [req=-] 127.0.0.1 - - [28/Jan/2026 07:05:34] "[33mGET /xleet.php HTTP/1.1[0m" 404 -
2026-01-28 07:05:35 INFO app [req=9c4ea46c1862b5ea-KIX] GET /wp-admin/includes/ -> 404 (0ms)
2026-01-28 07:05:35 INFO werkzeug [req=-] 127.0.0.1 - - [28/Jan/2026 07:05:35] "[33mGET /wp-admin/includes/ HTTP/1.1[0m" 404 -
2026-01-28 07:05:36 INFO app [req=9c4ea4715816b5ea-KIX] GET /wp-content/upgrade/index.php -> 404 (0ms)
2026-01-28 07:05:36 INFO werkzeug [req=-] 127.0.0.1 - - [28/Jan/2026 07:05:36] "[33mGET /wp-content/upgrade/index.php HTTP/1.1[0m" 404 -
2026-01-28 07:05:37 INFO app [req=9c4ea475dcacb5ea-KIX] GET /wp-content/uploads/admin.php -> 404 (0ms)
2026-01-28 07:05:37 INFO werkzeug [req=-] 127.0.0.1 - - [28/Jan/2026 07:05:37] "[33mGET /wp-content/uploads/admin.php HTTP/1.1[0m" 404 -
2026-01-28 07:05:37 INFO app [req=9c4ea47afbe4b5ea-KIX] GET /wp-good.php -> 404 (0ms)
2026-01-28 07:05:37 INFO werkzeug [req=-] 127.0.0.1 - - [28/Jan/2026 07:05:37] "[33mGET /wp-good.php HTTP/1.1[0m" 404 -
2026-01-28 07:05:38 INFO app [req=9c4ea47c2f51b5ea-KIX] GET /wp-includes/Text/Diff/Renderer/ -> 404 (0ms)
2026-01-28 07:05:38 INFO werkzeug [req=-] 127.0.0.1 - - [28/Jan/2026 07:05:38] "[33mGET /wp-includes/Text/Diff/Renderer/ HTTP/1.1[0m" 404 -
2026-01-28 07:05:38 INFO app [req=9c4ea480cdfcb5ea-KIX] GET /wp-includes/style-engine/ -> 404 (0ms)
2026-01-28 07:05:38 INFO werkzeug [req=-] 127.0.0.1 - - [28/Jan/2026 07:05:38] "[33mGET /wp-includes/style-engine/ HTTP/1.1[0m" 404 -
2026-01-28 07:05:39 INFO app [req=9c4ea485dd35b5ea-KIX] GET /xmrlpc.php -> 404 (0ms)
2026-01-28 07:05:39 INFO werkzeug [req=-] 127.0.0.1 - - [28/Jan/2026 07:05:39] "[33mGET /xmrlpc.php HTTP/1.1[0m" 404 -
2026-01-28 07:05:40 INFO app [req=9c4ea48b1e7ab5ea-KIX] GET /about.php -> 404 (0ms)
2026-01-28 07:05:40 INFO werkzeug [req=-] 127.0.0.1 - - [28/Jan/2026 07:05:40] "[33mGET /about.php HTTP/1.1[0m" 404 -
2026-01-28 07:05:41 INFO app [req=9c4ea48fed3db5ea-KIX] GET /adminfuns.php -> 404 (0ms)
2026-01-28 07:05:41 INFO werkzeug [req=-] 127.0.0.1 - - [28/Jan/2026 07:05:41] "[33mGET /adminfuns.php HTTP/1.1[0m" 404 -
2026-01-28 07:05:41 INFO app [req=9c4ea4948c7cb5ea-KIX] GET /alfa.php -> 404 (0ms)
2026-01-28 07:05:41 INFO werkzeug [req=-] 127.0.0.1 - - [28/Jan/2026 07:05:41] "[33mGET /alfa.php HTTP/1.1[0m" 404 -
2026-01-28 07:05:42 INFO app [req=9c4ea4992a50b5ea-KIX] GET /asasx.php -> 404 (0ms)
2026-01-28 07:05:42 INFO werkzeug [req=-] 127.0.0.1 - - [28/Jan/2026 07:05:42] "[33mGET /asasx.php HTTP/1.1[0m" 404 -
2026-01-28 07:05:43 INFO app [req=9c4ea49d6f1db5ea-KIX] GET /autoload_classmap.php -> 404 (0ms)
2026-01-28 07:05:43 INFO werkzeug [req=-] 127.0.0.1 - - [28/Jan/2026 07:05:43] "[33mGET /autoload_classmap.php HTTP/1.1[0m" 404 -
2026-01-28 07:05:44 INFO app [req=9c4ea4a19c81b5ea-KIX] GET /classwithtostring.php -> 404 (0ms)
2026-01-28 07:05:44 INFO werkzeug [req=-] 127.0.0.1 - - [28/Jan/2026 07:05:44] "[33mGET /classwithtostring.php HTTP/1.1[0m" 404 -
2026-01-28 07:05:44 INFO app [req=9c4ea4a6cd0bb5ea-KIX] GET /cong.php -> 404 (0ms)
2026-01-28 07:05:44 INFO werkzeug [req=-] 127.0.0.1 - - [28/Jan/2026 07:05:44] "[33mGET /cong.php HTTP/1.1[0m" 404 -
2026-01-28 07:05:45 INFO app [req=9c4ea4ac9edab5ea-KIX] GET /file2.php -> 404 (0ms)
2026-01-28 07:05:45 INFO werkzeug [req=-] 127.0.0.1 - - [28/Jan/2026 07:05:45] "[33mGET /file2.php HTTP/1.1[0m" 404 -
2026-01-28 07:05:46 INFO app [req=9c4ea4b1cfbdb5ea-KIX] GET /moon.php -> 404 (0ms)
2026-01-28 07:05:46 INFO werkzeug [req=-] 127.0.0.1 - - [28/Jan/2026 07:05:46] "[33mGET /moon.php HTTP/1.1[0m" 404 -
2026-01-28 07:05:47 INFO app [req=9c4ea4b69ed7b5ea-KIX] GET /wp-admin/css/colors/blue/index.php -> 404 (0ms)
2026-01-28 07:05:47 INFO werkzeug [req=-] 127.0.0.1 - - [28/Jan/2026 07:05:47] "[33mGET /wp-admin/css/colors/blue/index.php HTTP/1.1[0m" 404 -
2026-01-28 07:05:48 INFO app [req=9c4ea4bf09cfb5ea-KIX] GET /wp-content/index.php -> 404 (0ms)
2026-01-28 07:05:48 INFO werkzeug [req=-] 127.0.0.1 - - [28/Jan/2026 07:05:48] "[33mGET /wp-content/index.php HTTP/1.1[0m" 404 -
2026-01-28 07:05:49 INFO app [req=9c4ea4c4aafcb5ea-KIX] GET /wp-content/plugins/yanierin/akcc.php -> 404 (0ms)
2026-01-28 07:05:49 INFO werkzeug [req=-] 127.0.0.1 - - [28/Jan/2026 07:05:49] "[33mGET /wp-content/plugins/yanierin/akcc.php HTTP/1.1[0m" 404 -
2026-01-28 07:05:50 INFO app [req=9c4ea4ca6ccdb5ea-KIX] GET /wp-content/uploads/index.php -> 404 (0ms)
2026-01-28 07:05:50 INFO werkzeug [req=-] 127.0.0.1 - - [28/Jan/2026 07:05:50] "[33mGET /wp-content/uploads/index.php HTTP/1.1[0m" 404 -
2026-01-28 07:05:51 INFO app [req=9c4ea4cf8c15b5ea-KIX] GET /wp-content/wp-conflg.php -> 404 (0ms)
2026-01-28 07:05:51 INFO werkzeug [req=-] 127.0.0.1 - - [28/Jan/2026 07:05:51] "[33mGET /wp-content/wp-conflg.php HTTP/1.1[0m" 404 -
2026-01-28 07:05:52 INFO app [req=9c4ea4d46b6cb5ea-KIX] GET /wp-cron.php -> 404 (0ms)
2026-01-28 07:05:52 INFO werkzeug [req=-] 127.0.0.1 - - [28/Jan/2026 07:05:52] "[33mGET /wp-cron.php HTTP/1.1[0m" 404 -
2026-01-28 07:05:52 INFO app [req=9c4ea4d8c95fb5ea-KIX] GET /wp-includes/IXR/ -> 404 (0ms)
2026-01-28 07:05:52 INFO werkzeug [req=-] 127.0.0.1 - - [28/Jan/2026 07:05:52] "[33mGET /wp-includes/IXR/ HTTP/1.1[0m" 404 -
2026-01-28 07:05:53 INFO app [req=9c4ea4dd0eefb5ea-KIX] GET /wp-includes/block-supports/ -> 404 (0ms)
2026-01-28 07:05:53 INFO werkzeug [req=-] 127.0.0.1 - - [28/Jan/2026 07:05:53] "[33mGET /wp-includes/block-supports/ HTTP/1.1[0m" 404 -
2026-01-28 07:05:54 INFO app [req=9c4ea4e0fb02b5ea-KIX] GET /wp-includes/fonts/ -> 404 (0ms)
2026-01-28 07:05:54 INFO werkzeug [req=-] 127.0.0.1 - - [28/Jan/2026 07:05:54] "[33mGET /wp-includes/fonts/ HTTP/1.1[0m" 404 -
2026-01-28 07:05:54 INFO app [req=9c4ea4e5484db5ea-KIX] GET /wp-includes/fonts/index.php -> 404 (0ms)
2026-01-28 07:05:54 INFO werkzeug [req=-] 127.0.0.1 - - [28/Jan/2026 07:05:54] "[33mGET /wp-includes/fonts/index.php HTTP/1.1[0m" 404 -
2026-01-28 07:05:55 INFO app [req=9c4ea4ea3fc8b5ea-KIX] GET /wp-includes/js/crop/ -> 404 (0ms)
2026-01-28 07:05:55 INFO werkzeug [req=-] 127.0.0.1 - - [28/Jan/2026 07:05:55] "[33mGET /wp-includes/js/crop/ HTTP/1.1[0m" 404 -
2026-01-28 07:05:56 INFO app [req=9c4ea4eeadf6b5ea-KIX] GET /wp-includes/rest-api/ -> 404 (0ms)
2026-01-28 07:05:56 INFO werkzeug [req=-] 127.0.0.1 - - [28/Jan/2026 07:05:56] "[33mGET /wp-includes/rest-api/ HTTP/1.1[0m" 404 -
2026-01-28 07:05:57 INFO app [req=9c4ea4f3ad31b5ea-KIX] GET /wp-includes/widgets/ -> 404 (0ms)
2026-01-28 07:05:57 INFO werkzeug [req=-] 127.0.0.1 - - [28/Jan/2026 07:05:57] "[33mGET /wp-includes/widgets/ HTTP/1.1[0m" 404 -
2026-01-28 07:42:35 INFO app [req=9c4eda9dac72b53a-AMM] GET / -> 302 (0ms)
2026-01-28 07:42:35 INFO werkzeug [req=-] 127.0.0.1 - - [28/Jan/2026 07:42:35] "[32mGET / HTTP/1.1[0m" 302 -
2026-01-28 07:42:36 INFO app [req=9c4edaa6286db53a-AMM] GET /login -> 200 (3ms)
2026-01-28 07:42:36 INFO werkzeug [req=-] 127.0.0.1 - - [28/Jan/2026 07:42:36] "GET /login HTTP/1.1" 200 -
2026-01-28 07:43:16 INFO app [req=9c4edb9d7c885701-TPE] GET /login -> 200 (0ms)
2026-01-28 07:43:16 INFO werkzeug [req=-] 127.0.0.1 - - [28/Jan/2026 07:43:16] "GET /login HTTP/1.1" 200 -
2026-01-28 07:43:17 INFO app [req=9c4edba26f395701-TPE] GET /static/css/unfamiliar_words.css -> 304 (2ms)
2026-01-28 07:43:17 INFO werkzeug [req=-] 127.0.0.1 - - [28/Jan/2026 07:43:17] "[36mGET /static/css/unfamiliar_words.css HTTP/1.1[0m" 304 -
2026-01-28 08:34:46 INFO app [req=9c4f270da8ddf642-LAX] GET /static/audio/636_concurrent.mp3 -> 206 (0ms)
2026-01-28 08:34:46 INFO werkzeug [req=-] 127.0.0.1 - - [28/Jan/2026 08:34:46] "[35m[1mGET /static/audio/636_concurrent.mp3 HTTP/1.1[0m" 206 -
2026-01-28 08:34:46 INFO app [req=9c4f2712a9bdf642-LAX] GET /static/audio/636_concurrent.mp3 -> 206 (0ms)
2026-01-28 08:34:46 INFO werkzeug [req=-] 127.0.0.1 - - [28/Jan/2026 08:34:46] "[35m[1mGET /static/audio/636_concurrent.mp3 HTTP/1.1[0m" 206 -
2026-01-28 08:34:47 INFO app [req=9c4f27189ab3f642-LAX] GET /static/audio/636_concurrent.mp3 -> 206 (0ms)
2026-01-28 08:34:47 INFO werkzeug [req=-] 127.0.0.1 - - [28/Jan/2026 08:34:47] "[35m[1mGET /static/audio/636_concurrent.mp3 HTTP/1.1[0m" 206 -
2026-01-28 08:34:47 INFO app [req=9c4f27188aaff642-LAX] GET /favicon.ico -> 404 (0ms)
2026-01-28 08:34:47 INFO werkzeug [req=-] 127.0.0.1 - - [28/Jan/2026 08:34:47] "[33mGET /favicon.ico HTTP/1.1[0m" 404 -
2026-01-28 08:34:54 INFO app [req=9c4f27423b4af642-LAX] POST /session/da5d55a9f5484ae5a0a361100df6c056/grade -> 400 (39ms)
2026-01-28 08:34:54 INFO werkzeug [req=-] 127.0.0.1 - - [28/Jan/2026 08:34:54] "[31m[1mPOST /session/da5d55a9f5484ae5a0a361100df6c056/grade HTTP/1.1[0m" 400 -
2026-01-28 08:34:56 DEBUG gtts.tts [req=9c4f274fee69f642-LAX] text: confess
2026-01-28 08:34:56 DEBUG gtts.tts [req=9c4f274fee69f642-LAX] tld: com
2026-01-28 08:34:56 DEBUG gtts.tts [req=9c4f274fee69f642-LAX] lang: en
2026-01-28 08:34:56 DEBUG gtts.tts [req=9c4f274fee69f642-LAX] slow: False
2026-01-28 08:34:56 DEBUG gtts.tts [req=9c4f274fee69f642-LAX] lang_check: True
2026-01-28 08:34:56 DEBUG gtts.tts [req=9c4f274fee69f642-LAX] pre_processor_funcs: [<function tone_marks at 0x7343f937b2e0>, <function end_of_line at 0x7343f91b74c0>, <function abbreviations at 0x7343f91b7560>, <function word_sub at 0x7343f91b7e20>]
2026-01-28 08:34:56 DEBUG gtts.tts [req=9c4f274fee69f642-LAX] tokenizer_func: <bound method Tokenizer.run of re.compile('(?<=\\?).|(?<=!).|(?<=？).|(?<=！).|(?<!\\.[a-z])\\. |(?<!\\.[a-z]), |(?<!\\d):|¿|;|،|\\\n|：|—|、|¡|。|…|，|‥|\\]|\\(|\\)|\\[', re.IGNORECASE) from: [<function tone_marks at 0x7343f91b7ec0>, <function period_comma at 0x7343f91b7f60>, <function colon at 0x7343f91bc040>, <function other_punctuation at 0x7343f91bc0e0>]>
2026-01-28 08:34:56 DEBUG gtts.tts [req=9c4f274fee69f642-LAX] timeout: None
2026-01-28 08:34:56 DEBUG gtts.lang [req=9c4f274fee69f642-LAX] langs: {'af': 'Afrikaans', 'ar': 'Arabic', 'bg': 'Bulgarian', 'bn': 'Bengali', 'bs': 'Bosnian', 'ca': 'Catalan', 'cs': 'Czech', 'da': 'Danish', 'de': 'German', 'el': 'Greek', 'en': 'English', 'es': 'Spanish', 'et': 'Estonian', 'fi': 'Finnish', 'fr': 'French', 'gu': 'Gujarati', 'hi': 'Hindi', 'hr': 'Croatian', 'hu': 'Hungarian', 'id': 'Indonesian', 'is': 'Icelandic', 'it': 'Italian', 'iw': 'Hebrew', 'ja': 'Japanese', 'jw': 'Javanese', 'km': 'Khmer', 'kn': 'Kannada', 'ko': 'Korean', 'la': 'Latin', 'lv': 'Latvian', 'ml': 'Malayalam', 'mr': 'Marathi', 'ms': 'Malay', 'my': 'Myanmar (Burmese)', 'ne': 'Nepali', 'nl': 'Dutch', 'no': 'Norwegian', 'pl': 'Polish', 'pt': 'Portuguese', 'ro': 'Romanian', 'ru': 'Russian', 'si': 'Sinhala', 'sk': 'Slovak', 'sq': 'Albanian', 'sr': 'Serbian', 'su': 'Sundanese', 'sv': 'Swedish', 'sw': 'Swahili', 'ta': 'Tamil', 'te': 'Telugu', 'th': 'Thai', 'tl': 'Filipino', 'tr': 'Turkish', 'uk': 'Ukrainian', 'ur': 'Urdu', 'vi': 'Vietnamese', 'zh-CN': 'Chinese (Simplified)', 'zh-TW': 'Chinese (Mandarin/Taiwan)', 'zh': 'Chinese (Mandarin)'}
2026-01-28 08:34:56 DEBUG gtts.tts [req=9c4f274fee69f642-LAX] pre-processing: <function tone_marks at 0x7343f937b2e0>
2026-01-28 08:34:56 DEBUG gtts.tts [req=9c4f274fee69f642-LAX] pre-processing: <function end_of_line at 0x7343f91b74c0>
2026-01-28 08:34:56 DEBUG gtts.tts [req=9c4f274fee69f642-LAX] pre-processing: <function abbreviations at 0x7343f91b7560>
2026-01-28 08:34:56 DEBUG gtts.tts [req=9c4f274fee69f642-LAX] pre-processing: <function word_sub at 0x7343f91b7e20>
2026-01-28 08:34:56 DEBUG gtts.tts [req=9c4f274fee69f642-LAX] text_parts: ['confess']
2026-01-28 08:34:56 DEBUG gtts.tts [req=9c4f274fee69f642-LAX] text_parts: 1
2026-01-28 08:34:56 DEBUG gtts.tts [req=9c4f274fee69f642-LAX] data-0: f.req=%5B%5B%5B%22jQ1olc%22%2C%22%5B%5C%22confess%5C%22%2C%5C%22en%5C%22%2Cnull%2C%5C%22null%5C%22%5D%22%2Cnull%2C%22generic%22%5D%5D%5D&
2026-01-28 08:34:56 DEBUG urllib3.connectionpool [req=9c4f274fee69f642-LAX] Starting new HTTPS connection (1): translate.google.com:443
2026-01-28 08:34:56 DEBUG urllib3.connectionpool [req=9c4f274fee69f642-LAX] https://translate.google.com:443 "POST /_/TranslateWebserverUi/data/batchexecute HTTP/1.1" 200 None
2026-01-28 08:34:56 DEBUG gtts.tts [req=9c4f274fee69f642-LAX] headers-0: {'Referer': 'http://translate.google.com/', 'User-Agent': 'Mozilla/5.0 (Windows NT 10.0; WOW64) AppleWebKit/537.36 (KHTML, like Gecko) Chrome/47.0.2526.106 Safari/537.36', 'Content-Type': 'application/x-www-form-urlencoded;charset=utf-8', 'Content-Length': '137'}
2026-01-28 08:34:56 DEBUG gtts.tts [req=9c4f274fee69f642-LAX] url-0: https://translate.google.com/_/TranslateWebserverUi/data/batchexecute
2026-01-28 08:34:56 DEBUG gtts.tts [req=9c4f274fee69f642-LAX] status-0: 200
2026-01-28 08:34:56 DEBUG gtts.tts [req=9c4f274fee69f642-LAX] part-0 written to <_io.BufferedWriter name='/workspace/TOEFL/app/flask_app/static/audio/645_confess.mp3'>
2026-01-28 08:34:56 DEBUG gtts.tts [req=9c4f274fee69f642-LAX] part-0 created
2026-01-28 08:34:56 DEBUG gtts.tts [req=9c4f274fee69f642-LAX] Saved to /workspace/TOEFL/app/flask_app/static/audio/645_confess.mp3
2026-01-28 08:34:56 INFO app [req=9c4f274fee69f642-LAX] GET /session -> 200 (212ms)
2026-01-28 08:34:56 INFO werkzeug [req=-] 127.0.0.1 - - [28/Jan/2026 08:34:56] "GET /session HTTP/1.1" 200 -
2026-01-28 08:34:58 INFO app [req=9c4f275c7866f642-LAX] GET /static/css/unfamiliar_words.css -> 304 (0ms)
2026-01-28 08:34:58 INFO werkzeug [req=-] 127.0.0.1 - - [28/Jan/2026 08:34:58] "[36mGET /static/css/unfamiliar_words.css HTTP/1.1[0m" 304 -
2026-01-28 08:34:58 INFO app [req=9c4f275c7867f642-LAX] GET /static/js/unfamiliar_words.js -> 304 (1ms)
2026-01-28 08:34:58 INFO werkzeug [req=-] 127.0.0.1 - - [28/Jan/2026 08:34:58] "[36mGET /static/js/unfamiliar_words.js HTTP/1.1[0m" 304 -
2026-01-28 08:34:58 INFO app [req=9c4f275c986af642-LAX] GET /static/audio/645_confess.mp3 -> 200 (0ms)
2026-01-28 08:34:58 INFO werkzeug [req=-] 127.0.0.1 - - [28/Jan/2026 08:34:58] "GET /static/audio/645_confess.mp3 HTTP/1.1" 200 -
2026-01-28 08:34:59 INFO app [req=9c4f27616923f642-LAX] GET /static/audio/645_confess.mp3 -> 206 (0ms)
2026-01-28 08:34:59 INFO werkzeug [req=-] 127.0.0.1 - - [28/Jan/2026 08:34:59] "[35m[1mGET /static/audio/645_confess.mp3 HTTP/1.1[0m" 206 -
2026-01-28 08:35:00 INFO app [req=9c4f2767ea8af642-LAX] GET /static/audio/645_confess.mp3 -> 206 (0ms)
2026-01-28 08:35:00 INFO werkzeug [req=-] 127.0.0.1 - - [28/Jan/2026 08:35:00] "[35m[1mGET /static/audio/645_confess.mp3 HTTP/1.1[0m" 206 -
2026-01-28 08:50:33 INFO app [req=9c4f3e318dc2528f-LAX] GET /favicon.ico -> 404 (0ms)
2026-01-28 08:50:33 INFO werkzeug [req=-] 127.0.0.1 - - [28/Jan/2026 08:50:33] "[33mGET /favicon.ico HTTP/1.1[0m" 404 -
2026-01-28 08:50:35 DEBUG gtts.tts [req=9c4f3e396e48528f-LAX] text: condiment
2026-01-28 08:50:35 DEBUG gtts.tts [req=9c4f3e396e48528f-LAX] tld: com
2026-01-28 08:50:35 DEBUG gtts.tts [req=9c4f3e396e48528f-LAX] lang: en
2026-01-28 08:50:35 DEBUG gtts.tts [req=9c4f3e396e48528f-LAX] slow: False
2026-01-28 08:50:35 DEBUG gtts.tts [req=9c4f3e396e48528f-LAX] lang_check: True
2026-01-28 08:50:35 DEBUG gtts.tts [req=9c4f3e396e48528f-LAX] pre_processor_funcs: [<function tone_marks at 0x7343f937b2e0>, <function end_of_line at 0x7343f91b74c0>, <function abbreviations at 0x7343f91b7560>, <function word_sub at 0x7343f91b7e20>]
2026-01-28 08:50:35 DEBUG gtts.tts [req=9c4f3e396e48528f-LAX] tokenizer_func: <bound method Tokenizer.run of re.compile('(?<=\\?).|(?<=!).|(?<=？).|(?<=！).|(?<!\\.[a-z])\\. |(?<!\\.[a-z]), |(?<!\\d):|¿|;|،|\\\n|：|—|、|¡|。|…|，|‥|\\]|\\(|\\)|\\[', re.IGNORECASE) from: [<function tone_marks at 0x7343f91b7ec0>, <function period_comma at 0x7343f91b7f60>, <function colon at 0x7343f91bc040>, <function other_punctuation at 0x7343f91bc0e0>]>
2026-01-28 08:50:35 DEBUG gtts.tts [req=9c4f3e396e48528f-LAX] timeout: None
2026-01-28 08:50:35 DEBUG gtts.lang [req=9c4f3e396e48528f-LAX] langs: {'af': 'Afrikaans', 'ar': 'Arabic', 'bg': 'Bulgarian', 'bn': 'Bengali', 'bs': 'Bosnian', 'ca': 'Catalan', 'cs': 'Czech', 'da': 'Danish', 'de': 'German', 'el': 'Greek', 'en': 'English', 'es': 'Spanish', 'et': 'Estonian', 'fi': 'Finnish', 'fr': 'French', 'gu': 'Gujarati', 'hi': 'Hindi', 'hr': 'Croatian', 'hu': 'Hungarian', 'id': 'Indonesian', 'is': 'Icelandic', 'it': 'Italian', 'iw': 'Hebrew', 'ja': 'Japanese', 'jw': 'Javanese', 'km': 'Khmer', 'kn': 'Kannada', 'ko': 'Korean', 'la': 'Latin', 'lv': 'Latvian', 'ml': 'Malayalam', 'mr': 'Marathi', 'ms': 'Malay', 'my': 'Myanmar (Burmese)', 'ne': 'Nepali', 'nl': 'Dutch', 'no': 'Norwegian', 'pl': 'Polish', 'pt': 'Portuguese', 'ro': 'Romanian', 'ru': 'Russian', 'si': 'Sinhala', 'sk': 'Slovak', 'sq': 'Albanian', 'sr': 'Serbian', 'su': 'Sundanese', 'sv': 'Swedish', 'sw': 'Swahili', 'ta': 'Tamil', 'te': 'Telugu', 'th': 'Thai', 'tl': 'Filipino', 'tr': 'Turkish', 'uk': 'Ukrainian', 'ur': 'Urdu', 'vi': 'Vietnamese', 'zh-CN': 'Chinese (Simplified)', 'zh-TW': 'Chinese (Mandarin/Taiwan)', 'zh': 'Chinese (Mandarin)'}
2026-01-28 08:50:35 DEBUG gtts.tts [req=9c4f3e396e48528f-LAX] pre-processing: <function tone_marks at 0x7343f937b2e0>
2026-01-28 08:50:35 DEBUG gtts.tts [req=9c4f3e396e48528f-LAX] pre-processing: <function end_of_line at 0x7343f91b74c0>
2026-01-28 08:50:35 DEBUG gtts.tts [req=9c4f3e396e48528f-LAX] pre-processing: <function abbreviations at 0x7343f91b7560>
2026-01-28 08:50:35 DEBUG gtts.tts [req=9c4f3e396e48528f-LAX] pre-processing: <function word_sub at 0x7343f91b7e20>
2026-01-28 08:50:35 DEBUG gtts.tts [req=9c4f3e396e48528f-LAX] text_parts: ['condiment']
2026-01-28 08:50:35 DEBUG gtts.tts [req=9c4f3e396e48528f-LAX] text_parts: 1
2026-01-28 08:50:35 DEBUG gtts.tts [req=9c4f3e396e48528f-LAX] data-0: f.req=%5B%5B%5B%22jQ1olc%22%2C%22%5B%5C%22condiment%5C%22%2C%5C%22en%5C%22%2Cnull%2C%5C%22null%5C%22%5D%22%2Cnull%2C%22generic%22%5D%5D%5D&
2026-01-28 08:50:35 DEBUG urllib3.connectionpool [req=9c4f3e396e48528f-LAX] Starting new HTTPS connection (1): translate.google.com:443
2026-01-28 08:50:35 DEBUG urllib3.connectionpool [req=9c4f3e396e48528f-LAX] https://translate.google.com:443 "POST /_/TranslateWebserverUi/data/batchexecute HTTP/1.1" 200 None
2026-01-28 08:50:35 DEBUG gtts.tts [req=9c4f3e396e48528f-LAX] headers-0: {'Referer': 'http://translate.google.com/', 'User-Agent': 'Mozilla/5.0 (Windows NT 10.0; WOW64) AppleWebKit/537.36 (KHTML, like Gecko) Chrome/47.0.2526.106 Safari/537.36', 'Content-Type': 'application/x-www-form-urlencoded;charset=utf-8', 'Content-Length': '139'}
2026-01-28 08:50:35 DEBUG gtts.tts [req=9c4f3e396e48528f-LAX] url-0: https://translate.google.com/_/TranslateWebserverUi/data/batchexecute
2026-01-28 08:50:35 DEBUG gtts.tts [req=9c4f3e396e48528f-LAX] status-0: 200
2026-01-28 08:50:35 DEBUG gtts.tts [req=9c4f3e396e48528f-LAX] part-0 written to <_io.BufferedWriter name='/workspace/TOEFL/app/flask_app/static/audio/638_condiment.mp3'>
2026-01-28 08:50:35 DEBUG gtts.tts [req=9c4f3e396e48528f-LAX] part-0 created
2026-01-28 08:50:35 DEBUG gtts.tts [req=9c4f3e396e48528f-LAX] Saved to /workspace/TOEFL/app/flask_app/static/audio/638_condiment.mp3
2026-01-28 08:50:35 INFO app [req=9c4f3e396e48528f-LAX] POST /session/aa01fbc3259c47b8abae020a6c5defa6/grade -> 200 (247ms)
2026-01-28 08:50:35 INFO werkzeug [req=-] 127.0.0.1 - - [28/Jan/2026 08:50:35] "POST /session/aa01fbc3259c47b8abae020a6c5defa6/grade HTTP/1.1" 200 -
2026-01-28 08:50:37 INFO app [req=9c4f3e492f3a528f-LAX] GET /session -> 200 (8ms)
2026-01-28 08:50:37 INFO werkzeug [req=-] 127.0.0.1 - - [28/Jan/2026 08:50:37] "GET /session HTTP/1.1" 200 -
2026-01-28 08:50:38 INFO app [req=9c4f3e4d9f72528f-LAX] GET /static/css/unfamiliar_words.css -> 304 (0ms)
2026-01-28 08:50:38 INFO werkzeug [req=-] 127.0.0.1 - - [28/Jan/2026 08:50:38] "[36mGET /static/css/unfamiliar_words.css HTTP/1.1[0m" 304 -
2026-01-28 08:50:38 INFO app [req=9c4f3e4dcf73528f-LAX] GET /static/audio/638_condiment.mp3 -> 200 (0ms)
2026-01-28 08:50:38 INFO werkzeug [req=-] 127.0.0.1 - - [28/Jan/2026 08:50:38] "GET /static/audio/638_condiment.mp3 HTTP/1.1" 200 -
2026-01-28 08:50:38 INFO app [req=9c4f3e4dff77528f-LAX] GET /static/js/unfamiliar_words.js -> 304 (0ms)
2026-01-28 08:50:38 INFO werkzeug [req=-] 127.0.0.1 - - [28/Jan/2026 08:50:38] "[36mGET /static/js/unfamiliar_words.js HTTP/1.1[0m" 304 -
2026-01-28 08:50:39 INFO app [req=9c4f3e56e828528f-LAX] GET /static/audio/638_condiment.mp3 -> 206 (0ms)
2026-01-28 08:50:39 INFO werkzeug [req=-] 127.0.0.1 - - [28/Jan/2026 08:50:39] "[35m[1mGET /static/audio/638_condiment.mp3 HTTP/1.1[0m" 206 -
2026-01-28 08:50:44 INFO app [req=9c4f3e760a26528f-LAX] POST /session/aa01fbc3259c47b8abae020a6c5defa6/grade -> 200 (8ms)
2026-01-28 08:50:44 INFO werkzeug [req=-] 127.0.0.1 - - [28/Jan/2026 08:50:44] "POST /session/aa01fbc3259c47b8abae020a6c5defa6/grade HTTP/1.1" 200 -
2026-01-28 08:50:47 INFO app [req=9c4f3e88eb61528f-LAX] GET /session -> 200 (6ms)
2026-01-28 08:50:47 INFO werkzeug [req=-] 127.0.0.1 - - [28/Jan/2026 08:50:47] "GET /session HTTP/1.1" 200 -
2026-01-28 08:50:50 INFO app [req=9c4f3e965c28528f-LAX] GET /static/css/unfamiliar_words.css -> 304 (0ms)
2026-01-28 08:50:50 INFO werkzeug [req=-] 127.0.0.1 - - [28/Jan/2026 08:50:50] "[36mGET /static/css/unfamiliar_words.css HTTP/1.1[0m" 304 -
2026-01-28 08:50:50 INFO app [req=9c4f3e967c2d528f-LAX] GET /static/js/unfamiliar_words.js -> 304 (0ms)
2026-01-28 08:50:50 INFO werkzeug [req=-] 127.0.0.1 - - [28/Jan/2026 08:50:50] "[36mGET /static/js/unfamiliar_words.js HTTP/1.1[0m" 304 -
2026-01-28 08:50:50 INFO app [req=9c4f3e967c2c528f-LAX] GET /static/audio/645_confess.mp3 -> 206 (0ms)
2026-01-28 08:50:50 INFO werkzeug [req=-] 127.0.0.1 - - [28/Jan/2026 08:50:50] "[35m[1mGET /static/audio/645_confess.mp3 HTTP/1.1[0m" 206 -
2026-01-28 08:50:50 INFO app [req=9c4f3e9b9c6c528f-LAX] GET /static/audio/645_confess.mp3 -> 206 (0ms)
2026-01-28 08:50:50 INFO werkzeug [req=-] 127.0.0.1 - - [28/Jan/2026 08:50:50] "[35m[1mGET /static/audio/645_confess.mp3 HTTP/1.1[0m" 206 -
2026-01-28 08:50:55 INFO app [req=9c4f3eb9ae05528f-LAX] POST /session/aa01fbc3259c47b8abae020a6c5defa6/grade -> 200 (8ms)
2026-01-28 08:50:55 INFO werkzeug [req=-] 127.0.0.1 - - [28/Jan/2026 08:50:55] "POST /session/aa01fbc3259c47b8abae020a6c5defa6/grade HTTP/1.1" 200 -
2026-01-28 08:50:57 INFO app [req=9c4f3ec7af0f528f-LAX] GET /session -> 200 (7ms)
2026-01-28 08:50:57 INFO werkzeug [req=-] 127.0.0.1 - - [28/Jan/2026 08:50:57] "GET /session HTTP/1.1" 200 -
2026-01-28 08:50:58 INFO app [req=9c4f3ecc9f96528f-LAX] GET /static/css/unfamiliar_words.css -> 304 (1ms)
2026-01-28 08:50:58 INFO app [req=9c4f3ecc9f98528f-LAX] GET /static/js/unfamiliar_words.js -> 304 (1ms)
2026-01-28 08:50:58 INFO werkzeug [req=-] 127.0.0.1 - - [28/Jan/2026 08:50:58] "[36mGET /static/css/unfamiliar_words.css HTTP/1.1[0m" 304 -
2026-01-28 08:50:58 INFO werkzeug [req=-] 127.0.0.1 - - [28/Jan/2026 08:50:58] "[36mGET /static/js/unfamiliar_words.js HTTP/1.1[0m" 304 -
2026-01-28 08:50:58 INFO app [req=9c4f3eccaf99528f-LAX] GET /static/audio/638_condiment.mp3 -> 206 (0ms)
2026-01-28 08:50:58 INFO werkzeug [req=-] 127.0.0.1 - - [28/Jan/2026 08:50:58] "[35m[1mGET /static/audio/638_condiment.mp3 HTTP/1.1[0m" 206 -
2026-01-28 08:50:59 INFO app [req=9c4f3ed0afb4528f-LAX] GET /static/audio/638_condiment.mp3 -> 206 (0ms)
2026-01-28 08:50:59 INFO werkzeug [req=-] 127.0.0.1 - - [28/Jan/2026 08:50:59] "[35m[1mGET /static/audio/638_condiment.mp3 HTTP/1.1[0m" 206 -
2026-01-28 08:51:00 INFO app [req=9c4f3ed5480a528f-LAX] GET /static/audio/638_condiment.mp3 -> 206 (0ms)
2026-01-28 08:51:00 INFO werkzeug [req=-] 127.0.0.1 - - [28/Jan/2026 08:51:00] "[35m[1mGET /static/audio/638_condiment.mp3 HTTP/1.1[0m" 206 -
2026-01-28 08:51:08 INFO app [req=9c4f3f09aab9528f-LAX] POST /session/aa01fbc3259c47b8abae020a6c5defa6/grade -> 200 (7ms)
2026-01-28 08:51:08 INFO werkzeug [req=-] 127.0.0.1 - - [28/Jan/2026 08:51:08] "POST /session/aa01fbc3259c47b8abae020a6c5defa6/grade HTTP/1.1" 200 -
2026-01-28 08:51:11 INFO app [req=9c4f3f1edbb8528f-LAX] GET /session -> 200 (7ms)
2026-01-28 08:51:11 INFO werkzeug [req=-] 127.0.0.1 - - [28/Jan/2026 08:51:11] "GET /session HTTP/1.1" 200 -
2026-01-28 08:51:12 INFO app [req=9c4f3f225bf9528f-LAX] GET /static/audio/645_confess.mp3 -> 206 (0ms)
2026-01-28 08:51:12 INFO werkzeug [req=-] 127.0.0.1 - - [28/Jan/2026 08:51:12] "[35m[1mGET /static/audio/645_confess.mp3 HTTP/1.1[0m" 206 -
2026-01-28 08:51:12 INFO app [req=9c4f3f225bf8528f-LAX] GET /static/css/unfamiliar_words.css -> 304 (0ms)
2026-01-28 08:51:12 INFO werkzeug [req=-] 127.0.0.1 - - [28/Jan/2026 08:51:12] "[36mGET /static/css/unfamiliar_words.css HTTP/1.1[0m" 304 -
2026-01-28 08:51:12 INFO app [req=9c4f3f227bfc528f-LAX] GET /static/js/unfamiliar_words.js -> 304 (0ms)
2026-01-28 08:51:12 INFO werkzeug [req=-] 127.0.0.1 - - [28/Jan/2026 08:51:12] "[36mGET /static/js/unfamiliar_words.js HTTP/1.1[0m" 304 -
2026-01-28 08:51:12 INFO app [req=9c4f3f260c28528f-LAX] GET /static/audio/645_confess.mp3 -> 206 (0ms)
2026-01-28 08:51:12 INFO werkzeug [req=-] 127.0.0.1 - - [28/Jan/2026 08:51:12] "[35m[1mGET /static/audio/645_confess.mp3 HTTP/1.1[0m" 206 -
2026-01-28 08:51:13 INFO app [req=9c4f3f2aec91528f-LAX] GET /static/audio/645_confess.mp3 -> 206 (0ms)
2026-01-28 08:51:13 INFO werkzeug [req=-] 127.0.0.1 - - [28/Jan/2026 08:51:13] "[35m[1mGET /static/audio/645_confess.mp3 HTTP/1.1[0m" 206 -
2026-01-28 08:52:35 INFO app [req=9c4f41296896528f-LAX] GET /favicon.ico -> 404 (0ms)
2026-01-28 08:52:35 INFO werkzeug [req=-] 127.0.0.1 - - [28/Jan/2026 08:52:35] "[33mGET /favicon.ico HTTP/1.1[0m" 404 -
2026-01-28 08:52:40 INFO app [req=9c4f414aea78528f-LAX] POST /session/aa01fbc3259c47b8abae020a6c5defa6/grade -> 200 (8ms)
2026-01-28 08:52:40 INFO werkzeug [req=-] 127.0.0.1 - - [28/Jan/2026 08:52:40] "POST /session/aa01fbc3259c47b8abae020a6c5defa6/grade HTTP/1.1" 200 -
2026-01-28 08:52:43 INFO app [req=9c4f41591b47528f-LAX] GET /session -> 200 (8ms)
2026-01-28 08:52:43 INFO werkzeug [req=-] 127.0.0.1 - - [28/Jan/2026 08:52:43] "GET /session HTTP/1.1" 200 -
2026-01-28 08:52:43 INFO app [req=9c4f415cab73528f-LAX] GET /static/css/unfamiliar_words.css -> 304 (0ms)
2026-01-28 08:52:43 INFO werkzeug [req=-] 127.0.0.1 - - [28/Jan/2026 08:52:43] "[36mGET /static/css/unfamiliar_words.css HTTP/1.1[0m" 304 -
2026-01-28 08:52:43 INFO app [req=9c4f415cbb75528f-LAX] GET /static/audio/638_condiment.mp3 -> 206 (0ms)
2026-01-28 08:52:43 INFO werkzeug [req=-] 127.0.0.1 - - [28/Jan/2026 08:52:43] "[35m[1mGET /static/audio/638_condiment.mp3 HTTP/1.1[0m" 206 -
2026-01-28 08:52:43 INFO app [req=9c4f415cdb78528f-LAX] GET /static/js/unfamiliar_words.js -> 304 (0ms)
2026-01-28 08:52:43 INFO werkzeug [req=-] 127.0.0.1 - - [28/Jan/2026 08:52:43] "[36mGET /static/js/unfamiliar_words.js HTTP/1.1[0m" 304 -
2026-01-28 08:52:45 INFO app [req=9c4f41660c21528f-LAX] GET /static/audio/638_condiment.mp3 -> 206 (0ms)
2026-01-28 08:52:45 INFO werkzeug [req=-] 127.0.0.1 - - [28/Jan/2026 08:52:45] "[35m[1mGET /static/audio/638_condiment.mp3 HTTP/1.1[0m" 206 -
2026-01-28 08:52:53 DEBUG gtts.tts [req=9c4f419b4eaa528f-LAX] text: confident
2026-01-28 08:52:53 DEBUG gtts.tts [req=9c4f419b4eaa528f-LAX] tld: com
2026-01-28 08:52:53 DEBUG gtts.tts [req=9c4f419b4eaa528f-LAX] lang: en
2026-01-28 08:52:53 DEBUG gtts.tts [req=9c4f419b4eaa528f-LAX] slow: False
2026-01-28 08:52:53 DEBUG gtts.tts [req=9c4f419b4eaa528f-LAX] lang_check: True
2026-01-28 08:52:53 DEBUG gtts.tts [req=9c4f419b4eaa528f-LAX] pre_processor_funcs: [<function tone_marks at 0x7343f937b2e0>, <function end_of_line at 0x7343f91b74c0>, <function abbreviations at 0x7343f91b7560>, <function word_sub at 0x7343f91b7e20>]
2026-01-28 08:52:53 DEBUG gtts.tts [req=9c4f419b4eaa528f-LAX] tokenizer_func: <bound method Tokenizer.run of re.compile('(?<=\\?).|(?<=!).|(?<=？).|(?<=！).|(?<!\\.[a-z])\\. |(?<!\\.[a-z]), |(?<!\\d):|¿|;|،|\\\n|：|—|、|¡|。|…|，|‥|\\]|\\(|\\)|\\[', re.IGNORECASE) from: [<function tone_marks at 0x7343f91b7ec0>, <function period_comma at 0x7343f91b7f60>, <function colon at 0x7343f91bc040>, <function other_punctuation at 0x7343f91bc0e0>]>
2026-01-28 08:52:53 DEBUG gtts.tts [req=9c4f419b4eaa528f-LAX] timeout: None
2026-01-28 08:52:53 DEBUG gtts.lang [req=9c4f419b4eaa528f-LAX] langs: {'af': 'Afrikaans', 'ar': 'Arabic', 'bg': 'Bulgarian', 'bn': 'Bengali', 'bs': 'Bosnian', 'ca': 'Catalan', 'cs': 'Czech', 'da': 'Danish', 'de': 'German', 'el': 'Greek', 'en': 'English', 'es': 'Spanish', 'et': 'Estonian', 'fi': 'Finnish', 'fr': 'French', 'gu': 'Gujarati', 'hi': 'Hindi', 'hr': 'Croatian', 'hu': 'Hungarian', 'id': 'Indonesian', 'is': 'Icelandic', 'it': 'Italian', 'iw': 'Hebrew', 'ja': 'Japanese', 'jw': 'Javanese', 'km': 'Khmer', 'kn': 'Kannada', 'ko': 'Korean', 'la': 'Latin', 'lv': 'Latvian', 'ml': 'Malayalam', 'mr': 'Marathi', 'ms': 'Malay', 'my': 'Myanmar (Burmese)', 'ne': 'Nepali', 'nl': 'Dutch', 'no': 'Norwegian', 'pl': 'Polish', 'pt': 'Portuguese', 'ro': 'Romanian', 'ru': 'Russian', 'si': 'Sinhala', 'sk': 'Slovak', 'sq': 'Albanian', 'sr': 'Serbian', 'su': 'Sundanese', 'sv': 'Swedish', 'sw': 'Swahili', 'ta': 'Tamil', 'te': 'Telugu', 'th': 'Thai', 'tl': 'Filipino', 'tr': 'Turkish', 'uk': 'Ukrainian', 'ur': 'Urdu', 'vi': 'Vietnamese', 'zh-CN': 'Chinese (Simplified)', 'zh-TW': 'Chinese (Mandarin/Taiwan)', 'zh': 'Chinese (Mandarin)'}
2026-01-28 08:52:53 DEBUG gtts.tts [req=9c4f419b4eaa528f-LAX] pre-processing: <function tone_marks at 0x7343f937b2e0>
2026-01-28 08:52:53 DEBUG gtts.tts [req=9c4f419b4eaa528f-LAX] pre-processing: <function end_of_line at 0x7343f91b74c0>
2026-01-28 08:52:53 DEBUG gtts.tts [req=9c4f419b4eaa528f-LAX] pre-processing: <function abbreviations at 0x7343f91b7560>
2026-01-28 08:52:53 DEBUG gtts.tts [req=9c4f419b4eaa528f-LAX] pre-processing: <function word_sub at 0x7343f91b7e20>
2026-01-28 08:52:53 DEBUG gtts.tts [req=9c4f419b4eaa528f-LAX] text_parts: ['confident']
2026-01-28 08:52:53 DEBUG gtts.tts [req=9c4f419b4eaa528f-LAX] text_parts: 1
2026-01-28 08:52:53 DEBUG gtts.tts [req=9c4f419b4eaa528f-LAX] data-0: f.req=%5B%5B%5B%22jQ1olc%22%2C%22%5B%5C%22confident%5C%22%2C%5C%22en%5C%22%2Cnull%2C%5C%22null%5C%22%5D%22%2Cnull%2C%22generic%22%5D%5D%5D&
2026-01-28 08:52:53 DEBUG urllib3.connectionpool [req=9c4f419b4eaa528f-LAX] Starting new HTTPS connection (1): translate.google.com:443
2026-01-28 08:52:53 DEBUG urllib3.connectionpool [req=9c4f419b4eaa528f-LAX] https://translate.google.com:443 "POST /_/TranslateWebserverUi/data/batchexecute HTTP/1.1" 200 None
2026-01-28 08:52:53 DEBUG gtts.tts [req=9c4f419b4eaa528f-LAX] headers-0: {'Referer': 'http://translate.google.com/', 'User-Agent': 'Mozilla/5.0 (Windows NT 10.0; WOW64) AppleWebKit/537.36 (KHTML, like Gecko) Chrome/47.0.2526.106 Safari/537.36', 'Content-Type': 'application/x-www-form-urlencoded;charset=utf-8', 'Content-Length': '139'}
2026-01-28 08:52:53 DEBUG gtts.tts [req=9c4f419b4eaa528f-LAX] url-0: https://translate.google.com/_/TranslateWebserverUi/data/batchexecute
2026-01-28 08:52:53 DEBUG gtts.tts [req=9c4f419b4eaa528f-LAX] status-0: 200
2026-01-28 08:52:53 DEBUG gtts.tts [req=9c4f419b4eaa528f-LAX] part-0 written to <_io.BufferedWriter name='/workspace/TOEFL/app/flask_app/static/audio/648_confident.mp3'>
2026-01-28 08:52:53 DEBUG gtts.tts [req=9c4f419b4eaa528f-LAX] part-0 created
2026-01-28 08:52:53 DEBUG gtts.tts [req=9c4f419b4eaa528f-LAX] Saved to /workspace/TOEFL/app/flask_app/static/audio/648_confident.mp3
2026-01-28 08:52:53 INFO app [req=9c4f419b4eaa528f-LAX] POST /session/aa01fbc3259c47b8abae020a6c5defa6/grade -> 200 (190ms)
2026-01-28 08:52:53 INFO werkzeug [req=-] 127.0.0.1 - - [28/Jan/2026 08:52:53] "POST /session/aa01fbc3259c47b8abae020a6c5defa6/grade HTTP/1.1" 200 -
2026-01-28 08:52:55 INFO app [req=9c4f41a95f24528f-LAX] GET /session -> 200 (7ms)
2026-01-28 08:52:55 INFO werkzeug [req=-] 127.0.0.1 - - [28/Jan/2026 08:52:55] "GET /session HTTP/1.1" 200 -
2026-01-28 08:52:57 INFO app [req=9c4f41b14f7e528f-LAX] GET /static/css/unfamiliar_words.css -> 304 (0ms)
2026-01-28 08:52:57 INFO werkzeug [req=-] 127.0.0.1 - - [28/Jan/2026 08:52:57] "[36mGET /static/css/unfamiliar_words.css HTTP/1.1[0m" 304 -
2026-01-28 08:52:57 INFO app [req=9c4f41b14f7f528f-LAX] GET /static/audio/648_confident.mp3 -> 200 (0ms)
2026-01-28 08:52:57 INFO werkzeug [req=-] 127.0.0.1 - - [28/Jan/2026 08:52:57] "GET /static/audio/648_confident.mp3 HTTP/1.1" 200 -
2026-01-28 08:52:57 INFO app [req=9c4f41b3ffb1528f-LAX] GET /static/js/unfamiliar_words.js -> 304 (0ms)
2026-01-28 08:52:57 INFO werkzeug [req=-] 127.0.0.1 - - [28/Jan/2026 08:52:57] "[36mGET /static/js/unfamiliar_words.js HTTP/1.1[0m" 304 -
2026-01-28 08:52:57 INFO app [req=9c4f41b52fbd528f-LAX] GET /static/audio/648_confident.mp3 -> 206 (0ms)
2026-01-28 08:52:57 INFO werkzeug [req=-] 127.0.0.1 - - [28/Jan/2026 08:52:57] "[35m[1mGET /static/audio/648_confident.mp3 HTTP/1.1[0m" 206 -
2026-01-28 08:52:58 INFO app [req=9c4f41bc5ffc528f-LAX] GET /static/audio/648_confident.mp3 -> 206 (0ms)
2026-01-28 08:52:58 INFO werkzeug [req=-] 127.0.0.1 - - [28/Jan/2026 08:52:58] "[35m[1mGET /static/audio/648_confident.mp3 HTTP/1.1[0m" 206 -
2026-01-28 08:54:00 INFO app [req=9c4f433c2844528f-LAX] POST /session/aa01fbc3259c47b8abae020a6c5defa6/grade -> 200 (9ms)
2026-01-28 08:54:00 INFO werkzeug [req=-] 127.0.0.1 - - [28/Jan/2026 08:54:00] "POST /session/aa01fbc3259c47b8abae020a6c5defa6/grade HTTP/1.1" 200 -
2026-01-28 08:54:02 INFO app [req=9c4f434b895b528f-LAX] GET /session -> 200 (7ms)
2026-01-28 08:54:02 INFO werkzeug [req=-] 127.0.0.1 - - [28/Jan/2026 08:54:02] "GET /session HTTP/1.1" 200 -
2026-01-28 08:54:03 INFO app [req=9c4f4351f9c2528f-LAX] GET /static/css/unfamiliar_words.css -> 304 (0ms)
2026-01-28 08:54:03 INFO werkzeug [req=-] 127.0.0.1 - - [28/Jan/2026 08:54:03] "[36mGET /static/css/unfamiliar_words.css HTTP/1.1[0m" 304 -
2026-01-28 08:54:04 INFO app [req=9c4f4353ca0f528f-LAX] GET /static/audio/452_brighten.mp3 -> 206 (0ms)
2026-01-28 08:54:04 INFO werkzeug [req=-] 127.0.0.1 - - [28/Jan/2026 08:54:04] "[35m[1mGET /static/audio/452_brighten.mp3 HTTP/1.1[0m" 206 -
2026-01-28 08:54:05 INFO app [req=9c4f4358baaf528f-LAX] GET /static/js/unfamiliar_words.js -> 304 (0ms)
2026-01-28 08:54:05 INFO werkzeug [req=-] 127.0.0.1 - - [28/Jan/2026 08:54:05] "[36mGET /static/js/unfamiliar_words.js HTTP/1.1[0m" 304 -
2026-01-28 08:54:05 INFO app [req=9c4f435a3ac2528f-LAX] GET /static/audio/452_brighten.mp3 -> 206 (0ms)
2026-01-28 08:54:05 INFO werkzeug [req=-] 127.0.0.1 - - [28/Jan/2026 08:54:05] "[35m[1mGET /static/audio/452_brighten.mp3 HTTP/1.1[0m" 206 -
2026-01-28 08:54:06 INFO app [req=9c4f43612b59528f-LAX] GET /static/audio/452_brighten.mp3 -> 206 (0ms)
2026-01-28 08:54:06 INFO werkzeug [req=-] 127.0.0.1 - - [28/Jan/2026 08:54:06] "[35m[1mGET /static/audio/452_brighten.mp3 HTTP/1.1[0m" 206 -
2026-01-28 08:54:17 INFO app [req=9c4f43a50f3b528f-LAX] POST /session/aa01fbc3259c47b8abae020a6c5defa6/grade -> 200 (8ms)
2026-01-28 08:54:17 INFO werkzeug [req=-] 127.0.0.1 - - [28/Jan/2026 08:54:17] "POST /session/aa01fbc3259c47b8abae020a6c5defa6/grade HTTP/1.1" 200 -
2026-01-28 08:54:20 INFO app [req=9c4f43b8c843528f-LAX] GET /session -> 200 (7ms)
2026-01-28 08:54:20 INFO werkzeug [req=-] 127.0.0.1 - - [28/Jan/2026 08:54:20] "GET /session HTTP/1.1" 200 -
2026-01-28 08:54:22 INFO app [req=9c4f43c3c8ed528f-LAX] GET /static/css/unfamiliar_words.css -> 304 (0ms)
2026-01-28 08:54:22 INFO werkzeug [req=-] 127.0.0.1 - - [28/Jan/2026 08:54:22] "[36mGET /static/css/unfamiliar_words.css HTTP/1.1[0m" 304 -
2026-01-28 08:54:22 INFO app [req=9c4f43c7791b528f-LAX] GET /static/audio/648_confident.mp3 -> 206 (0ms)
2026-01-28 08:54:22 INFO werkzeug [req=-] 127.0.0.1 - - [28/Jan/2026 08:54:22] "[35m[1mGET /static/audio/648_confident.mp3 HTTP/1.1[0m" 206 -
2026-01-28 08:54:24 INFO app [req=9c4f43d08962528f-LAX] GET /static/js/unfamiliar_words.js -> 304 (0ms)
2026-01-28 08:54:24 INFO werkzeug [req=-] 127.0.0.1 - - [28/Jan/2026 08:54:24] "[36mGET /static/js/unfamiliar_words.js HTTP/1.1[0m" 304 -
2026-01-28 08:54:24 INFO app [req=9c4f43d40990528f-LAX] GET /static/audio/648_confident.mp3 -> 206 (0ms)
2026-01-28 08:54:24 INFO werkzeug [req=-] 127.0.0.1 - - [28/Jan/2026 08:54:24] "[35m[1mGET /static/audio/648_confident.mp3 HTTP/1.1[0m" 206 -
2026-01-28 08:54:26 INFO app [req=9c4f43df3a48528f-LAX] GET /static/audio/648_confident.mp3 -> 206 (0ms)
2026-01-28 08:54:26 INFO werkzeug [req=-] 127.0.0.1 - - [28/Jan/2026 08:54:26] "[35m[1mGET /static/audio/648_confident.mp3 HTTP/1.1[0m" 206 -
2026-01-28 08:54:28 INFO app [req=9c4f43e9dac5528f-LAX] POST /session/aa01fbc3259c47b8abae020a6c5defa6/grade -> 200 (7ms)
2026-01-28 08:54:28 INFO werkzeug [req=-] 127.0.0.1 - - [28/Jan/2026 08:54:28] "POST /session/aa01fbc3259c47b8abae020a6c5defa6/grade HTTP/1.1" 200 -
2026-01-28 08:54:34 INFO app [req=9c4f4411dea6528f-LAX] GET /session -> 200 (6ms)
2026-01-28 08:54:34 INFO werkzeug [req=-] 127.0.0.1 - - [28/Jan/2026 08:54:34] "GET /session HTTP/1.1" 200 -
2026-01-28 08:54:36 INFO app [req=9c4f441f2849528f-LAX] GET /static/css/unfamiliar_words.css -> 304 (0ms)
2026-01-28 08:54:36 INFO werkzeug [req=-] 127.0.0.1 - - [28/Jan/2026 08:54:36] "[36mGET /static/css/unfamiliar_words.css HTTP/1.1[0m" 304 -
2026-01-28 08:54:37 INFO app [req=9c4f44234884528f-LAX] GET /static/audio/452_brighten.mp3 -> 206 (0ms)
2026-01-28 08:54:37 INFO werkzeug [req=-] 127.0.0.1 - - [28/Jan/2026 08:54:37] "[35m[1mGET /static/audio/452_brighten.mp3 HTTP/1.1[0m" 206 -
2026-01-28 08:54:39 INFO app [req=9c4f442e78fb528f-LAX] GET /static/audio/452_brighten.mp3 -> 206 (0ms)
2026-01-28 08:54:39 INFO werkzeug [req=-] 127.0.0.1 - - [28/Jan/2026 08:54:39] "[35m[1mGET /static/audio/452_brighten.mp3 HTTP/1.1[0m" 206 -
2026-01-28 08:54:39 INFO app [req=9c4f44314927528f-LAX] GET /static/js/unfamiliar_words.js -> 304 (0ms)
2026-01-28 08:54:39 INFO werkzeug [req=-] 127.0.0.1 - - [28/Jan/2026 08:54:39] "[36mGET /static/js/unfamiliar_words.js HTTP/1.1[0m" 304 -
2026-01-28 08:54:42 INFO app [req=9c4f44411a82528f-LAX] GET /static/audio/452_brighten.mp3 -> 206 (0ms)
2026-01-28 08:54:42 INFO werkzeug [req=-] 127.0.0.1 - - [28/Jan/2026 08:54:42] "[35m[1mGET /static/audio/452_brighten.mp3 HTTP/1.1[0m" 206 -
2026-01-28 08:54:52 INFO app [req=9c4f4484b83e528f-LAX] POST /session/aa01fbc3259c47b8abae020a6c5defa6/grade -> 200 (8ms)
2026-01-28 08:54:52 INFO werkzeug [req=-] 127.0.0.1 - - [28/Jan/2026 08:54:52] "POST /session/aa01fbc3259c47b8abae020a6c5defa6/grade HTTP/1.1" 200 -
2026-01-28 08:54:56 INFO app [req=9c4f4499e1de1c30-FRA] GET /wp-admin/setup-config.php -> 404 (0ms)
2026-01-28 08:54:56 INFO werkzeug [req=-] 127.0.0.1 - - [28/Jan/2026 08:54:56] "[33mGET /wp-admin/setup-config.php HTTP/1.1[0m" 404 -
2026-01-28 08:54:56 INFO app [req=9c4f449de995528f-LAX] GET /session -> 200 (4ms)
2026-01-28 08:54:56 INFO werkzeug [req=-] 127.0.0.1 - - [28/Jan/2026 08:54:56] "GET /session HTTP/1.1" 200 -
2026-01-28 08:54:59 INFO app [req=9c4f44af1ab0528f-LAX] GET /static/css/unfamiliar_words.css -> 304 (0ms)
2026-01-28 08:54:59 INFO werkzeug [req=-] 127.0.0.1 - - [28/Jan/2026 08:54:59] "[36mGET /static/css/unfamiliar_words.css HTTP/1.1[0m" 304 -
2026-01-28 08:55:00 INFO app [req=9c4f44b38ae9528f-LAX] GET /static/audio/638_condiment.mp3 -> 206 (0ms)
2026-01-28 08:55:00 INFO werkzeug [req=-] 127.0.0.1 - - [28/Jan/2026 08:55:00] "[35m[1mGET /static/audio/638_condiment.mp3 HTTP/1.1[0m" 206 -
2026-01-28 08:55:03 INFO app [req=9c4f44c5abf3528f-LAX] GET /static/audio/638_condiment.mp3 -> 206 (0ms)
2026-01-28 08:55:03 INFO werkzeug [req=-] 127.0.0.1 - - [28/Jan/2026 08:55:03] "[35m[1mGET /static/audio/638_condiment.mp3 HTTP/1.1[0m" 206 -
2026-01-28 08:55:03 INFO app [req=9c4f44c98c27528f-LAX] GET /static/js/unfamiliar_words.js -> 304 (0ms)
2026-01-28 08:55:03 INFO werkzeug [req=-] 127.0.0.1 - - [28/Jan/2026 08:55:03] "[36mGET /static/js/unfamiliar_words.js HTTP/1.1[0m" 304 -
2026-01-28 08:55:07 INFO app [req=9c4f44deddb7528f-LAX] GET /static/audio/638_condiment.mp3 -> 206 (0ms)
2026-01-28 08:55:07 INFO werkzeug [req=-] 127.0.0.1 - - [28/Jan/2026 08:55:07] "[35m[1mGET /static/audio/638_condiment.mp3 HTTP/1.1[0m" 206 -
2026-01-28 08:55:44 INFO app [req=9c4f45c57ba4528f-LAX] GET /favicon.ico -> 404 (0ms)
2026-01-28 08:55:44 INFO werkzeug [req=-] 127.0.0.1 - - [28/Jan/2026 08:55:44] "[33mGET /favicon.ico HTTP/1.1[0m" 404 -
2026-01-28 08:56:01 INFO app [req=9c4f4630009c3a68-FRA] GET /wordpress/wp-admin/setup-config.php -> 404 (0ms)
2026-01-28 08:56:01 INFO werkzeug [req=-] 127.0.0.1 - - [28/Jan/2026 08:56:01] "[33mGET /wordpress/wp-admin/setup-config.php HTTP/1.1[0m" 404 -
2026-01-28 08:56:31 INFO app [req=9c4f46e94ecfe955-DME] GET /wp-admin/setup-config.php -> 404 (0ms)
2026-01-28 08:56:31 INFO werkzeug [req=-] 127.0.0.1 - - [28/Jan/2026 08:56:31] "[33mGET /wp-admin/setup-config.php HTTP/1.1[0m" 404 -
2026-01-28 08:56:34 INFO app [req=9c4f46fe3ffd528f-LAX] POST /session/aa01fbc3259c47b8abae020a6c5defa6/grade -> 200 (10ms)
2026-01-28 08:56:34 INFO werkzeug [req=-] 127.0.0.1 - - [28/Jan/2026 08:56:34] "POST /session/aa01fbc3259c47b8abae020a6c5defa6/grade HTTP/1.1" 200 -
2026-01-28 08:56:37 INFO app [req=9c4f47123947528f-LAX] GET /session -> 200 (7ms)
2026-01-28 08:56:37 INFO werkzeug [req=-] 127.0.0.1 - - [28/Jan/2026 08:56:37] "GET /session HTTP/1.1" 200 -
2026-01-28 08:56:40 INFO app [req=9c4f472329f8528f-LAX] GET /static/css/unfamiliar_words.css -> 304 (0ms)
2026-01-28 08:56:40 INFO werkzeug [req=-] 127.0.0.1 - - [28/Jan/2026 08:56:40] "[36mGET /static/css/unfamiliar_words.css HTTP/1.1[0m" 304 -
2026-01-28 08:56:41 INFO app [req=9c4f472a6a6f528f-LAX] GET /static/audio/648_confident.mp3 -> 206 (0ms)
2026-01-28 08:56:41 INFO werkzeug [req=-] 127.0.0.1 - - [28/Jan/2026 08:56:41] "[35m[1mGET /static/audio/648_confident.mp3 HTTP/1.1[0m" 206 -
2026-01-28 08:56:43 INFO app [req=9c4f473a0b4f528f-LAX] GET /static/audio/648_confident.mp3 -> 206 (0ms)
2026-01-28 08:56:43 INFO werkzeug [req=-] 127.0.0.1 - - [28/Jan/2026 08:56:43] "[35m[1mGET /static/audio/648_confident.mp3 HTTP/1.1[0m" 206 -
2026-01-28 08:56:44 INFO app [req=9c4f473deb77528f-LAX] GET /static/js/unfamiliar_words.js -> 304 (0ms)
2026-01-28 08:56:44 INFO werkzeug [req=-] 127.0.0.1 - - [28/Jan/2026 08:56:44] "[36mGET /static/js/unfamiliar_words.js HTTP/1.1[0m" 304 -
2026-01-28 08:56:47 INFO app [req=9c4f4752dcf1528f-LAX] GET /static/audio/648_confident.mp3 -> 206 (0ms)
2026-01-28 08:56:47 INFO werkzeug [req=-] 127.0.0.1 - - [28/Jan/2026 08:56:47] "[35m[1mGET /static/audio/648_confident.mp3 HTTP/1.1[0m" 206 -
2026-01-28 08:56:57 INFO app [req=9c4f478d98f1528f-LAX] POST /session/aa01fbc3259c47b8abae020a6c5defa6/grade -> 200 (7ms)
2026-01-28 08:56:57 INFO werkzeug [req=-] 127.0.0.1 - - [28/Jan/2026 08:56:57] "POST /session/aa01fbc3259c47b8abae020a6c5defa6/grade HTTP/1.1" 200 -
2026-01-28 08:57:03 INFO app [req=9c4f47b69bd8528f-LAX] GET /session -> 200 (6ms)
2026-01-28 08:57:03 INFO werkzeug [req=-] 127.0.0.1 - - [28/Jan/2026 08:57:03] "GET /session HTTP/1.1" 200 -
2026-01-28 08:57:06 INFO app [req=9c4f47c6dd22528f-LAX] GET /static/css/unfamiliar_words.css -> 304 (0ms)
2026-01-28 08:57:06 INFO werkzeug [req=-] 127.0.0.1 - - [28/Jan/2026 08:57:06] "[36mGET /static/css/unfamiliar_words.css HTTP/1.1[0m" 304 -
2026-01-28 08:57:07 INFO app [req=9c4f47cd3d83528f-LAX] GET /static/audio/638_condiment.mp3 -> 206 (0ms)
2026-01-28 08:57:07 INFO werkzeug [req=-] 127.0.0.1 - - [28/Jan/2026 08:57:07] "[35m[1mGET /static/audio/638_condiment.mp3 HTTP/1.1[0m" 206 -
2026-01-28 08:57:09 INFO app [req=9c4f47dc9e5a528f-LAX] GET /static/audio/638_condiment.mp3 -> 206 (0ms)
2026-01-28 08:57:09 INFO werkzeug [req=-] 127.0.0.1 - - [28/Jan/2026 08:57:09] "[35m[1mGET /static/audio/638_condiment.mp3 HTTP/1.1[0m" 206 -
2026-01-28 08:57:10 INFO app [req=9c4f47e17e9b528f-LAX] GET /static/js/unfamiliar_words.js -> 304 (0ms)
2026-01-28 08:57:10 INFO werkzeug [req=-] 127.0.0.1 - - [28/Jan/2026 08:57:10] "[36mGET /static/js/unfamiliar_words.js HTTP/1.1[0m" 304 -
2026-01-28 08:57:14 INFO app [req=9c4f47f8dff9528f-LAX] GET /static/audio/638_condiment.mp3 -> 206 (0ms)
2026-01-28 08:57:14 INFO werkzeug [req=-] 127.0.0.1 - - [28/Jan/2026 08:57:14] "[35m[1mGET /static/audio/638_condiment.mp3 HTTP/1.1[0m" 206 -
2026-01-28 08:57:21 INFO app [req=9c4f482055d25bd9-ARN] GET /wordpress/wp-admin/setup-config.php -> 404 (0ms)
2026-01-28 08:57:21 INFO werkzeug [req=-] 127.0.0.1 - - [28/Jan/2026 08:57:21] "[33mGET /wordpress/wp-admin/setup-config.php HTTP/1.1[0m" 404 -
2026-01-28 08:57:34 INFO app [req=9c4f4873a907528f-LAX] GET /favicon.ico -> 404 (0ms)
2026-01-28 08:57:34 INFO werkzeug [req=-] 127.0.0.1 - - [28/Jan/2026 08:57:34] "[33mGET /favicon.ico HTTP/1.1[0m" 404 -
2026-01-28 08:57:36 INFO app [req=9c4f4881e9cc528f-LAX] POST /session/aa01fbc3259c47b8abae020a6c5defa6/grade -> 200 (7ms)
2026-01-28 08:57:36 INFO werkzeug [req=-] 127.0.0.1 - - [28/Jan/2026 08:57:36] "POST /session/aa01fbc3259c47b8abae020a6c5defa6/grade HTTP/1.1" 200 -
2026-01-28 08:57:44 INFO app [req=9c4f48b2cc67528f-LAX] GET /session -> 200 (4ms)
2026-01-28 08:57:44 INFO werkzeug [req=-] 127.0.0.1 - - [28/Jan/2026 08:57:44] "GET /session HTTP/1.1" 200 -
2026-01-28 08:57:47 INFO app [req=9c4f48c66d8c528f-LAX] GET /static/css/unfamiliar_words.css -> 304 (0ms)
2026-01-28 08:57:47 INFO werkzeug [req=-] 127.0.0.1 - - [28/Jan/2026 08:57:47] "[36mGET /static/css/unfamiliar_words.css HTTP/1.1[0m" 304 -
2026-01-28 08:57:48 INFO app [req=9c4f48ceae0d528f-LAX] GET /static/audio/452_brighten.mp3 -> 206 (0ms)
2026-01-28 08:57:48 INFO werkzeug [req=-] 127.0.0.1 - - [28/Jan/2026 08:57:48] "[35m[1mGET /static/audio/452_brighten.mp3 HTTP/1.1[0m" 206 -
2026-01-28 08:57:51 INFO app [req=9c4f48dfcf3e528f-LAX] GET /static/audio/452_brighten.mp3 -> 206 (0ms)
2026-01-28 08:57:51 INFO werkzeug [req=-] 127.0.0.1 - - [28/Jan/2026 08:57:51] "[35m[1mGET /static/audio/452_brighten.mp3 HTTP/1.1[0m" 206 -
2026-01-28 08:57:55 INFO app [req=9c4f48fa694a528f-LAX] GET /static/js/unfamiliar_words.js -> 304 (0ms)
2026-01-28 08:57:55 INFO werkzeug [req=-] 127.0.0.1 - - [28/Jan/2026 08:57:55] "[36mGET /static/js/unfamiliar_words.js HTTP/1.1[0m" 304 -
2026-01-28 08:57:57 INFO app [req=9c4f4905ca24528f-LAX] GET /static/audio/452_brighten.mp3 -> 206 (0ms)
2026-01-28 08:57:57 INFO werkzeug [req=-] 127.0.0.1 - - [28/Jan/2026 08:57:57] "[35m[1mGET /static/audio/452_brighten.mp3 HTTP/1.1[0m" 206 -
2026-01-28 08:58:00 INFO app [req=9c4f4918eb7d528f-LAX] POST /session/aa01fbc3259c47b8abae020a6c5defa6/grade -> 200 (7ms)
2026-01-28 08:58:00 INFO werkzeug [req=-] 127.0.0.1 - - [28/Jan/2026 08:58:00] "POST /session/aa01fbc3259c47b8abae020a6c5defa6/grade HTTP/1.1" 200 -
2026-01-28 08:58:11 INFO app [req=9c4f495b5ef0528f-LAX] GET /session -> 200 (7ms)
2026-01-28 08:58:11 INFO werkzeug [req=-] 127.0.0.1 - - [28/Jan/2026 08:58:11] "GET /session HTTP/1.1" 200 -
2026-01-28 08:58:16 INFO app [req=9c4f497ab8ff528f-LAX] GET /static/css/unfamiliar_words.css -> 304 (0ms)
2026-01-28 08:58:16 INFO werkzeug [req=-] 127.0.0.1 - - [28/Jan/2026 08:58:16] "[36mGET /static/css/unfamiliar_words.css HTTP/1.1[0m" 304 -
2026-01-28 08:58:18 INFO app [req=9c4f498679a5528f-LAX] GET /static/audio/369_basin.mp3 -> 200 (0ms)
2026-01-28 08:58:18 INFO werkzeug [req=-] 127.0.0.1 - - [28/Jan/2026 08:58:18] "GET /static/audio/369_basin.mp3 HTTP/1.1" 200 -
2026-01-28 08:58:21 INFO app [req=9c4f499e7acb528f-LAX] GET /static/audio/369_basin.mp3 -> 206 (0ms)
2026-01-28 08:58:21 INFO werkzeug [req=-] 127.0.0.1 - - [28/Jan/2026 08:58:21] "[35m[1mGET /static/audio/369_basin.mp3 HTTP/1.1[0m" 206 -
2026-01-28 08:58:23 INFO app [req=9c4f49a6fb2c528f-LAX] GET /static/js/unfamiliar_words.js -> 304 (0ms)
2026-01-28 08:58:23 INFO werkzeug [req=-] 127.0.0.1 - - [28/Jan/2026 08:58:23] "[36mGET /static/js/unfamiliar_words.js HTTP/1.1[0m" 304 -
2026-01-28 08:58:28 INFO app [req=9c4f49c9acbd528f-LAX] GET /static/audio/369_basin.mp3 -> 206 (0ms)
2026-01-28 08:58:28 INFO werkzeug [req=-] 127.0.0.1 - - [28/Jan/2026 08:58:28] "[35m[1mGET /static/audio/369_basin.mp3 HTTP/1.1[0m" 206 -
2026-01-28 08:59:41 INFO app [req=9c4f4b8e1b34ef7a-LAX] POST /session/aa01fbc3259c47b8abae020a6c5defa6/grade -> 200 (8ms)
2026-01-28 08:59:41 INFO werkzeug [req=-] 127.0.0.1 - - [28/Jan/2026 08:59:41] "POST /session/aa01fbc3259c47b8abae020a6c5defa6/grade HTTP/1.1" 200 -
2026-01-28 08:59:43 INFO app [req=9c4f4b9bbe22ef7a-LAX] GET /session -> 200 (7ms)
2026-01-28 08:59:43 INFO werkzeug [req=-] 127.0.0.1 - - [28/Jan/2026 08:59:43] "GET /session HTTP/1.1" 200 -
2026-01-28 08:59:44 INFO app [req=9c4f4b9fcee0ef7a-LAX] GET /static/css/unfamiliar_words.css -> 304 (0ms)
2026-01-28 08:59:44 INFO werkzeug [req=-] 127.0.0.1 - - [28/Jan/2026 08:59:44] "[36mGET /static/css/unfamiliar_words.css HTTP/1.1[0m" 304 -
2026-01-28 08:59:44 INFO app [req=9c4f4ba00eeaef7a-LAX] GET /static/audio/283_aspect.mp3 -> 200 (0ms)
2026-01-28 08:59:44 INFO werkzeug [req=-] 127.0.0.1 - - [28/Jan/2026 08:59:44] "GET /static/audio/283_aspect.mp3 HTTP/1.1" 200 -
2026-01-28 08:59:44 INFO app [req=9c4f4ba04ef9ef7a-LAX] GET /static/js/unfamiliar_words.js -> 304 (0ms)
2026-01-28 08:59:44 INFO werkzeug [req=-] 127.0.0.1 - - [28/Jan/2026 08:59:44] "[36mGET /static/js/unfamiliar_words.js HTTP/1.1[0m" 304 -
2026-01-28 08:59:44 INFO app [req=9c4f4ba36f95ef7a-LAX] GET /static/audio/283_aspect.mp3 -> 206 (0ms)
2026-01-28 08:59:44 INFO werkzeug [req=-] 127.0.0.1 - - [28/Jan/2026 08:59:44] "[35m[1mGET /static/audio/283_aspect.mp3 HTTP/1.1[0m" 206 -
2026-01-28 08:59:45 INFO app [req=9c4f4ba7388fef7a-LAX] GET /static/audio/283_aspect.mp3 -> 206 (0ms)
2026-01-28 08:59:45 INFO werkzeug [req=-] 127.0.0.1 - - [28/Jan/2026 08:59:45] "[35m[1mGET /static/audio/283_aspect.mp3 HTTP/1.1[0m" 206 -
2026-01-28 08:59:47 INFO app [req=9c4f4bb24a97ef7a-LAX] GET /favicon.ico -> 404 (0ms)
2026-01-28 08:59:47 INFO werkzeug [req=-] 127.0.0.1 - - [28/Jan/2026 08:59:47] "[33mGET /favicon.ico HTTP/1.1[0m" 404 -
2026-01-28 08:59:59 INFO app [req=9c4f4c022a57ef7a-LAX] POST /session/aa01fbc3259c47b8abae020a6c5defa6/grade -> 200 (6ms)
2026-01-28 08:59:59 INFO werkzeug [req=-] 127.0.0.1 - - [28/Jan/2026 08:59:59] "POST /session/aa01fbc3259c47b8abae020a6c5defa6/grade HTTP/1.1" 200 -
2026-01-28 09:00:01 INFO app [req=9c4f4c102d27ef7a-LAX] GET /session -> 200 (4ms)
2026-01-28 09:00:01 INFO werkzeug [req=-] 127.0.0.1 - - [28/Jan/2026 09:00:01] "GET /session HTTP/1.1" 200 -
2026-01-28 09:00:02 INFO app [req=9c4f4c149e4fef7a-LAX] GET /static/css/unfamiliar_words.css -> 304 (1ms)
2026-01-28 09:00:02 INFO app [req=9c4f4c149e50ef7a-LAX] GET /static/js/unfamiliar_words.js -> 304 (0ms)
2026-01-28 09:00:02 INFO werkzeug [req=-] 127.0.0.1 - - [28/Jan/2026 09:00:02] "[36mGET /static/css/unfamiliar_words.css HTTP/1.1[0m" 304 -
2026-01-28 09:00:02 INFO werkzeug [req=-] 127.0.0.1 - - [28/Jan/2026 09:00:02] "[36mGET /static/js/unfamiliar_words.js HTTP/1.1[0m" 304 -
2026-01-28 09:00:02 INFO app [req=9c4f4c149e51ef7a-LAX] GET /static/audio/369_basin.mp3 -> 206 (0ms)
2026-01-28 09:00:02 INFO werkzeug [req=-] 127.0.0.1 - - [28/Jan/2026 09:00:02] "[35m[1mGET /static/audio/369_basin.mp3 HTTP/1.1[0m" 206 -
2026-01-28 09:00:03 INFO app [req=9c4f4c190800ef7a-LAX] GET /static/audio/369_basin.mp3 -> 206 (0ms)
2026-01-28 09:00:03 INFO werkzeug [req=-] 127.0.0.1 - - [28/Jan/2026 09:00:03] "[35m[1mGET /static/audio/369_basin.mp3 HTTP/1.1[0m" 206 -
2026-01-28 09:00:04 INFO app [req=9c4f4c1d7911ef7a-LAX] GET /static/audio/369_basin.mp3 -> 206 (0ms)
2026-01-28 09:00:04 INFO werkzeug [req=-] 127.0.0.1 - - [28/Jan/2026 09:00:04] "[35m[1mGET /static/audio/369_basin.mp3 HTTP/1.1[0m" 206 -
2026-01-28 09:00:07 INFO app [req=9c4f4c312c7fef7a-LAX] POST /session/aa01fbc3259c47b8abae020a6c5defa6/grade -> 200 (7ms)
2026-01-28 09:00:07 INFO werkzeug [req=-] 127.0.0.1 - - [28/Jan/2026 09:00:07] "POST /session/aa01fbc3259c47b8abae020a6c5defa6/grade HTTP/1.1" 200 -
2026-01-28 09:00:09 INFO app [req=9c4f4c3f0f77ef7a-LAX] GET /session -> 200 (7ms)
2026-01-28 09:00:09 INFO werkzeug [req=-] 127.0.0.1 - - [28/Jan/2026 09:00:09] "GET /session HTTP/1.1" 200 -
2026-01-28 09:00:10 INFO app [req=9c4f4c445878ef7a-LAX] GET /static/audio/283_aspect.mp3 -> 206 (0ms)
2026-01-28 09:00:10 INFO app [req=9c4f4c445877ef7a-LAX] GET /static/js/unfamiliar_words.js -> 304 (1ms)
2026-01-28 09:00:10 INFO werkzeug [req=-] 127.0.0.1 - - [28/Jan/2026 09:00:10] "[35m[1mGET /static/audio/283_aspect.mp3 HTTP/1.1[0m" 206 -
2026-01-28 09:00:10 INFO werkzeug [req=-] 127.0.0.1 - - [28/Jan/2026 09:00:10] "[36mGET /static/js/unfamiliar_words.js HTTP/1.1[0m" 304 -
2026-01-28 09:00:10 INFO app [req=9c4f4c444873ef7a-LAX] GET /static/css/unfamiliar_words.css -> 304 (0ms)
2026-01-28 09:00:10 INFO werkzeug [req=-] 127.0.0.1 - - [28/Jan/2026 09:00:10] "[36mGET /static/css/unfamiliar_words.css HTTP/1.1[0m" 304 -
2026-01-28 09:00:10 INFO app [req=9c4f4c47e92aef7a-LAX] GET /static/audio/283_aspect.mp3 -> 206 (0ms)
2026-01-28 09:00:10 INFO werkzeug [req=-] 127.0.0.1 - - [28/Jan/2026 09:00:10] "[35m[1mGET /static/audio/283_aspect.mp3 HTTP/1.1[0m" 206 -
2026-01-28 09:00:11 INFO app [req=9c4f4c4c29bdef7a-LAX] GET /static/audio/283_aspect.mp3 -> 206 (0ms)
2026-01-28 09:00:11 INFO werkzeug [req=-] 127.0.0.1 - - [28/Jan/2026 09:00:11] "[35m[1mGET /static/audio/283_aspect.mp3 HTTP/1.1[0m" 206 -
2026-01-28 09:00:13 INFO app [req=9c4f4c580b95ef7a-LAX] GET /favicon.ico -> 404 (0ms)
2026-01-28 09:00:13 INFO werkzeug [req=-] 127.0.0.1 - - [28/Jan/2026 09:00:13] "[33mGET /favicon.ico HTTP/1.1[0m" 404 -
2026-01-28 09:00:17 INFO app [req=9c4f4c721fc5ef7a-LAX] POST /session/aa01fbc3259c47b8abae020a6c5defa6/grade -> 200 (7ms)
2026-01-28 09:00:17 INFO werkzeug [req=-] 127.0.0.1 - - [28/Jan/2026 09:00:17] "POST /session/aa01fbc3259c47b8abae020a6c5defa6/grade HTTP/1.1" 200 -
2026-01-28 09:00:19 INFO app [req=9c4f4c7feabaef7a-LAX] GET /session -> 200 (7ms)
2026-01-28 09:00:19 INFO werkzeug [req=-] 127.0.0.1 - - [28/Jan/2026 09:00:19] "GET /session HTTP/1.1" 200 -
2026-01-28 09:00:20 INFO app [req=9c4f4c849b71ef7a-LAX] GET /static/js/unfamiliar_words.js -> 304 (0ms)
2026-01-28 09:00:20 INFO werkzeug [req=-] 127.0.0.1 - - [28/Jan/2026 09:00:20] "[36mGET /static/js/unfamiliar_words.js HTTP/1.1[0m" 304 -
2026-01-28 09:00:21 INFO app [req=9c4f4c88ac2fef7a-LAX] GET /static/css/unfamiliar_words.css -> 304 (0ms)
2026-01-28 09:00:21 INFO werkzeug [req=-] 127.0.0.1 - - [28/Jan/2026 09:00:21] "[36mGET /static/css/unfamiliar_words.css HTTP/1.1[0m" 304 -
2026-01-28 09:00:21 INFO app [req=9c4f4c8c0cdcef7a-LAX] GET /static/audio/323_auspice.mp3 -> 200 (0ms)
2026-01-28 09:00:21 INFO werkzeug [req=-] 127.0.0.1 - - [28/Jan/2026 09:00:21] "GET /static/audio/323_auspice.mp3 HTTP/1.1" 200 -
2026-01-28 09:00:22 INFO app [req=9c4f4c912dc8ef7a-LAX] GET /static/audio/323_auspice.mp3 -> 206 (0ms)
2026-01-28 09:00:22 INFO werkzeug [req=-] 127.0.0.1 - - [28/Jan/2026 09:00:22] "[35m[1mGET /static/audio/323_auspice.mp3 HTTP/1.1[0m" 206 -
2026-01-28 09:00:25 INFO app [req=9c4f4ca5d9f4ef7a-LAX] GET /favicon.ico -> 404 (0ms)
2026-01-28 09:00:25 INFO werkzeug [req=-] 127.0.0.1 - - [28/Jan/2026 09:00:25] "[33mGET /favicon.ico HTTP/1.1[0m" 404 -
2026-01-28 09:00:31 INFO app [req=9c4f4cca481eef7a-LAX] POST /session/aa01fbc3259c47b8abae020a6c5defa6/grade -> 200 (7ms)
2026-01-28 09:00:31 INFO werkzeug [req=-] 127.0.0.1 - - [28/Jan/2026 09:00:31] "POST /session/aa01fbc3259c47b8abae020a6c5defa6/grade HTTP/1.1" 200 -
2026-01-28 09:00:33 INFO app [req=9c4f4cd78a67ef7a-LAX] GET /session -> 200 (8ms)
2026-01-28 09:00:33 INFO werkzeug [req=-] 127.0.0.1 - - [28/Jan/2026 09:00:33] "GET /session HTTP/1.1" 200 -
2026-01-28 09:00:34 INFO app [req=9c4f4cdc9b3eef7a-LAX] GET /static/js/unfamiliar_words.js -> 304 (0ms)
2026-01-28 09:00:34 INFO app [req=9c4f4cdc9b3cef7a-LAX] GET /static/css/unfamiliar_words.css -> 304 (1ms)
2026-01-28 09:00:34 INFO werkzeug [req=-] 127.0.0.1 - - [28/Jan/2026 09:00:34] "[36mGET /static/js/unfamiliar_words.js HTTP/1.1[0m" 304 -
2026-01-28 09:00:34 INFO werkzeug [req=-] 127.0.0.1 - - [28/Jan/2026 09:00:34] "[36mGET /static/css/unfamiliar_words.css HTTP/1.1[0m" 304 -
2026-01-28 09:00:34 INFO app [req=9c4f4cdcab46ef7a-LAX] GET /static/audio/106_accost.mp3 -> 200 (0ms)
2026-01-28 09:00:34 INFO werkzeug [req=-] 127.0.0.1 - - [28/Jan/2026 09:00:34] "GET /static/audio/106_accost.mp3 HTTP/1.1" 200 -
2026-01-28 09:00:35 INFO app [req=9c4f4ce07c22ef7a-LAX] GET /static/audio/106_accost.mp3 -> 206 (0ms)
2026-01-28 09:00:35 INFO werkzeug [req=-] 127.0.0.1 - - [28/Jan/2026 09:00:35] "[35m[1mGET /static/audio/106_accost.mp3 HTTP/1.1[0m" 206 -
2026-01-28 09:00:36 INFO app [req=9c4f4ce53d3aef7a-LAX] GET /static/audio/106_accost.mp3 -> 206 (0ms)
2026-01-28 09:00:36 INFO werkzeug [req=-] 127.0.0.1 - - [28/Jan/2026 09:00:36] "[35m[1mGET /static/audio/106_accost.mp3 HTTP/1.1[0m" 206 -
2026-01-28 09:00:54 INFO app [req=9c4f4d56ecc8ef7a-LAX] POST /session/aa01fbc3259c47b8abae020a6c5defa6/grade -> 200 (5ms)
2026-01-28 09:00:54 INFO werkzeug [req=-] 127.0.0.1 - - [28/Jan/2026 09:00:54] "POST /session/aa01fbc3259c47b8abae020a6c5defa6/grade HTTP/1.1" 200 -
2026-01-28 09:00:56 INFO app [req=9c4f4d65f840ef7a-LAX] GET /session -> 200 (5ms)
2026-01-28 09:00:56 INFO werkzeug [req=-] 127.0.0.1 - - [28/Jan/2026 09:00:56] "GET /session HTTP/1.1" 200 -
2026-01-28 09:00:57 INFO app [req=9c4f4d6a793aef7a-LAX] GET /static/js/unfamiliar_words.js -> 304 (0ms)
2026-01-28 09:00:57 INFO werkzeug [req=-] 127.0.0.1 - - [28/Jan/2026 09:00:57] "[36mGET /static/js/unfamiliar_words.js HTTP/1.1[0m" 304 -
2026-01-28 09:00:57 INFO app [req=9c4f4d6a9940ef7a-LAX] GET /static/audio/323_auspice.mp3 -> 206 (0ms)
2026-01-28 09:00:57 INFO werkzeug [req=-] 127.0.0.1 - - [28/Jan/2026 09:00:57] "[35m[1mGET /static/audio/323_auspice.mp3 HTTP/1.1[0m" 206 -
2026-01-28 09:00:58 INFO app [req=9c4f4d6e7a14ef7a-LAX] GET /static/audio/323_auspice.mp3 -> 206 (0ms)
2026-01-28 09:00:58 INFO werkzeug [req=-] 127.0.0.1 - - [28/Jan/2026 09:00:58] "[35m[1mGET /static/audio/323_auspice.mp3 HTTP/1.1[0m" 206 -
2026-01-28 09:00:58 INFO app [req=9c4f4d727b1aef7a-LAX] GET /static/css/unfamiliar_words.css -> 304 (0ms)
2026-01-28 09:00:58 INFO werkzeug [req=-] 127.0.0.1 - - [28/Jan/2026 09:00:58] "[36mGET /static/css/unfamiliar_words.css HTTP/1.1[0m" 304 -
2026-01-28 09:00:58 INFO app [req=9c4f4d72eb2eef7a-LAX] GET /static/audio/323_auspice.mp3 -> 206 (0ms)
2026-01-28 09:00:58 INFO werkzeug [req=-] 127.0.0.1 - - [28/Jan/2026 09:00:58] "[35m[1mGET /static/audio/323_auspice.mp3 HTTP/1.1[0m" 206 -
2026-01-28 09:01:00 INFO app [req=9c4f4d7f4d9fef7a-LAX] GET /favicon.ico -> 404 (0ms)
2026-01-28 09:01:00 INFO werkzeug [req=-] 127.0.0.1 - - [28/Jan/2026 09:01:00] "[33mGET /favicon.ico HTTP/1.1[0m" 404 -
2026-01-28 09:01:47 INFO app [req=9c4f4ea07e0fef7a-LAX] POST /session/aa01fbc3259c47b8abae020a6c5defa6/grade -> 200 (11ms)
2026-01-28 09:01:47 INFO werkzeug [req=-] 127.0.0.1 - - [28/Jan/2026 09:01:47] "POST /session/aa01fbc3259c47b8abae020a6c5defa6/grade HTTP/1.1" 200 -
2026-01-28 09:01:49 INFO app [req=9c4f4eae68b4ef7a-LAX] GET /session -> 200 (7ms)
2026-01-28 09:01:49 INFO werkzeug [req=-] 127.0.0.1 - - [28/Jan/2026 09:01:49] "GET /session HTTP/1.1" 200 -
2026-01-28 09:01:49 INFO app [req=9c4f4eb19979ef7a-LAX] GET /static/css/unfamiliar_words.css -> 304 (0ms)
2026-01-28 09:01:49 INFO werkzeug [req=-] 127.0.0.1 - - [28/Jan/2026 09:01:49] "[36mGET /static/css/unfamiliar_words.css HTTP/1.1[0m" 304 -
2026-01-28 09:01:49 INFO app [req=9c4f4eb1a982ef7a-LAX] GET /static/js/unfamiliar_words.js -> 304 (0ms)
2026-01-28 09:01:49 INFO werkzeug [req=-] 127.0.0.1 - - [28/Jan/2026 09:01:49] "[36mGET /static/js/unfamiliar_words.js HTTP/1.1[0m" 304 -
2026-01-28 09:01:49 INFO app [req=9c4f4eb1997aef7a-LAX] GET /static/audio/106_accost.mp3 -> 206 (0ms)
2026-01-28 09:01:49 INFO werkzeug [req=-] 127.0.0.1 - - [28/Jan/2026 09:01:49] "[35m[1mGET /static/audio/106_accost.mp3 HTTP/1.1[0m" 206 -
2026-01-28 09:01:50 INFO app [req=9c4f4eb489e8ef7a-LAX] GET /static/audio/106_accost.mp3 -> 206 (0ms)
2026-01-28 09:01:50 INFO werkzeug [req=-] 127.0.0.1 - - [28/Jan/2026 09:01:50] "[35m[1mGET /static/audio/106_accost.mp3 HTTP/1.1[0m" 206 -
2026-01-28 09:01:50 INFO app [req=9c4f4eb8fb7cef7a-LAX] GET /static/audio/106_accost.mp3 -> 206 (0ms)
2026-01-28 09:01:50 INFO werkzeug [req=-] 127.0.0.1 - - [28/Jan/2026 09:01:50] "[35m[1mGET /static/audio/106_accost.mp3 HTTP/1.1[0m" 206 -
2026-01-28 09:02:34 INFO app [req=9c4f4fc7ce52ef7a-LAX] GET /favicon.ico -> 404 (0ms)
2026-01-28 09:02:34 INFO werkzeug [req=-] 127.0.0.1 - - [28/Jan/2026 09:02:34] "[33mGET /favicon.ico HTTP/1.1[0m" 404 -
2026-01-28 09:02:53 INFO app [req=9c4f50408b2fef7a-LAX] POST /session/aa01fbc3259c47b8abae020a6c5defa6/grade -> 200 (7ms)
2026-01-28 09:02:53 INFO werkzeug [req=-] 127.0.0.1 - - [28/Jan/2026 09:02:53] "POST /session/aa01fbc3259c47b8abae020a6c5defa6/grade HTTP/1.1" 200 -
2026-01-28 09:02:55 INFO app [req=9c4f504e4e06ef7a-LAX] GET /session -> 200 (7ms)
2026-01-28 09:02:55 INFO werkzeug [req=-] 127.0.0.1 - - [28/Jan/2026 09:02:55] "GET /session HTTP/1.1" 200 -
2026-01-28 09:02:56 INFO app [req=9c4f50527e86ef7a-LAX] GET /static/css/unfamiliar_words.css -> 304 (0ms)
2026-01-28 09:02:56 INFO werkzeug [req=-] 127.0.0.1 - - [28/Jan/2026 09:02:56] "[36mGET /static/css/unfamiliar_words.css HTTP/1.1[0m" 304 -
2026-01-28 09:02:56 INFO app [req=9c4f5052be8def7a-LAX] GET /static/audio/323_auspice.mp3 -> 206 (0ms)
2026-01-28 09:02:56 INFO werkzeug [req=-] 127.0.0.1 - - [28/Jan/2026 09:02:56] "[35m[1mGET /static/audio/323_auspice.mp3 HTTP/1.1[0m" 206 -
2026-01-28 09:02:57 INFO app [req=9c4f5056ff49ef7a-LAX] GET /static/audio/323_auspice.mp3 -> 206 (0ms)
2026-01-28 09:02:57 INFO werkzeug [req=-] 127.0.0.1 - - [28/Jan/2026 09:02:57] "[35m[1mGET /static/audio/323_auspice.mp3 HTTP/1.1[0m" 206 -
2026-01-28 09:02:57 INFO app [req=9c4f505ae84eef7a-LAX] GET /static/js/unfamiliar_words.js -> 304 (0ms)
2026-01-28 09:02:57 INFO werkzeug [req=-] 127.0.0.1 - - [28/Jan/2026 09:02:57] "[36mGET /static/js/unfamiliar_words.js HTTP/1.1[0m" 304 -
2026-01-28 09:02:59 INFO app [req=9c4f506429d7ef7a-LAX] GET /favicon.ico -> 404 (0ms)
2026-01-28 09:02:59 INFO werkzeug [req=-] 127.0.0.1 - - [28/Jan/2026 09:02:59] "[33mGET /favicon.ico HTTP/1.1[0m" 404 -
2026-01-28 09:03:02 INFO app [req=9c4f5077cda9ef7a-LAX] POST /session/aa01fbc3259c47b8abae020a6c5defa6/grade -> 200 (8ms)
2026-01-28 09:03:02 INFO werkzeug [req=-] 127.0.0.1 - - [28/Jan/2026 09:03:02] "POST /session/aa01fbc3259c47b8abae020a6c5defa6/grade HTTP/1.1" 200 -
2026-01-28 09:03:04 INFO app [req=9c4f5084c834ef7a-LAX] GET /session -> 200 (7ms)
2026-01-28 09:03:04 INFO werkzeug [req=-] 127.0.0.1 - - [28/Jan/2026 09:03:04] "GET /session HTTP/1.1" 200 -
2026-01-28 09:03:05 INFO app [req=9c4f5088b9d4ef7a-LAX] GET /static/js/unfamiliar_words.js -> 304 (0ms)
2026-01-28 09:03:05 INFO werkzeug [req=-] 127.0.0.1 - - [28/Jan/2026 09:03:05] "[36mGET /static/js/unfamiliar_words.js HTTP/1.1[0m" 304 -
2026-01-28 09:03:05 INFO app [req=9c4f508b2aa2ef7a-LAX] GET /static/css/unfamiliar_words.css -> 304 (0ms)
2026-01-28 09:03:05 INFO werkzeug [req=-] 127.0.0.1 - - [28/Jan/2026 09:03:05] "[36mGET /static/css/unfamiliar_words.css HTTP/1.1[0m" 304 -
2026-01-28 09:03:05 INFO app [req=9c4f508b4aa9ef7a-LAX] GET /static/audio/106_accost.mp3 -> 206 (0ms)
2026-01-28 09:03:05 INFO werkzeug [req=-] 127.0.0.1 - - [28/Jan/2026 09:03:05] "[35m[1mGET /static/audio/106_accost.mp3 HTTP/1.1[0m" 206 -
2026-01-28 09:03:07 INFO app [req=9c4f5099cef5ef7a-LAX] GET /static/audio/106_accost.mp3 -> 206 (0ms)
2026-01-28 09:03:07 INFO werkzeug [req=-] 127.0.0.1 - - [28/Jan/2026 09:03:07] "[35m[1mGET /static/audio/106_accost.mp3 HTTP/1.1[0m" 206 -
2026-01-28 09:03:08 INFO app [req=9c4f509e780cef7a-LAX] GET /static/audio/106_accost.mp3 -> 206 (0ms)
2026-01-28 09:03:08 INFO werkzeug [req=-] 127.0.0.1 - - [28/Jan/2026 09:03:08] "[35m[1mGET /static/audio/106_accost.mp3 HTTP/1.1[0m" 206 -
2026-01-28 09:03:11 INFO app [req=9c4f50b05b49ef7a-LAX] POST /session/aa01fbc3259c47b8abae020a6c5defa6/grade -> 200 (8ms)
2026-01-28 09:03:11 INFO werkzeug [req=-] 127.0.0.1 - - [28/Jan/2026 09:03:11] "POST /session/aa01fbc3259c47b8abae020a6c5defa6/grade HTTP/1.1" 200 -
2026-01-28 09:03:13 INFO app [req=9c4f50be0d80ef7a-LAX] GET /session -> 200 (7ms)
2026-01-28 09:03:13 INFO werkzeug [req=-] 127.0.0.1 - - [28/Jan/2026 09:03:13] "GET /session HTTP/1.1" 200 -
2026-01-28 09:03:14 INFO app [req=9c4f50c29eecef7a-LAX] GET /static/css/unfamiliar_words.css -> 304 (0ms)
2026-01-28 09:03:14 INFO werkzeug [req=-] 127.0.0.1 - - [28/Jan/2026 09:03:14] "[36mGET /static/css/unfamiliar_words.css HTTP/1.1[0m" 304 -
2026-01-28 09:03:14 INFO app [req=9c4f50c2aef6ef7a-LAX] GET /static/js/unfamiliar_words.js -> 304 (0ms)
2026-01-28 09:03:14 INFO werkzeug [req=-] 127.0.0.1 - - [28/Jan/2026 09:03:14] "[36mGET /static/js/unfamiliar_words.js HTTP/1.1[0m" 304 -
2026-01-28 09:03:14 INFO app [req=9c4f50c2aef4ef7a-LAX] GET /static/audio/226_annotate.mp3 -> 200 (0ms)
2026-01-28 09:03:14 INFO werkzeug [req=-] 127.0.0.1 - - [28/Jan/2026 09:03:14] "GET /static/audio/226_annotate.mp3 HTTP/1.1" 200 -
2026-01-28 09:03:15 INFO app [req=9c4f50c69ff2ef7a-LAX] GET /static/audio/226_annotate.mp3 -> 206 (0ms)
2026-01-28 09:03:15 INFO werkzeug [req=-] 127.0.0.1 - - [28/Jan/2026 09:03:15] "[35m[1mGET /static/audio/226_annotate.mp3 HTTP/1.1[0m" 206 -
2026-01-28 09:03:18 INFO app [req=9c4f50d9fb3cef7a-LAX] GET /favicon.ico -> 404 (0ms)
2026-01-28 09:03:18 INFO werkzeug [req=-] 127.0.0.1 - - [28/Jan/2026 09:03:18] "[33mGET /favicon.ico HTTP/1.1[0m" 404 -
2026-01-28 09:03:21 INFO app [req=9c4f50f02814ef7a-LAX] POST /session/aa01fbc3259c47b8abae020a6c5defa6/grade -> 200 (8ms)
2026-01-28 09:03:21 INFO werkzeug [req=-] 127.0.0.1 - - [28/Jan/2026 09:03:21] "POST /session/aa01fbc3259c47b8abae020a6c5defa6/grade HTTP/1.1" 200 -
2026-01-28 09:03:23 INFO app [req=9c4f50fd9c36ef7a-LAX] GET /session -> 200 (7ms)
2026-01-28 09:03:23 INFO werkzeug [req=-] 127.0.0.1 - - [28/Jan/2026 09:03:23] "GET /session HTTP/1.1" 200 -
2026-01-28 09:03:24 INFO app [req=9c4f5101dd20ef7a-LAX] GET /static/css/unfamiliar_words.css -> 304 (0ms)
2026-01-28 09:03:24 INFO werkzeug [req=-] 127.0.0.1 - - [28/Jan/2026 09:03:24] "[36mGET /static/css/unfamiliar_words.css HTTP/1.1[0m" 304 -
2026-01-28 09:03:24 INFO app [req=9c4f5101ed26ef7a-LAX] GET /static/audio/106_accost.mp3 -> 206 (0ms)
2026-01-28 09:03:24 INFO werkzeug [req=-] 127.0.0.1 - - [28/Jan/2026 09:03:24] "[35m[1mGET /static/audio/106_accost.mp3 HTTP/1.1[0m" 206 -
2026-01-28 09:03:24 INFO app [req=9c4f51020d2def7a-LAX] GET /static/js/unfamiliar_words.js -> 304 (0ms)
2026-01-28 09:03:24 INFO werkzeug [req=-] 127.0.0.1 - - [28/Jan/2026 09:03:24] "[36mGET /static/js/unfamiliar_words.js HTTP/1.1[0m" 304 -
2026-01-28 09:03:25 INFO app [req=9c4f51062dc1ef7a-LAX] GET /static/audio/106_accost.mp3 -> 206 (0ms)
2026-01-28 09:03:25 INFO werkzeug [req=-] 127.0.0.1 - - [28/Jan/2026 09:03:25] "[35m[1mGET /static/audio/106_accost.mp3 HTTP/1.1[0m" 206 -
2026-01-28 09:03:27 INFO app [req=9c4f5117089cef7a-LAX] GET /favicon.ico -> 404 (0ms)
2026-01-28 09:03:27 INFO werkzeug [req=-] 127.0.0.1 - - [28/Jan/2026 09:03:27] "[33mGET /favicon.ico HTTP/1.1[0m" 404 -
2026-01-28 09:03:31 INFO app [req=9c4f512fccc3ef7a-LAX] POST /session/aa01fbc3259c47b8abae020a6c5defa6/grade -> 200 (7ms)
2026-01-28 09:03:31 INFO werkzeug [req=-] 127.0.0.1 - - [28/Jan/2026 09:03:31] "POST /session/aa01fbc3259c47b8abae020a6c5defa6/grade HTTP/1.1" 200 -
2026-01-28 09:03:33 INFO app [req=9c4f513cff4cef7a-LAX] GET /session -> 200 (7ms)
2026-01-28 09:03:33 INFO werkzeug [req=-] 127.0.0.1 - - [28/Jan/2026 09:03:33] "GET /session HTTP/1.1" 200 -
2026-01-28 09:03:35 INFO app [req=9c4f5146993def7a-LAX] GET /static/js/unfamiliar_words.js -> 304 (0ms)
2026-01-28 09:03:35 INFO app [req=9c4f5146993cef7a-LAX] GET /static/css/unfamiliar_words.css -> 304 (0ms)
2026-01-28 09:03:35 INFO werkzeug [req=-] 127.0.0.1 - - [28/Jan/2026 09:03:35] "[36mGET /static/js/unfamiliar_words.js HTTP/1.1[0m" 304 -
2026-01-28 09:03:35 INFO werkzeug [req=-] 127.0.0.1 - - [28/Jan/2026 09:03:35] "[36mGET /static/css/unfamiliar_words.css HTTP/1.1[0m" 304 -
2026-01-28 09:03:35 INFO app [req=9c4f5146b946ef7a-LAX] GET /static/audio/226_annotate.mp3 -> 206 (0ms)
2026-01-28 09:03:35 INFO werkzeug [req=-] 127.0.0.1 - - [28/Jan/2026 09:03:35] "[35m[1mGET /static/audio/226_annotate.mp3 HTTP/1.1[0m" 206 -
2026-01-28 09:03:36 INFO app [req=9c4f514b1a2eef7a-LAX] GET /static/audio/226_annotate.mp3 -> 206 (0ms)
2026-01-28 09:03:36 INFO werkzeug [req=-] 127.0.0.1 - - [28/Jan/2026 09:03:36] "[35m[1mGET /static/audio/226_annotate.mp3 HTTP/1.1[0m" 206 -
2026-01-28 09:05:08 INFO app [req=9c4f538aeb51ef7a-LAX] GET /favicon.ico -> 404 (0ms)
2026-01-28 09:05:08 INFO werkzeug [req=-] 127.0.0.1 - - [28/Jan/2026 09:05:08] "[33mGET /favicon.ico HTTP/1.1[0m" 404 -
2026-01-28 09:05:13 INFO app [req=9c4f53ad2aa5ef7a-LAX] POST /session/aa01fbc3259c47b8abae020a6c5defa6/grade -> 200 (8ms)
2026-01-28 09:05:13 INFO werkzeug [req=-] 127.0.0.1 - - [28/Jan/2026 09:05:13] "POST /session/aa01fbc3259c47b8abae020a6c5defa6/grade HTTP/1.1" 200 -
2026-01-28 09:05:15 INFO app [req=9c4f53b9ecf7ef7a-LAX] GET /session -> 200 (7ms)
2026-01-28 09:05:15 INFO werkzeug [req=-] 127.0.0.1 - - [28/Jan/2026 09:05:15] "GET /session HTTP/1.1" 200 -
2026-01-28 09:05:16 INFO app [req=9c4f53be9db6ef7a-LAX] GET /static/js/unfamiliar_words.js -> 304 (0ms)
2026-01-28 09:05:16 INFO werkzeug [req=-] 127.0.0.1 - - [28/Jan/2026 09:05:16] "[36mGET /static/js/unfamiliar_words.js HTTP/1.1[0m" 304 -
2026-01-28 09:05:16 INFO app [req=9c4f53beadbcef7a-LAX] GET /static/audio/106_accost.mp3 -> 206 (0ms)
2026-01-28 09:05:16 INFO werkzeug [req=-] 127.0.0.1 - - [28/Jan/2026 09:05:16] "[35m[1mGET /static/audio/106_accost.mp3 HTTP/1.1[0m" 206 -
2026-01-28 09:05:17 INFO app [req=9c4f53c27e62ef7a-LAX] GET /static/css/unfamiliar_words.css -> 304 (0ms)
2026-01-28 09:05:17 INFO werkzeug [req=-] 127.0.0.1 - - [28/Jan/2026 09:05:17] "[36mGET /static/css/unfamiliar_words.css HTTP/1.1[0m" 304 -
2026-01-28 09:05:17 INFO app [req=9c4f53c34e8bef7a-LAX] GET /static/audio/106_accost.mp3 -> 206 (0ms)
2026-01-28 09:05:17 INFO werkzeug [req=-] 127.0.0.1 - - [28/Jan/2026 09:05:17] "[35m[1mGET /static/audio/106_accost.mp3 HTTP/1.1[0m" 206 -
2026-01-28 09:05:19 INFO app [req=9c4f53d0089def7a-LAX] GET /favicon.ico -> 404 (0ms)
2026-01-28 09:05:19 INFO werkzeug [req=-] 127.0.0.1 - - [28/Jan/2026 09:05:19] "[33mGET /favicon.ico HTTP/1.1[0m" 404 -
2026-01-28 09:07:09 INFO app [req=9c4f567eac82ef7a-LAX] POST /session/aa01fbc3259c47b8abae020a6c5defa6/grade -> 200 (9ms)
2026-01-28 09:07:09 INFO werkzeug [req=-] 127.0.0.1 - - [28/Jan/2026 09:07:09] "POST /session/aa01fbc3259c47b8abae020a6c5defa6/grade HTTP/1.1" 200 -
2026-01-28 09:07:11 INFO app [req=9c4f568c1ecdef7a-LAX] GET /session -> 200 (7ms)
2026-01-28 09:07:11 INFO werkzeug [req=-] 127.0.0.1 - - [28/Jan/2026 09:07:11] "GET /session HTTP/1.1" 200 -
2026-01-28 09:07:13 INFO app [req=9c4f5697c8f7ef7a-LAX] GET /static/audio/144_admirable.mp3 -> 200 (0ms)
2026-01-28 09:07:13 INFO werkzeug [req=-] 127.0.0.1 - - [28/Jan/2026 09:07:13] "GET /static/audio/144_admirable.mp3 HTTP/1.1" 200 -
2026-01-28 09:07:13 INFO app [req=9c4f5697c8f8ef7a-LAX] GET /static/js/unfamiliar_words.js -> 304 (0ms)
2026-01-28 09:07:13 INFO werkzeug [req=-] 127.0.0.1 - - [28/Jan/2026 09:07:13] "[36mGET /static/js/unfamiliar_words.js HTTP/1.1[0m" 304 -
2026-01-28 09:07:13 INFO app [req=9c4f569b999eef7a-LAX] GET /static/css/unfamiliar_words.css -> 304 (0ms)
2026-01-28 09:07:13 INFO werkzeug [req=-] 127.0.0.1 - - [28/Jan/2026 09:07:13] "[36mGET /static/css/unfamiliar_words.css HTTP/1.1[0m" 304 -
2026-01-28 09:07:14 INFO app [req=9c4f569c79c4ef7a-LAX] GET /static/audio/144_admirable.mp3 -> 206 (0ms)
2026-01-28 09:07:14 INFO werkzeug [req=-] 127.0.0.1 - - [28/Jan/2026 09:07:14] "[35m[1mGET /static/audio/144_admirable.mp3 HTTP/1.1[0m" 206 -
2026-01-28 09:08:02 INFO app [req=9c4f57ccaf2fef7a-LAX] GET /favicon.ico -> 404 (0ms)
2026-01-28 09:08:02 INFO werkzeug [req=-] 127.0.0.1 - - [28/Jan/2026 09:08:02] "[33mGET /favicon.ico HTTP/1.1[0m" 404 -
2026-01-28 09:08:05 INFO app [req=9c4f57df4a23ef7a-LAX] POST /session/aa01fbc3259c47b8abae020a6c5defa6/grade -> 200 (8ms)
2026-01-28 09:08:05 INFO werkzeug [req=-] 127.0.0.1 - - [28/Jan/2026 09:08:05] "POST /session/aa01fbc3259c47b8abae020a6c5defa6/grade HTTP/1.1" 200 -
2026-01-28 09:08:07 INFO app [req=9c4f57ecdbabef7a-LAX] GET /session -> 200 (7ms)
2026-01-28 09:08:07 INFO werkzeug [req=-] 127.0.0.1 - - [28/Jan/2026 09:08:07] "GET /session HTTP/1.1" 200 -
2026-01-28 09:08:08 INFO app [req=9c4f57f09c55ef7a-LAX] GET /static/css/unfamiliar_words.css -> 304 (0ms)
2026-01-28 09:08:08 INFO werkzeug [req=-] 127.0.0.1 - - [28/Jan/2026 09:08:08] "[36mGET /static/css/unfamiliar_words.css HTTP/1.1[0m" 304 -
2026-01-28 09:08:08 INFO app [req=9c4f57f0ac59ef7a-LAX] GET /static/js/unfamiliar_words.js -> 304 (0ms)
2026-01-28 09:08:08 INFO werkzeug [req=-] 127.0.0.1 - - [28/Jan/2026 09:08:08] "[36mGET /static/js/unfamiliar_words.js HTTP/1.1[0m" 304 -
2026-01-28 09:08:09 INFO app [req=9c4f57f44d10ef7a-LAX] GET /static/audio/106_accost.mp3 -> 206 (0ms)
2026-01-28 09:08:09 INFO werkzeug [req=-] 127.0.0.1 - - [28/Jan/2026 09:08:09] "[35m[1mGET /static/audio/106_accost.mp3 HTTP/1.1[0m" 206 -
2026-01-28 09:08:09 INFO app [req=9c4f57f88dacef7a-LAX] GET /static/audio/106_accost.mp3 -> 206 (0ms)
2026-01-28 09:08:09 INFO werkzeug [req=-] 127.0.0.1 - - [28/Jan/2026 09:08:09] "[35m[1mGET /static/audio/106_accost.mp3 HTTP/1.1[0m" 206 -
2026-01-28 09:08:10 INFO app [req=9c4f57fd1e72ef7a-LAX] GET /static/audio/106_accost.mp3 -> 206 (0ms)
2026-01-28 09:08:10 INFO werkzeug [req=-] 127.0.0.1 - - [28/Jan/2026 09:08:10] "[35m[1mGET /static/audio/106_accost.mp3 HTTP/1.1[0m" 206 -
2026-01-28 09:08:20 INFO app [req=9c4f583d7a67ef7a-LAX] GET /favicon.ico -> 404 (0ms)
2026-01-28 09:08:20 INFO werkzeug [req=-] 127.0.0.1 - - [28/Jan/2026 09:08:20] "[33mGET /favicon.ico HTTP/1.1[0m" 404 -
2026-01-28 09:08:46 DEBUG gtts.tts [req=9c4f58db8af8ef7a-LAX] text: confederate
2026-01-28 09:08:46 DEBUG gtts.tts [req=9c4f58db8af8ef7a-LAX] tld: com
2026-01-28 09:08:46 DEBUG gtts.tts [req=9c4f58db8af8ef7a-LAX] lang: en
2026-01-28 09:08:46 DEBUG gtts.tts [req=9c4f58db8af8ef7a-LAX] slow: False
2026-01-28 09:08:46 DEBUG gtts.tts [req=9c4f58db8af8ef7a-LAX] lang_check: True
2026-01-28 09:08:46 DEBUG gtts.tts [req=9c4f58db8af8ef7a-LAX] pre_processor_funcs: [<function tone_marks at 0x7343f937b2e0>, <function end_of_line at 0x7343f91b74c0>, <function abbreviations at 0x7343f91b7560>, <function word_sub at 0x7343f91b7e20>]
2026-01-28 09:08:46 DEBUG gtts.tts [req=9c4f58db8af8ef7a-LAX] tokenizer_func: <bound method Tokenizer.run of re.compile('(?<=\\?).|(?<=!).|(?<=？).|(?<=！).|(?<!\\.[a-z])\\. |(?<!\\.[a-z]), |(?<!\\d):|¿|;|،|\\\n|：|—|、|¡|。|…|，|‥|\\]|\\(|\\)|\\[', re.IGNORECASE) from: [<function tone_marks at 0x7343f91b7ec0>, <function period_comma at 0x7343f91b7f60>, <function colon at 0x7343f91bc040>, <function other_punctuation at 0x7343f91bc0e0>]>
2026-01-28 09:08:46 DEBUG gtts.tts [req=9c4f58db8af8ef7a-LAX] timeout: None
2026-01-28 09:08:46 DEBUG gtts.lang [req=9c4f58db8af8ef7a-LAX] langs: {'af': 'Afrikaans', 'ar': 'Arabic', 'bg': 'Bulgarian', 'bn': 'Bengali', 'bs': 'Bosnian', 'ca': 'Catalan', 'cs': 'Czech', 'da': 'Danish', 'de': 'German', 'el': 'Greek', 'en': 'English', 'es': 'Spanish', 'et': 'Estonian', 'fi': 'Finnish', 'fr': 'French', 'gu': 'Gujarati', 'hi': 'Hindi', 'hr': 'Croatian', 'hu': 'Hungarian', 'id': 'Indonesian', 'is': 'Icelandic', 'it': 'Italian', 'iw': 'Hebrew', 'ja': 'Japanese', 'jw': 'Javanese', 'km': 'Khmer', 'kn': 'Kannada', 'ko': 'Korean', 'la': 'Latin', 'lv': 'Latvian', 'ml': 'Malayalam', 'mr': 'Marathi', 'ms': 'Malay', 'my': 'Myanmar (Burmese)', 'ne': 'Nepali', 'nl': 'Dutch', 'no': 'Norwegian', 'pl': 'Polish', 'pt': 'Portuguese', 'ro': 'Romanian', 'ru': 'Russian', 'si': 'Sinhala', 'sk': 'Slovak', 'sq': 'Albanian', 'sr': 'Serbian', 'su': 'Sundanese', 'sv': 'Swedish', 'sw': 'Swahili', 'ta': 'Tamil', 'te': 'Telugu', 'th': 'Thai', 'tl': 'Filipino', 'tr': 'Turkish', 'uk': 'Ukrainian', 'ur': 'Urdu', 'vi': 'Vietnamese', 'zh-CN': 'Chinese (Simplified)', 'zh-TW': 'Chinese (Mandarin/Taiwan)', 'zh': 'Chinese (Mandarin)'}
2026-01-28 09:08:46 DEBUG gtts.tts [req=9c4f58db8af8ef7a-LAX] pre-processing: <function tone_marks at 0x7343f937b2e0>
2026-01-28 09:08:46 DEBUG gtts.tts [req=9c4f58db8af8ef7a-LAX] pre-processing: <function end_of_line at 0x7343f91b74c0>
2026-01-28 09:08:46 DEBUG gtts.tts [req=9c4f58db8af8ef7a-LAX] pre-processing: <function abbreviations at 0x7343f91b7560>
2026-01-28 09:08:46 DEBUG gtts.tts [req=9c4f58db8af8ef7a-LAX] pre-processing: <function word_sub at 0x7343f91b7e20>
2026-01-28 09:08:46 DEBUG gtts.tts [req=9c4f58db8af8ef7a-LAX] text_parts: ['confederate']
2026-01-28 09:08:46 DEBUG gtts.tts [req=9c4f58db8af8ef7a-LAX] text_parts: 1
2026-01-28 09:08:46 DEBUG gtts.tts [req=9c4f58db8af8ef7a-LAX] data-0: f.req=%5B%5B%5B%22jQ1olc%22%2C%22%5B%5C%22confederate%5C%22%2C%5C%22en%5C%22%2Cnull%2C%5C%22null%5C%22%5D%22%2Cnull%2C%22generic%22%5D%5D%5D&
2026-01-28 09:08:46 DEBUG urllib3.connectionpool [req=9c4f58db8af8ef7a-LAX] Starting new HTTPS connection (1): translate.google.com:443
2026-01-28 09:08:46 DEBUG urllib3.connectionpool [req=9c4f58db8af8ef7a-LAX] https://translate.google.com:443 "POST /_/TranslateWebserverUi/data/batchexecute HTTP/1.1" 200 None
2026-01-28 09:08:46 DEBUG gtts.tts [req=9c4f58db8af8ef7a-LAX] headers-0: {'Referer': 'http://translate.google.com/', 'User-Agent': 'Mozilla/5.0 (Windows NT 10.0; WOW64) AppleWebKit/537.36 (KHTML, like Gecko) Chrome/47.0.2526.106 Safari/537.36', 'Content-Type': 'application/x-www-form-urlencoded;charset=utf-8', 'Content-Length': '141'}
2026-01-28 09:08:46 DEBUG gtts.tts [req=9c4f58db8af8ef7a-LAX] url-0: https://translate.google.com/_/TranslateWebserverUi/data/batchexecute
2026-01-28 09:08:46 DEBUG gtts.tts [req=9c4f58db8af8ef7a-LAX] status-0: 200
2026-01-28 09:08:46 DEBUG gtts.tts [req=9c4f58db8af8ef7a-LAX] part-0 written to <_io.BufferedWriter name='/workspace/TOEFL/app/flask_app/static/audio/643_confederate.mp3'>
2026-01-28 09:08:46 DEBUG gtts.tts [req=9c4f58db8af8ef7a-LAX] part-0 created
2026-01-28 09:08:46 DEBUG gtts.tts [req=9c4f58db8af8ef7a-LAX] Saved to /workspace/TOEFL/app/flask_app/static/audio/643_confederate.mp3
2026-01-28 09:08:46 INFO app [req=9c4f58db8af8ef7a-LAX] POST /session/aa01fbc3259c47b8abae020a6c5defa6/grade -> 200 (212ms)
2026-01-28 09:08:46 INFO werkzeug [req=-] 127.0.0.1 - - [28/Jan/2026 09:08:46] "POST /session/aa01fbc3259c47b8abae020a6c5defa6/grade HTTP/1.1" 200 -
2026-01-28 09:08:48 INFO app [req=9c4f58ea3d66ef7a-LAX] GET /session -> 200 (8ms)
2026-01-28 09:08:48 INFO werkzeug [req=-] 127.0.0.1 - - [28/Jan/2026 09:08:48] "GET /session HTTP/1.1" 200 -
2026-01-28 09:08:49 INFO app [req=9c4f58eeae82ef7a-LAX] GET /static/css/unfamiliar_words.css -> 304 (1ms)
2026-01-28 09:08:49 INFO app [req=9c4f58eeae85ef7a-LAX] GET /static/js/unfamiliar_words.js -> 304 (0ms)
2026-01-28 09:08:49 INFO werkzeug [req=-] 127.0.0.1 - - [28/Jan/2026 09:08:49] "[36mGET /static/css/unfamiliar_words.css HTTP/1.1[0m" 304 -
2026-01-28 09:08:49 INFO werkzeug [req=-] 127.0.0.1 - - [28/Jan/2026 09:08:49] "[36mGET /static/js/unfamiliar_words.js HTTP/1.1[0m" 304 -
2026-01-28 09:08:49 INFO app [req=9c4f58eeae84ef7a-LAX] GET /static/audio/643_confederate.mp3 -> 200 (0ms)
2026-01-28 09:08:49 INFO werkzeug [req=-] 127.0.0.1 - - [28/Jan/2026 09:08:49] "GET /static/audio/643_confederate.mp3 HTTP/1.1" 200 -
2026-01-28 09:08:49 INFO app [req=9c4f58f27f21ef7a-LAX] GET /static/audio/643_confederate.mp3 -> 206 (0ms)
2026-01-28 09:08:49 INFO werkzeug [req=-] 127.0.0.1 - - [28/Jan/2026 09:08:49] "[35m[1mGET /static/audio/643_confederate.mp3 HTTP/1.1[0m" 206 -
2026-01-28 09:08:54 INFO app [req=9c4f590edbcaef7a-LAX] GET /favicon.ico -> 404 (0ms)
2026-01-28 09:08:54 INFO werkzeug [req=-] 127.0.0.1 - - [28/Jan/2026 09:08:54] "[33mGET /favicon.ico HTTP/1.1[0m" 404 -
2026-01-28 09:09:01 INFO app [req=9c4f59399c02ef7a-LAX] POST /session/aa01fbc3259c47b8abae020a6c5defa6/grade -> 200 (8ms)
2026-01-28 09:09:01 INFO werkzeug [req=-] 127.0.0.1 - - [28/Jan/2026 09:09:01] "POST /session/aa01fbc3259c47b8abae020a6c5defa6/grade HTTP/1.1" 200 -
2026-01-28 09:09:03 INFO app [req=9c4f59464e2eef7a-LAX] GET /session -> 200 (7ms)
2026-01-28 09:09:03 INFO werkzeug [req=-] 127.0.0.1 - - [28/Jan/2026 09:09:03] "GET /session HTTP/1.1" 200 -
2026-01-28 09:09:03 INFO app [req=9c4f594a9ee2ef7a-LAX] GET /static/css/unfamiliar_words.css -> 304 (0ms)
2026-01-28 09:09:03 INFO werkzeug [req=-] 127.0.0.1 - - [28/Jan/2026 09:09:03] "[36mGET /static/css/unfamiliar_words.css HTTP/1.1[0m" 304 -
2026-01-28 09:09:03 INFO app [req=9c4f594abee8ef7a-LAX] GET /static/audio/106_accost.mp3 -> 206 (1ms)
2026-01-28 09:09:03 INFO app [req=9c4f594abee7ef7a-LAX] GET /static/js/unfamiliar_words.js -> 304 (0ms)
2026-01-28 09:09:03 INFO werkzeug [req=-] 127.0.0.1 - - [28/Jan/2026 09:09:03] "[35m[1mGET /static/audio/106_accost.mp3 HTTP/1.1[0m" 206 -
2026-01-28 09:09:03 INFO werkzeug [req=-] 127.0.0.1 - - [28/Jan/2026 09:09:03] "[36mGET /static/js/unfamiliar_words.js HTTP/1.1[0m" 304 -
2026-01-28 09:09:04 INFO app [req=9c4f594eaf61ef7a-LAX] GET /static/audio/106_accost.mp3 -> 206 (0ms)
2026-01-28 09:09:04 INFO werkzeug [req=-] 127.0.0.1 - - [28/Jan/2026 09:09:04] "[35m[1mGET /static/audio/106_accost.mp3 HTTP/1.1[0m" 206 -
2026-01-28 09:09:06 INFO app [req=9c4f595aaa17ef7a-LAX] GET /favicon.ico -> 404 (0ms)
2026-01-28 09:09:06 INFO werkzeug [req=-] 127.0.0.1 - - [28/Jan/2026 09:09:06] "[33mGET /favicon.ico HTTP/1.1[0m" 404 -
2026-01-28 09:09:10 INFO app [req=9c4f5972ee3aef7a-LAX] POST /session/aa01fbc3259c47b8abae020a6c5defa6/grade -> 200 (8ms)
2026-01-28 09:09:10 INFO werkzeug [req=-] 127.0.0.1 - - [28/Jan/2026 09:09:10] "POST /session/aa01fbc3259c47b8abae020a6c5defa6/grade HTTP/1.1" 200 -
2026-01-28 09:09:12 INFO app [req=9c4f5980789def7a-LAX] GET /session -> 200 (7ms)
2026-01-28 09:09:12 INFO werkzeug [req=-] 127.0.0.1 - - [28/Jan/2026 09:09:12] "GET /session HTTP/1.1" 200 -
2026-01-28 09:09:13 INFO app [req=9c4f5984c935ef7a-LAX] GET /static/css/unfamiliar_words.css -> 304 (0ms)
2026-01-28 09:09:13 INFO werkzeug [req=-] 127.0.0.1 - - [28/Jan/2026 09:09:13] "[36mGET /static/css/unfamiliar_words.css HTTP/1.1[0m" 304 -
2026-01-28 09:09:13 INFO app [req=9c4f5984d93def7a-LAX] GET /static/js/unfamiliar_words.js -> 304 (1ms)
2026-01-28 09:09:13 INFO werkzeug [req=-] 127.0.0.1 - - [28/Jan/2026 09:09:13] "[36mGET /static/js/unfamiliar_words.js HTTP/1.1[0m" 304 -
2026-01-28 09:09:13 INFO app [req=9c4f5984d93cef7a-LAX] GET /static/audio/643_confederate.mp3 -> 206 (1ms)
2026-01-28 09:09:13 INFO werkzeug [req=-] 127.0.0.1 - - [28/Jan/2026 09:09:13] "[35m[1mGET /static/audio/643_confederate.mp3 HTTP/1.1[0m" 206 -
2026-01-28 09:09:14 INFO app [req=9c4f598a6a0def7a-LAX] GET /static/audio/643_confederate.mp3 -> 206 (0ms)
2026-01-28 09:09:14 INFO werkzeug [req=-] 127.0.0.1 - - [28/Jan/2026 09:09:14] "[35m[1mGET /static/audio/643_confederate.mp3 HTTP/1.1[0m" 206 -
2026-01-28 09:09:16 INFO app [req=9c4f59985cd3ef7a-LAX] GET /favicon.ico -> 404 (0ms)
2026-01-28 09:09:16 INFO werkzeug [req=-] 127.0.0.1 - - [28/Jan/2026 09:09:16] "[33mGET /favicon.ico HTTP/1.1[0m" 404 -
2026-01-28 09:10:34 INFO app [req=9c4f5b7e8de5ef7a-LAX] POST /session/aa01fbc3259c47b8abae020a6c5defa6/grade -> 200 (7ms)
2026-01-28 09:10:34 INFO werkzeug [req=-] 127.0.0.1 - - [28/Jan/2026 09:10:34] "POST /session/aa01fbc3259c47b8abae020a6c5defa6/grade HTTP/1.1" 200 -
2026-01-28 09:10:36 INFO app [req=9c4f5b8c3864ef7a-LAX] GET /session -> 200 (5ms)
2026-01-28 09:10:36 INFO werkzeug [req=-] 127.0.0.1 - - [28/Jan/2026 09:10:36] "GET /session HTTP/1.1" 200 -
2026-01-28 09:10:36 INFO app [req=9c4f5b9048eeef7a-LAX] GET /static/css/unfamiliar_words.css -> 304 (1ms)
2026-01-28 09:10:36 INFO werkzeug [req=-] 127.0.0.1 - - [28/Jan/2026 09:10:36] "[36mGET /static/css/unfamiliar_words.css HTTP/1.1[0m" 304 -
2026-01-28 09:10:36 INFO app [req=9c4f5b9048f1ef7a-LAX] GET /static/audio/106_accost.mp3 -> 206 (2ms)
2026-01-28 09:10:36 INFO werkzeug [req=-] 127.0.0.1 - - [28/Jan/2026 09:10:36] "[35m[1mGET /static/audio/106_accost.mp3 HTTP/1.1[0m" 206 -
2026-01-28 09:10:36 INFO app [req=9c4f5b9048f0ef7a-LAX] GET /static/js/unfamiliar_words.js -> 304 (1ms)
2026-01-28 09:10:36 INFO werkzeug [req=-] 127.0.0.1 - - [28/Jan/2026 09:10:36] "[36mGET /static/js/unfamiliar_words.js HTTP/1.1[0m" 304 -
2026-01-28 09:10:37 INFO app [req=9c4f5b9459b2ef7a-LAX] GET /static/audio/106_accost.mp3 -> 206 (0ms)
2026-01-28 09:10:37 INFO werkzeug [req=-] 127.0.0.1 - - [28/Jan/2026 09:10:37] "[35m[1mGET /static/audio/106_accost.mp3 HTTP/1.1[0m" 206 -
2026-01-28 09:10:43 INFO app [req=9c4f5bba8871ef7a-LAX] GET /favicon.ico -> 404 (0ms)
2026-01-28 09:10:43 INFO werkzeug [req=-] 127.0.0.1 - - [28/Jan/2026 09:10:43] "[33mGET /favicon.ico HTTP/1.1[0m" 404 -
2026-01-28 09:11:15 INFO app [req=9c4f5c82bb61ef7a-LAX] POST /session/aa01fbc3259c47b8abae020a6c5defa6/grade -> 200 (8ms)
2026-01-28 09:11:15 INFO werkzeug [req=-] 127.0.0.1 - - [28/Jan/2026 09:11:15] "POST /session/aa01fbc3259c47b8abae020a6c5defa6/grade HTTP/1.1" 200 -
2026-01-28 09:11:17 INFO app [req=9c4f5c909e24ef7a-LAX] GET /session -> 200 (7ms)
2026-01-28 09:11:17 INFO werkzeug [req=-] 127.0.0.1 - - [28/Jan/2026 09:11:17] "GET /session HTTP/1.1" 200 -
2026-01-28 09:11:19 INFO app [req=9c4f5c9a880bef7a-LAX] GET /static/css/unfamiliar_words.css -> 304 (0ms)
2026-01-28 09:11:19 INFO werkzeug [req=-] 127.0.0.1 - - [28/Jan/2026 09:11:19] "[36mGET /static/css/unfamiliar_words.css HTTP/1.1[0m" 304 -
2026-01-28 09:11:20 INFO app [req=9c4f5c9e88b2ef7a-LAX] GET /static/js/unfamiliar_words.js -> 304 (0ms)
2026-01-28 09:11:20 INFO werkzeug [req=-] 127.0.0.1 - - [28/Jan/2026 09:11:20] "[36mGET /static/js/unfamiliar_words.js HTTP/1.1[0m" 304 -
2026-01-28 09:11:20 INFO app [req=9c4f5c9e98b9ef7a-LAX] GET /static/audio/643_confederate.mp3 -> 206 (0ms)
2026-01-28 09:11:20 INFO werkzeug [req=-] 127.0.0.1 - - [28/Jan/2026 09:11:20] "[35m[1mGET /static/audio/643_confederate.mp3 HTTP/1.1[0m" 206 -
2026-01-28 09:11:20 INFO app [req=9c4f5ca31981ef7a-LAX] GET /static/audio/643_confederate.mp3 -> 206 (0ms)
2026-01-28 09:11:20 INFO werkzeug [req=-] 127.0.0.1 - - [28/Jan/2026 09:11:20] "[35m[1mGET /static/audio/643_confederate.mp3 HTTP/1.1[0m" 206 -
2026-01-28 09:11:28 INFO app [req=9c4f5cd06a0eef7a-LAX] POST /session/aa01fbc3259c47b8abae020a6c5defa6/grade -> 200 (7ms)
2026-01-28 09:11:28 INFO werkzeug [req=-] 127.0.0.1 - - [28/Jan/2026 09:11:28] "POST /session/aa01fbc3259c47b8abae020a6c5defa6/grade HTTP/1.1" 200 -
2026-01-28 09:11:30 INFO app [req=9c4f5cde0cffef7a-LAX] GET /session -> 200 (7ms)
2026-01-28 09:11:30 INFO werkzeug [req=-] 127.0.0.1 - - [28/Jan/2026 09:11:30] "GET /session HTTP/1.1" 200 -
2026-01-28 09:11:30 INFO app [req=9c4f5ce26dddef7a-LAX] GET /static/css/unfamiliar_words.css -> 304 (0ms)
2026-01-28 09:11:30 INFO werkzeug [req=-] 127.0.0.1 - - [28/Jan/2026 09:11:30] "[36mGET /static/css/unfamiliar_words.css HTTP/1.1[0m" 304 -
2026-01-28 09:11:31 INFO app [req=9c4f5ce80ed8ef7a-LAX] GET /static/js/unfamiliar_words.js -> 304 (0ms)
2026-01-28 09:11:31 INFO werkzeug [req=-] 127.0.0.1 - - [28/Jan/2026 09:11:31] "[36mGET /static/js/unfamiliar_words.js HTTP/1.1[0m" 304 -
2026-01-28 09:11:31 INFO app [req=9c4f5ce80edbef7a-LAX] GET /static/audio/106_accost.mp3 -> 206 (1ms)
2026-01-28 09:11:31 INFO werkzeug [req=-] 127.0.0.1 - - [28/Jan/2026 09:11:31] "[35m[1mGET /static/audio/106_accost.mp3 HTTP/1.1[0m" 206 -
2026-01-28 09:11:32 INFO app [req=9c4f5cec9f97ef7a-LAX] GET /static/audio/106_accost.mp3 -> 206 (0ms)
2026-01-28 09:11:32 INFO werkzeug [req=-] 127.0.0.1 - - [28/Jan/2026 09:11:32] "[35m[1mGET /static/audio/106_accost.mp3 HTTP/1.1[0m" 206 -
2026-01-28 09:11:35 INFO app [req=9c4f5d008b13ef7a-LAX] GET /favicon.ico -> 404 (0ms)
2026-01-28 09:11:35 INFO werkzeug [req=-] 127.0.0.1 - - [28/Jan/2026 09:11:35] "[33mGET /favicon.ico HTTP/1.1[0m" 404 -
2026-01-28 09:15:09 INFO app [req=9c4f6235f8418e58-LAX] POST /session/aa01fbc3259c47b8abae020a6c5defa6/grade -> 200 (10ms)
2026-01-28 09:15:09 INFO werkzeug [req=-] 127.0.0.1 - - [28/Jan/2026 09:15:09] "POST /session/aa01fbc3259c47b8abae020a6c5defa6/grade HTTP/1.1" 200 -
2026-01-28 09:15:11 INFO app [req=9c4f6243dad28e58-LAX] GET /session -> 200 (8ms)
2026-01-28 09:15:11 INFO werkzeug [req=-] 127.0.0.1 - - [28/Jan/2026 09:15:11] "GET /session HTTP/1.1" 200 -
2026-01-28 09:15:12 INFO app [req=9c4f624ccc408e58-LAX] GET /static/js/unfamiliar_words.js -> 304 (0ms)
2026-01-28 09:15:12 INFO werkzeug [req=-] 127.0.0.1 - - [28/Jan/2026 09:15:12] "[36mGET /static/js/unfamiliar_words.js HTTP/1.1[0m" 304 -
2026-01-28 09:15:12 INFO app [req=9c4f624ccc3f8e58-LAX] GET /static/css/unfamiliar_words.css -> 304 (0ms)
2026-01-28 09:15:12 INFO werkzeug [req=-] 127.0.0.1 - - [28/Jan/2026 09:15:12] "[36mGET /static/css/unfamiliar_words.css HTTP/1.1[0m" 304 -
2026-01-28 09:15:12 INFO app [req=9c4f624ccc428e58-LAX] GET /static/audio/236_anticipate.mp3 -> 200 (0ms)
2026-01-28 09:15:12 INFO werkzeug [req=-] 127.0.0.1 - - [28/Jan/2026 09:15:12] "GET /static/audio/236_anticipate.mp3 HTTP/1.1" 200 -
2026-01-28 09:15:13 INFO app [req=9c4f62508cd08e58-LAX] GET /static/audio/236_anticipate.mp3 -> 206 (0ms)
2026-01-28 09:15:13 INFO werkzeug [req=-] 127.0.0.1 - - [28/Jan/2026 09:15:13] "[35m[1mGET /static/audio/236_anticipate.mp3 HTTP/1.1[0m" 206 -
2026-01-28 09:15:18 INFO app [req=9c4f62725a088e58-LAX] GET /favicon.ico -> 404 (0ms)
2026-01-28 09:15:18 INFO werkzeug [req=-] 127.0.0.1 - - [28/Jan/2026 09:15:18] "[33mGET /favicon.ico HTTP/1.1[0m" 404 -
2026-01-28 09:15:23 INFO app [req=9c4f628dde688e58-LAX] POST /session/aa01fbc3259c47b8abae020a6c5defa6/grade -> 200 (7ms)
2026-01-28 09:15:23 INFO werkzeug [req=-] 127.0.0.1 - - [28/Jan/2026 09:15:23] "POST /session/aa01fbc3259c47b8abae020a6c5defa6/grade HTTP/1.1" 200 -
2026-01-28 09:15:25 INFO app [req=9c4f629b28de8e58-LAX] GET /session -> 200 (7ms)
2026-01-28 09:15:25 INFO werkzeug [req=-] 127.0.0.1 - - [28/Jan/2026 09:15:25] "GET /session HTTP/1.1" 200 -
2026-01-28 09:15:26 INFO app [req=9c4f62a33a8e8e58-LAX] GET /static/css/unfamiliar_words.css -> 304 (0ms)
2026-01-28 09:15:26 INFO werkzeug [req=-] 127.0.0.1 - - [28/Jan/2026 09:15:26] "[36mGET /static/css/unfamiliar_words.css HTTP/1.1[0m" 304 -
2026-01-28 09:15:26 INFO app [req=9c4f62a33a8f8e58-LAX] GET /static/audio/106_accost.mp3 -> 206 (0ms)
2026-01-28 09:15:26 INFO werkzeug [req=-] 127.0.0.1 - - [28/Jan/2026 09:15:26] "[35m[1mGET /static/audio/106_accost.mp3 HTTP/1.1[0m" 206 -
2026-01-28 09:15:27 INFO app [req=9c4f62a5eafb8e58-LAX] GET /static/js/unfamiliar_words.js -> 304 (0ms)
2026-01-28 09:15:27 INFO werkzeug [req=-] 127.0.0.1 - - [28/Jan/2026 09:15:27] "[36mGET /static/js/unfamiliar_words.js HTTP/1.1[0m" 304 -
2026-01-28 09:15:27 INFO app [req=9c4f62a77b528e58-LAX] GET /static/audio/106_accost.mp3 -> 206 (0ms)
2026-01-28 09:15:27 INFO werkzeug [req=-] 127.0.0.1 - - [28/Jan/2026 09:15:27] "[35m[1mGET /static/audio/106_accost.mp3 HTTP/1.1[0m" 206 -
2026-01-28 09:15:31 INFO app [req=9c4f62c0afb48e58-LAX] POST /session/aa01fbc3259c47b8abae020a6c5defa6/grade -> 200 (8ms)
2026-01-28 09:15:31 INFO werkzeug [req=-] 127.0.0.1 - - [28/Jan/2026 09:15:31] "POST /session/aa01fbc3259c47b8abae020a6c5defa6/grade HTTP/1.1" 200 -
2026-01-28 09:15:34 INFO app [req=9c4f62d26b548e58-LAX] GET /session -> 200 (4ms)
2026-01-28 09:15:34 INFO werkzeug [req=-] 127.0.0.1 - - [28/Jan/2026 09:15:34] "GET /session HTTP/1.1" 200 -
2026-01-28 09:15:34 INFO app [req=9c4f62d6fc458e58-LAX] GET /static/css/unfamiliar_words.css -> 304 (0ms)
2026-01-28 09:15:34 INFO werkzeug [req=-] 127.0.0.1 - - [28/Jan/2026 09:15:34] "[36mGET /static/css/unfamiliar_words.css HTTP/1.1[0m" 304 -
2026-01-28 09:15:35 INFO app [req=9c4f62d79c688e58-LAX] GET /static/js/unfamiliar_words.js -> 304 (1ms)
2026-01-28 09:15:35 INFO app [req=9c4f62d79c698e58-LAX] GET /static/audio/236_anticipate.mp3 -> 206 (0ms)
2026-01-28 09:15:35 INFO werkzeug [req=-] 127.0.0.1 - - [28/Jan/2026 09:15:35] "[36mGET /static/js/unfamiliar_words.js HTTP/1.1[0m" 304 -
2026-01-28 09:15:35 INFO werkzeug [req=-] 127.0.0.1 - - [28/Jan/2026 09:15:35] "[35m[1mGET /static/audio/236_anticipate.mp3 HTTP/1.1[0m" 206 -
2026-01-28 09:15:35 INFO app [req=9c4f62dc7d4c8e58-LAX] GET /static/audio/236_anticipate.mp3 -> 206 (0ms)
2026-01-28 09:15:35 INFO werkzeug [req=-] 127.0.0.1 - - [28/Jan/2026 09:15:35] "[35m[1mGET /static/audio/236_anticipate.mp3 HTTP/1.1[0m" 206 -
2026-01-28 09:15:36 INFO app [req=9c4f62e22e348e58-LAX] GET /static/audio/236_anticipate.mp3 -> 206 (0ms)
2026-01-28 09:15:36 INFO werkzeug [req=-] 127.0.0.1 - - [28/Jan/2026 09:15:36] "[35m[1mGET /static/audio/236_anticipate.mp3 HTTP/1.1[0m" 206 -
2026-01-28 09:15:40 INFO app [req=9c4f62f6eb878e58-LAX] GET /favicon.ico -> 404 (0ms)
2026-01-28 09:15:40 INFO werkzeug [req=-] 127.0.0.1 - - [28/Jan/2026 09:15:40] "[33mGET /favicon.ico HTTP/1.1[0m" 404 -
2026-01-28 09:15:43 INFO app [req=9c4f630d8f4d8e58-LAX] POST /session/aa01fbc3259c47b8abae020a6c5defa6/grade -> 200 (5ms)
2026-01-28 09:15:43 INFO werkzeug [req=-] 127.0.0.1 - - [28/Jan/2026 09:15:43] "POST /session/aa01fbc3259c47b8abae020a6c5defa6/grade HTTP/1.1" 200 -
2026-01-28 09:15:45 INFO app [req=9c4f631b39328e58-LAX] GET /session -> 200 (7ms)
2026-01-28 09:15:45 INFO werkzeug [req=-] 127.0.0.1 - - [28/Jan/2026 09:15:45] "GET /session HTTP/1.1" 200 -
2026-01-28 09:15:46 INFO app [req=9c4f631f99d28e58-LAX] GET /static/css/unfamiliar_words.css -> 304 (0ms)
2026-01-28 09:15:46 INFO werkzeug [req=-] 127.0.0.1 - - [28/Jan/2026 09:15:46] "[36mGET /static/css/unfamiliar_words.css HTTP/1.1[0m" 304 -
2026-01-28 09:15:47 INFO app [req=9c4f6326aab88e58-LAX] GET /static/js/unfamiliar_words.js -> 304 (0ms)
2026-01-28 09:15:47 INFO werkzeug [req=-] 127.0.0.1 - - [28/Jan/2026 09:15:47] "[36mGET /static/js/unfamiliar_words.js HTTP/1.1[0m" 304 -
2026-01-28 09:15:47 INFO app [req=9c4f63263aaa8e58-LAX] GET /static/audio/643_confederate.mp3 -> 206 (0ms)
2026-01-28 09:15:47 INFO werkzeug [req=-] 127.0.0.1 - - [28/Jan/2026 09:15:47] "[35m[1mGET /static/audio/643_confederate.mp3 HTTP/1.1[0m" 206 -
2026-01-28 09:15:48 INFO app [req=9c4f632a6b168e58-LAX] GET /static/audio/643_confederate.mp3 -> 206 (0ms)
2026-01-28 09:15:48 INFO werkzeug [req=-] 127.0.0.1 - - [28/Jan/2026 09:15:48] "[35m[1mGET /static/audio/643_confederate.mp3 HTTP/1.1[0m" 206 -
2026-01-28 09:15:49 INFO app [req=9c4f63326c0e8e58-LAX] GET /static/audio/643_confederate.mp3 -> 206 (0ms)
2026-01-28 09:15:49 INFO werkzeug [req=-] 127.0.0.1 - - [28/Jan/2026 09:15:49] "[35m[1mGET /static/audio/643_confederate.mp3 HTTP/1.1[0m" 206 -
2026-01-28 09:16:10 INFO app [req=9c4f63b61a208e58-LAX] GET /favicon.ico -> 404 (0ms)
2026-01-28 09:16:10 INFO werkzeug [req=-] 127.0.0.1 - - [28/Jan/2026 09:16:10] "[33mGET /favicon.ico HTTP/1.1[0m" 404 -
2026-01-28 09:16:23 INFO app [req=9c4f6404ce528e58-LAX] POST /session/aa01fbc3259c47b8abae020a6c5defa6/grade -> 200 (7ms)
2026-01-28 09:16:23 INFO werkzeug [req=-] 127.0.0.1 - - [28/Jan/2026 09:16:23] "POST /session/aa01fbc3259c47b8abae020a6c5defa6/grade HTTP/1.1" 200 -
2026-01-28 09:16:25 INFO app [req=9c4f6412c8838e58-LAX] GET /session -> 200 (9ms)
2026-01-28 09:16:25 INFO werkzeug [req=-] 127.0.0.1 - - [28/Jan/2026 09:16:25] "GET /session HTTP/1.1" 200 -
2026-01-28 09:16:26 INFO app [req=9c4f641af9e68e58-LAX] GET /static/js/unfamiliar_words.js -> 304 (1ms)
2026-01-28 09:16:26 INFO app [req=9c4f641af9e58e58-LAX] GET /static/css/unfamiliar_words.css -> 304 (0ms)
2026-01-28 09:16:26 INFO werkzeug [req=-] 127.0.0.1 - - [28/Jan/2026 09:16:26] "[36mGET /static/js/unfamiliar_words.js HTTP/1.1[0m" 304 -
2026-01-28 09:16:26 INFO werkzeug [req=-] 127.0.0.1 - - [28/Jan/2026 09:16:26] "[36mGET /static/css/unfamiliar_words.css HTTP/1.1[0m" 304 -
2026-01-28 09:16:26 INFO app [req=9c4f641af9e98e58-LAX] GET /static/audio/236_anticipate.mp3 -> 206 (0ms)
2026-01-28 09:16:26 INFO werkzeug [req=-] 127.0.0.1 - - [28/Jan/2026 09:16:26] "[35m[1mGET /static/audio/236_anticipate.mp3 HTTP/1.1[0m" 206 -
2026-01-28 09:16:27 INFO app [req=9c4f641eba7a8e58-LAX] GET /static/audio/236_anticipate.mp3 -> 206 (0ms)
2026-01-28 09:16:27 INFO werkzeug [req=-] 127.0.0.1 - - [28/Jan/2026 09:16:27] "[35m[1mGET /static/audio/236_anticipate.mp3 HTTP/1.1[0m" 206 -
2026-01-28 09:16:27 INFO app [req=9c4f6422bafa8e58-LAX] GET /static/audio/236_anticipate.mp3 -> 206 (0ms)
2026-01-28 09:16:27 INFO werkzeug [req=-] 127.0.0.1 - - [28/Jan/2026 09:16:27] "[35m[1mGET /static/audio/236_anticipate.mp3 HTTP/1.1[0m" 206 -
2026-01-28 09:16:31 INFO app [req=9c4f64394eb98e58-LAX] GET /favicon.ico -> 404 (0ms)
2026-01-28 09:16:31 INFO werkzeug [req=-] 127.0.0.1 - - [28/Jan/2026 09:16:31] "[33mGET /favicon.ico HTTP/1.1[0m" 404 -
2026-01-28 09:16:36 INFO app [req=9c4f6457cb7e8e58-LAX] POST /session/aa01fbc3259c47b8abae020a6c5defa6/grade -> 200 (7ms)
2026-01-28 09:16:36 INFO werkzeug [req=-] 127.0.0.1 - - [28/Jan/2026 09:16:36] "POST /session/aa01fbc3259c47b8abae020a6c5defa6/grade HTTP/1.1" 200 -
2026-01-28 09:16:38 INFO app [req=9c4f64655e5b8e58-LAX] GET /session -> 200 (7ms)
2026-01-28 09:16:38 INFO werkzeug [req=-] 127.0.0.1 - - [28/Jan/2026 09:16:38] "GET /session HTTP/1.1" 200 -
2026-01-28 09:16:39 INFO app [req=9c4f646a9f288e58-LAX] GET /static/js/unfamiliar_words.js -> 304 (1ms)
2026-01-28 09:16:39 INFO werkzeug [req=-] 127.0.0.1 - - [28/Jan/2026 09:16:39] "[36mGET /static/js/unfamiliar_words.js HTTP/1.1[0m" 304 -
2026-01-28 09:16:39 INFO app [req=9c4f646a8f268e58-LAX] GET /static/css/unfamiliar_words.css -> 304 (0ms)
2026-01-28 09:16:39 INFO werkzeug [req=-] 127.0.0.1 - - [28/Jan/2026 09:16:39] "[36mGET /static/css/unfamiliar_words.css HTTP/1.1[0m" 304 -
2026-01-28 09:16:39 INFO app [req=9c4f646aaf2e8e58-LAX] GET /static/audio/643_confederate.mp3 -> 206 (0ms)
2026-01-28 09:16:39 INFO werkzeug [req=-] 127.0.0.1 - - [28/Jan/2026 09:16:39] "[35m[1mGET /static/audio/643_confederate.mp3 HTTP/1.1[0m" 206 -
2026-01-28 09:16:40 INFO app [req=9c4f646e8fc18e58-LAX] GET /static/audio/643_confederate.mp3 -> 206 (0ms)
2026-01-28 09:16:40 INFO werkzeug [req=-] 127.0.0.1 - - [28/Jan/2026 09:16:40] "[35m[1mGET /static/audio/643_confederate.mp3 HTTP/1.1[0m" 206 -
2026-01-28 09:16:40 INFO app [req=9c4f647328748e58-LAX] GET /static/audio/643_confederate.mp3 -> 206 (0ms)
2026-01-28 09:16:40 INFO werkzeug [req=-] 127.0.0.1 - - [28/Jan/2026 09:16:40] "[35m[1mGET /static/audio/643_confederate.mp3 HTTP/1.1[0m" 206 -
2026-01-28 09:17:05 INFO app [req=9c4f650ea9278e58-LAX] GET /favicon.ico -> 404 (0ms)
2026-01-28 09:17:05 INFO werkzeug [req=-] 127.0.0.1 - - [28/Jan/2026 09:17:05] "[33mGET /favicon.ico HTTP/1.1[0m" 404 -
2026-01-28 09:17:08 INFO app [req=9c4f651fec3b8e58-LAX] POST /session/aa01fbc3259c47b8abae020a6c5defa6/grade -> 200 (4ms)
2026-01-28 09:17:08 INFO werkzeug [req=-] 127.0.0.1 - - [28/Jan/2026 09:17:08] "POST /session/aa01fbc3259c47b8abae020a6c5defa6/grade HTTP/1.1" 200 -
2026-01-28 09:17:10 INFO app [req=9c4f652d3e238e58-LAX] GET /session -> 200 (7ms)
2026-01-28 09:17:10 INFO werkzeug [req=-] 127.0.0.1 - - [28/Jan/2026 09:17:10] "GET /session HTTP/1.1" 200 -
2026-01-28 09:17:12 INFO app [req=9c4f65366f418e58-LAX] GET /static/css/unfamiliar_words.css -> 304 (1ms)
2026-01-28 09:17:12 INFO app [req=9c4f65366f428e58-LAX] GET /static/js/unfamiliar_words.js -> 304 (0ms)
2026-01-28 09:17:12 INFO werkzeug [req=-] 127.0.0.1 - - [28/Jan/2026 09:17:12] "[36mGET /static/css/unfamiliar_words.css HTTP/1.1[0m" 304 -
2026-01-28 09:17:12 INFO werkzeug [req=-] 127.0.0.1 - - [28/Jan/2026 09:17:12] "[36mGET /static/js/unfamiliar_words.js HTTP/1.1[0m" 304 -
2026-01-28 09:17:12 INFO app [req=9c4f65367f458e58-LAX] GET /static/audio/236_anticipate.mp3 -> 206 (0ms)
2026-01-28 09:17:12 INFO werkzeug [req=-] 127.0.0.1 - - [28/Jan/2026 09:17:12] "[35m[1mGET /static/audio/236_anticipate.mp3 HTTP/1.1[0m" 206 -
2026-01-28 09:17:13 INFO app [req=9c4f653d3ffe8e58-LAX] GET /static/audio/236_anticipate.mp3 -> 206 (0ms)
2026-01-28 09:17:13 INFO werkzeug [req=-] 127.0.0.1 - - [28/Jan/2026 09:17:13] "[35m[1mGET /static/audio/236_anticipate.mp3 HTTP/1.1[0m" 206 -
2026-01-28 09:17:14 INFO app [req=9c4f6544f9098e58-LAX] GET /static/audio/236_anticipate.mp3 -> 206 (0ms)
2026-01-28 09:17:14 INFO werkzeug [req=-] 127.0.0.1 - - [28/Jan/2026 09:17:14] "[35m[1mGET /static/audio/236_anticipate.mp3 HTTP/1.1[0m" 206 -
2026-01-28 09:17:26 INFO app [req=9c4f6591adb38e58-LAX] POST /session/aa01fbc3259c47b8abae020a6c5defa6/grade -> 200 (7ms)
2026-01-28 09:17:26 INFO werkzeug [req=-] 127.0.0.1 - - [28/Jan/2026 09:17:26] "POST /session/aa01fbc3259c47b8abae020a6c5defa6/grade HTTP/1.1" 200 -
2026-01-28 09:17:29 INFO app [req=9c4f65a01f9d8e58-LAX] GET /session -> 200 (7ms)
2026-01-28 09:17:29 INFO werkzeug [req=-] 127.0.0.1 - - [28/Jan/2026 09:17:29] "GET /session HTTP/1.1" 200 -
2026-01-28 09:17:32 INFO app [req=9c4f65b31ad08e58-LAX] GET /static/css/unfamiliar_words.css -> 304 (0ms)
2026-01-28 09:17:32 INFO werkzeug [req=-] 127.0.0.1 - - [28/Jan/2026 09:17:32] "[36mGET /static/css/unfamiliar_words.css HTTP/1.1[0m" 304 -
2026-01-28 09:17:32 INFO app [req=9c4f65b37ad98e58-LAX] GET /static/audio/573_cohere.mp3 -> 200 (0ms)
2026-01-28 09:17:32 INFO werkzeug [req=-] 127.0.0.1 - - [28/Jan/2026 09:17:32] "GET /static/audio/573_cohere.mp3 HTTP/1.1" 200 -
2026-01-28 09:17:32 INFO app [req=9c4f65b78bb68e58-LAX] GET /static/js/unfamiliar_words.js -> 304 (0ms)
2026-01-28 09:17:32 INFO werkzeug [req=-] 127.0.0.1 - - [28/Jan/2026 09:17:32] "[36mGET /static/js/unfamiliar_words.js HTTP/1.1[0m" 304 -
2026-01-28 09:17:35 INFO app [req=9c4f65c5ae058e58-LAX] GET /static/audio/573_cohere.mp3 -> 206 (0ms)
2026-01-28 09:17:35 INFO werkzeug [req=-] 127.0.0.1 - - [28/Jan/2026 09:17:35] "[35m[1mGET /static/audio/573_cohere.mp3 HTTP/1.1[0m" 206 -
2026-01-28 09:17:37 INFO app [req=9c4f65d2d8238e58-LAX] GET /static/audio/573_cohere.mp3 -> 206 (0ms)
2026-01-28 09:17:37 INFO werkzeug [req=-] 127.0.0.1 - - [28/Jan/2026 09:17:37] "[35m[1mGET /static/audio/573_cohere.mp3 HTTP/1.1[0m" 206 -
2026-01-28 09:17:50 INFO app [req=9c4f6625eed98e58-LAX] GET /favicon.ico -> 404 (0ms)
2026-01-28 09:17:50 INFO werkzeug [req=-] 127.0.0.1 - - [28/Jan/2026 09:17:50] "[33mGET /favicon.ico HTTP/1.1[0m" 404 -
2026-01-28 09:18:32 INFO app [req=9c4f672f0e138e58-LAX] POST /session/aa01fbc3259c47b8abae020a6c5defa6/grade -> 200 (9ms)
2026-01-28 09:18:32 INFO werkzeug [req=-] 127.0.0.1 - - [28/Jan/2026 09:18:32] "POST /session/aa01fbc3259c47b8abae020a6c5defa6/grade HTTP/1.1" 200 -
2026-01-28 09:18:37 INFO app [req=9c4f674a0a308e58-LAX] GET /session -> 200 (4ms)
2026-01-28 09:18:37 INFO werkzeug [req=-] 127.0.0.1 - - [28/Jan/2026 09:18:37] "GET /session HTTP/1.1" 200 -
2026-01-28 09:18:41 INFO app [req=9c4f67648ec08e58-LAX] GET /static/css/unfamiliar_words.css -> 304 (0ms)
2026-01-28 09:18:41 INFO werkzeug [req=-] 127.0.0.1 - - [28/Jan/2026 09:18:41] "[36mGET /static/css/unfamiliar_words.css HTTP/1.1[0m" 304 -
2026-01-28 09:18:43 INFO app [req=9c4f6770a9438e58-LAX] GET /static/audio/236_anticipate.mp3 -> 206 (0ms)
2026-01-28 09:18:43 INFO werkzeug [req=-] 127.0.0.1 - - [28/Jan/2026 09:18:43] "[35m[1mGET /static/audio/236_anticipate.mp3 HTTP/1.1[0m" 206 -
2026-01-28 09:18:47 INFO app [req=9c4f678c6ebb8e58-LAX] GET /static/audio/236_anticipate.mp3 -> 206 (0ms)
2026-01-28 09:18:47 INFO werkzeug [req=-] 127.0.0.1 - - [28/Jan/2026 09:18:47] "[35m[1mGET /static/audio/236_anticipate.mp3 HTTP/1.1[0m" 206 -
2026-01-28 09:18:49 INFO app [req=9c4f679438b78e58-LAX] GET /static/js/unfamiliar_words.js -> 304 (0ms)
2026-01-28 09:18:49 INFO werkzeug [req=-] 127.0.0.1 - - [28/Jan/2026 09:18:49] "[36mGET /static/js/unfamiliar_words.js HTTP/1.1[0m" 304 -
2026-01-28 09:18:55 INFO app [req=9c4f67bae8a28e58-LAX] GET /static/audio/236_anticipate.mp3 -> 206 (0ms)
2026-01-28 09:18:55 INFO werkzeug [req=-] 127.0.0.1 - - [28/Jan/2026 09:18:55] "[35m[1mGET /static/audio/236_anticipate.mp3 HTTP/1.1[0m" 206 -
2026-01-28 09:19:08 INFO app [req=9c4f680f0d488e58-LAX] POST /session/aa01fbc3259c47b8abae020a6c5defa6/grade -> 200 (8ms)
2026-01-28 09:19:08 INFO werkzeug [req=-] 127.0.0.1 - - [28/Jan/2026 09:19:08] "POST /session/aa01fbc3259c47b8abae020a6c5defa6/grade HTTP/1.1" 200 -
2026-01-28 09:19:21 INFO app [req=9c4f685d09d48e58-LAX] GET /session -> 200 (7ms)
2026-01-28 09:19:21 INFO werkzeug [req=-] 127.0.0.1 - - [28/Jan/2026 09:19:21] "GET /session HTTP/1.1" 200 -
2026-01-28 09:19:35 INFO app [req=9c4f68b45f078e58-LAX] GET /static/css/unfamiliar_words.css -> 304 (0ms)
2026-01-28 09:19:35 INFO werkzeug [req=-] 127.0.0.1 - - [28/Jan/2026 09:19:35] "[36mGET /static/css/unfamiliar_words.css HTTP/1.1[0m" 304 -
2026-01-28 09:19:43 INFO app [req=9c4f68e9debb8e58-LAX] GET /static/audio/643_confederate.mp3 -> 206 (0ms)
2026-01-28 09:19:43 INFO werkzeug [req=-] 127.0.0.1 - - [28/Jan/2026 09:19:43] "[35m[1mGET /static/audio/643_confederate.mp3 HTTP/1.1[0m" 206 -
2026-01-28 09:19:53 INFO app [req=9c4f6926df6b8e58-LAX] GET /static/js/unfamiliar_words.js -> 304 (0ms)
2026-01-28 09:19:53 INFO werkzeug [req=-] 127.0.0.1 - - [28/Jan/2026 09:19:53] "[36mGET /static/js/unfamiliar_words.js HTTP/1.1[0m" 304 -
2026-01-28 09:19:56 INFO app [req=9c4f693a8a478e58-LAX] GET /static/audio/643_confederate.mp3 -> 206 (0ms)
2026-01-28 09:19:56 INFO werkzeug [req=-] 127.0.0.1 - - [28/Jan/2026 09:19:56] "[35m[1mGET /static/audio/643_confederate.mp3 HTTP/1.1[0m" 206 -
2026-01-28 09:20:03 INFO app [req=9c4f696649108e58-LAX] POST /session/aa01fbc3259c47b8abae020a6c5defa6/grade -> 200 (7ms)
2026-01-28 09:20:03 INFO werkzeug [req=-] 127.0.0.1 - - [28/Jan/2026 09:20:03] "POST /session/aa01fbc3259c47b8abae020a6c5defa6/grade HTTP/1.1" 200 -
2026-01-28 09:20:05 INFO app [req=9c4f6972eae98e58-LAX] GET /static/audio/643_confederate.mp3 -> 206 (0ms)
2026-01-28 09:20:05 INFO werkzeug [req=-] 127.0.0.1 - - [28/Jan/2026 09:20:05] "[35m[1mGET /static/audio/643_confederate.mp3 HTTP/1.1[0m" 206 -
2026-01-28 09:20:21 INFO app [req=9c4f69d5a9ae8e58-LAX] GET /session -> 200 (8ms)
2026-01-28 09:20:21 INFO werkzeug [req=-] 127.0.0.1 - - [28/Jan/2026 09:20:21] "GET /session HTTP/1.1" 200 -
2026-01-28 09:20:24 INFO app [req=9c4f69e61bf38e58-LAX] GET /static/css/unfamiliar_words.css -> 304 (0ms)
2026-01-28 09:20:24 INFO werkzeug [req=-] 127.0.0.1 - - [28/Jan/2026 09:20:24] "[36mGET /static/css/unfamiliar_words.css HTTP/1.1[0m" 304 -
2026-01-28 09:20:24 INFO app [req=9c4f69e61bf48e58-LAX] GET /static/audio/371_baste.mp3 -> 200 (0ms)
2026-01-28 09:20:24 INFO werkzeug [req=-] 127.0.0.1 - - [28/Jan/2026 09:20:24] "GET /static/audio/371_baste.mp3 HTTP/1.1" 200 -
2026-01-28 09:20:25 INFO app [req=9c4f69ee7d3f8e58-LAX] GET /static/js/unfamiliar_words.js -> 304 (0ms)
2026-01-28 09:20:25 INFO werkzeug [req=-] 127.0.0.1 - - [28/Jan/2026 09:20:25] "[36mGET /static/js/unfamiliar_words.js HTTP/1.1[0m" 304 -
2026-01-28 09:20:26 INFO app [req=9c4f69f46e208e58-LAX] GET /static/audio/371_baste.mp3 -> 206 (0ms)
2026-01-28 09:20:26 INFO werkzeug [req=-] 127.0.0.1 - - [28/Jan/2026 09:20:26] "[35m[1mGET /static/audio/371_baste.mp3 HTTP/1.1[0m" 206 -
2026-01-28 09:20:28 INFO app [req=9c4f6a025fe68e58-LAX] GET /static/audio/371_baste.mp3 -> 206 (0ms)
2026-01-28 09:20:28 INFO werkzeug [req=-] 127.0.0.1 - - [28/Jan/2026 09:20:28] "[35m[1mGET /static/audio/371_baste.mp3 HTTP/1.1[0m" 206 -
2026-01-28 09:20:58 INFO app [req=9c4f6abc2c528e58-LAX] POST /session/aa01fbc3259c47b8abae020a6c5defa6/grade -> 200 (5ms)
2026-01-28 09:20:58 INFO werkzeug [req=-] 127.0.0.1 - - [28/Jan/2026 09:20:58] "POST /session/aa01fbc3259c47b8abae020a6c5defa6/grade HTTP/1.1" 200 -
2026-01-28 09:21:01 INFO app [req=9c4f6acdeee88e58-LAX] GET /session -> 200 (7ms)
2026-01-28 09:21:01 INFO werkzeug [req=-] 127.0.0.1 - - [28/Jan/2026 09:21:01] "GET /session HTTP/1.1" 200 -
2026-01-28 09:21:03 INFO app [req=9c4f6adb88ba8e58-LAX] GET /static/css/unfamiliar_words.css -> 304 (0ms)
2026-01-28 09:21:03 INFO werkzeug [req=-] 127.0.0.1 - - [28/Jan/2026 09:21:03] "[36mGET /static/css/unfamiliar_words.css HTTP/1.1[0m" 304 -
2026-01-28 09:21:04 INFO app [req=9c4f6ae22a168e58-LAX] GET /static/audio/236_anticipate.mp3 -> 206 (0ms)
2026-01-28 09:21:04 INFO werkzeug [req=-] 127.0.0.1 - - [28/Jan/2026 09:21:04] "[35m[1mGET /static/audio/236_anticipate.mp3 HTTP/1.1[0m" 206 -
2026-01-28 09:21:06 INFO app [req=9c4f6aecebbb8e58-LAX] GET /static/audio/236_anticipate.mp3 -> 206 (0ms)
2026-01-28 09:21:06 INFO werkzeug [req=-] 127.0.0.1 - - [28/Jan/2026 09:21:06] "[35m[1mGET /static/audio/236_anticipate.mp3 HTTP/1.1[0m" 206 -
2026-01-28 09:21:06 INFO app [req=9c4f6af0cc3c8e58-LAX] GET /static/js/unfamiliar_words.js -> 304 (0ms)
2026-01-28 09:21:06 INFO werkzeug [req=-] 127.0.0.1 - - [28/Jan/2026 09:21:06] "[36mGET /static/js/unfamiliar_words.js HTTP/1.1[0m" 304 -
2026-01-28 09:21:09 INFO app [req=9c4f6b015e5c8e58-LAX] GET /static/audio/236_anticipate.mp3 -> 206 (0ms)
2026-01-28 09:21:09 INFO werkzeug [req=-] 127.0.0.1 - - [28/Jan/2026 09:21:09] "[35m[1mGET /static/audio/236_anticipate.mp3 HTTP/1.1[0m" 206 -
2026-01-28 09:21:19 INFO app [req=9c4f6b3eaf288e58-LAX] POST /session/aa01fbc3259c47b8abae020a6c5defa6/grade -> 200 (7ms)
2026-01-28 09:21:19 INFO werkzeug [req=-] 127.0.0.1 - - [28/Jan/2026 09:21:19] "POST /session/aa01fbc3259c47b8abae020a6c5defa6/grade HTTP/1.1" 200 -
2026-01-28 09:21:32 INFO app [req=9c4f6b900c0e8e58-LAX] GET /session -> 200 (7ms)
2026-01-28 09:21:32 INFO werkzeug [req=-] 127.0.0.1 - - [28/Jan/2026 09:21:32] "GET /session HTTP/1.1" 200 -
2026-01-28 09:21:39 INFO app [req=9c4f6bbc7c338e58-LAX] GET /static/css/unfamiliar_words.css -> 304 (0ms)
2026-01-28 09:21:39 INFO werkzeug [req=-] 127.0.0.1 - - [28/Jan/2026 09:21:39] "[36mGET /static/css/unfamiliar_words.css HTTP/1.1[0m" 304 -
2026-01-28 09:21:44 INFO app [req=9c4f6bdd18dd8e58-LAX] GET /static/audio/578_collapse.mp3 -> 200 (0ms)
2026-01-28 09:21:44 INFO werkzeug [req=-] 127.0.0.1 - - [28/Jan/2026 09:21:44] "GET /static/audio/578_collapse.mp3 HTTP/1.1" 200 -
2026-01-28 09:21:49 INFO app [req=9c4f6bf97cca8e58-LAX] GET /static/audio/578_collapse.mp3 -> 206 (0ms)
2026-01-28 09:21:49 INFO werkzeug [req=-] 127.0.0.1 - - [28/Jan/2026 09:21:49] "[35m[1mGET /static/audio/578_collapse.mp3 HTTP/1.1[0m" 206 -
2026-01-28 09:21:50 INFO app [req=9c4f6c057e468e58-LAX] GET /static/js/unfamiliar_words.js -> 304 (0ms)
2026-01-28 09:21:50 INFO werkzeug [req=-] 127.0.0.1 - - [28/Jan/2026 09:21:50] "[36mGET /static/js/unfamiliar_words.js HTTP/1.1[0m" 304 -
2026-01-28 09:21:58 INFO app [req=9c4f6c320da38e58-LAX] GET /static/audio/578_collapse.mp3 -> 206 (0ms)
2026-01-28 09:21:58 INFO werkzeug [req=-] 127.0.0.1 - - [28/Jan/2026 09:21:58] "[35m[1mGET /static/audio/578_collapse.mp3 HTTP/1.1[0m" 206 -
2026-01-28 09:22:02 INFO app [req=9c4f6c4ea9e28e58-LAX] POST /session/aa01fbc3259c47b8abae020a6c5defa6/grade -> 200 (8ms)
2026-01-28 09:22:02 INFO werkzeug [req=-] 127.0.0.1 - - [28/Jan/2026 09:22:02] "POST /session/aa01fbc3259c47b8abae020a6c5defa6/grade HTTP/1.1" 200 -
2026-01-28 09:22:03 INFO app [req=9c4f6c52fa5f8e58-LAX] GET /static/audio/578_collapse.mp3 -> 206 (0ms)
2026-01-28 09:22:03 INFO werkzeug [req=-] 127.0.0.1 - - [28/Jan/2026 09:22:03] "[35m[1mGET /static/audio/578_collapse.mp3 HTTP/1.1[0m" 206 -
2026-01-28 09:22:03 INFO app [req=9c4f6c52da5d8e58-LAX] GET /favicon.ico -> 404 (0ms)
2026-01-28 09:22:03 INFO werkzeug [req=-] 127.0.0.1 - - [28/Jan/2026 09:22:03] "[33mGET /favicon.ico HTTP/1.1[0m" 404 -
2026-01-28 09:22:18 INFO app [req=9c4f6caefab58e58-LAX] GET /session -> 200 (7ms)
2026-01-28 09:22:18 INFO werkzeug [req=-] 127.0.0.1 - - [28/Jan/2026 09:22:18] "GET /session HTTP/1.1" 200 -
2026-01-28 09:22:41 INFO app [req=9c4f6d40ba268e58-LAX] GET /static/css/unfamiliar_words.css -> 304 (0ms)
2026-01-28 09:22:41 INFO werkzeug [req=-] 127.0.0.1 - - [28/Jan/2026 09:22:41] "[36mGET /static/css/unfamiliar_words.css HTTP/1.1[0m" 304 -
2026-01-28 09:22:44 INFO app [req=9c4f6d55bdb48e58-LAX] GET /static/audio/371_baste.mp3 -> 206 (0ms)
2026-01-28 09:22:44 INFO werkzeug [req=-] 127.0.0.1 - - [28/Jan/2026 09:22:44] "[35m[1mGET /static/audio/371_baste.mp3 HTTP/1.1[0m" 206 -
2026-01-28 09:22:49 INFO app [req=9c4f6d734a3f8e58-LAX] GET /static/js/unfamiliar_words.js -> 304 (0ms)
2026-01-28 09:22:49 INFO werkzeug [req=-] 127.0.0.1 - - [28/Jan/2026 09:22:49] "[36mGET /static/js/unfamiliar_words.js HTTP/1.1[0m" 304 -
2026-01-28 09:22:52 INFO app [req=9c4f6d864d798e58-LAX] GET /static/audio/371_baste.mp3 -> 206 (0ms)
2026-01-28 09:22:52 INFO werkzeug [req=-] 127.0.0.1 - - [28/Jan/2026 09:22:52] "[35m[1mGET /static/audio/371_baste.mp3 HTTP/1.1[0m" 206 -
2026-01-28 09:23:00 INFO app [req=9c4f6db70d818e58-LAX] GET /static/audio/371_baste.mp3 -> 206 (0ms)
2026-01-28 09:23:00 INFO werkzeug [req=-] 127.0.0.1 - - [28/Jan/2026 09:23:00] "[35m[1mGET /static/audio/371_baste.mp3 HTTP/1.1[0m" 206 -
2026-01-28 09:23:07 INFO app [req=9c4f6de24d268e58-LAX] POST /session/aa01fbc3259c47b8abae020a6c5defa6/grade -> 200 (7ms)
2026-01-28 09:23:07 INFO werkzeug [req=-] 127.0.0.1 - - [28/Jan/2026 09:23:07] "POST /session/aa01fbc3259c47b8abae020a6c5defa6/grade HTTP/1.1" 200 -
2026-01-28 09:23:20 INFO app [req=9c4f6e35d8b98e58-LAX] GET /session -> 200 (4ms)
2026-01-28 09:23:20 INFO werkzeug [req=-] 127.0.0.1 - - [28/Jan/2026 09:23:20] "GET /session HTTP/1.1" 200 -
2026-01-28 09:23:26 INFO app [req=9c4f6e586e7b8e58-LAX] GET /static/css/unfamiliar_words.css -> 304 (0ms)
2026-01-28 09:23:26 INFO werkzeug [req=-] 127.0.0.1 - - [28/Jan/2026 09:23:26] "[36mGET /static/css/unfamiliar_words.css HTTP/1.1[0m" 304 -
2026-01-28 09:23:28 INFO app [req=9c4f6e6478cc8e58-LAX] GET /static/audio/578_collapse.mp3 -> 206 (0ms)
2026-01-28 09:23:28 INFO werkzeug [req=-] 127.0.0.1 - - [28/Jan/2026 09:23:28] "[35m[1mGET /static/audio/578_collapse.mp3 HTTP/1.1[0m" 206 -
2026-01-28 09:23:32 INFO app [req=9c4f6e807c4d8e58-LAX] GET /static/audio/578_collapse.mp3 -> 206 (0ms)
2026-01-28 09:23:32 INFO werkzeug [req=-] 127.0.0.1 - - [28/Jan/2026 09:23:32] "[35m[1mGET /static/audio/578_collapse.mp3 HTTP/1.1[0m" 206 -
2026-01-28 09:23:38 INFO app [req=9c4f6ea86a338e58-LAX] GET /static/js/unfamiliar_words.js -> 304 (0ms)
2026-01-28 09:23:38 INFO werkzeug [req=-] 127.0.0.1 - - [28/Jan/2026 09:23:38] "[36mGET /static/js/unfamiliar_words.js HTTP/1.1[0m" 304 -
2026-01-28 09:23:41 INFO app [req=9c4f6eb7cbfb8e58-LAX] GET /static/audio/578_collapse.mp3 -> 206 (0ms)
2026-01-28 09:23:41 INFO werkzeug [req=-] 127.0.0.1 - - [28/Jan/2026 09:23:41] "[35m[1mGET /static/audio/578_collapse.mp3 HTTP/1.1[0m" 206 -
2026-01-28 09:23:49 INFO app [req=9c4f6eea4cb88e58-LAX] POST /session/aa01fbc3259c47b8abae020a6c5defa6/grade -> 200 (7ms)
2026-01-28 09:23:49 INFO werkzeug [req=-] 127.0.0.1 - - [28/Jan/2026 09:23:49] "POST /session/aa01fbc3259c47b8abae020a6c5defa6/grade HTTP/1.1" 200 -
2026-01-28 09:24:09 INFO app [req=9c4f6f660d478e58-LAX] GET /session -> 200 (7ms)
2026-01-28 09:24:09 INFO werkzeug [req=-] 127.0.0.1 - - [28/Jan/2026 09:24:09] "GET /session HTTP/1.1" 200 -
2026-01-28 09:24:13 INFO app [req=9c4f6f82794b8e58-LAX] GET /static/css/unfamiliar_words.css -> 304 (0ms)
2026-01-28 09:24:13 INFO werkzeug [req=-] 127.0.0.1 - - [28/Jan/2026 09:24:13] "[36mGET /static/css/unfamiliar_words.css HTTP/1.1[0m" 304 -
2026-01-28 09:24:15 INFO app [req=9c4f6f8a7a928e58-LAX] GET /static/audio/289_assassinate.mp3 -> 200 (0ms)
2026-01-28 09:24:15 INFO werkzeug [req=-] 127.0.0.1 - - [28/Jan/2026 09:24:15] "GET /static/audio/289_assassinate.mp3 HTTP/1.1" 200 -
2026-01-28 09:24:17 INFO app [req=9c4f6f971ca58e58-LAX] GET /static/js/unfamiliar_words.js -> 304 (0ms)
2026-01-28 09:24:17 INFO werkzeug [req=-] 127.0.0.1 - - [28/Jan/2026 09:24:17] "[36mGET /static/js/unfamiliar_words.js HTTP/1.1[0m" 304 -
2026-01-28 09:24:18 INFO app [req=9c4f6f9d5dab8e58-LAX] GET /static/audio/289_assassinate.mp3 -> 206 (0ms)
2026-01-28 09:24:18 INFO werkzeug [req=-] 127.0.0.1 - - [28/Jan/2026 09:24:18] "[35m[1mGET /static/audio/289_assassinate.mp3 HTTP/1.1[0m" 206 -
2026-01-28 09:24:22 INFO app [req=9c4f6fb80a108e58-LAX] GET /static/audio/289_assassinate.mp3 -> 206 (0ms)
2026-01-28 09:24:22 INFO werkzeug [req=-] 127.0.0.1 - - [28/Jan/2026 09:24:22] "[35m[1mGET /static/audio/289_assassinate.mp3 HTTP/1.1[0m" 206 -
2026-01-28 09:24:57 INFO app [req=9c4f7095db308e58-LAX] GET /dashboard -> 200 (9ms)
2026-01-28 09:24:57 INFO werkzeug [req=-] 127.0.0.1 - - [28/Jan/2026 09:24:57] "GET /dashboard HTTP/1.1" 200 -
2026-01-28 09:25:16 INFO app [req=9c4f710cbdb08e58-LAX] GET /new-toefl/practice -> 200 (4ms)
2026-01-28 09:25:16 INFO werkzeug [req=-] 127.0.0.1 - - [28/Jan/2026 09:25:16] "GET /new-toefl/practice HTTP/1.1" 200 -
2026-01-28 09:26:24 INFO app [req=9c4f72b0a9078e58-LAX] GET /exercises -> 200 (6ms)
2026-01-28 09:26:24 INFO werkzeug [req=-] 127.0.0.1 - - [28/Jan/2026 09:26:24] "GET /exercises HTTP/1.1" 200 -
2026-01-28 09:29:45 INFO app [req=9c4f77988b3769ac-LAX] GET /session -> 200 (12ms)
2026-01-28 09:29:45 INFO werkzeug [req=-] 127.0.0.1 - - [28/Jan/2026 09:29:45] "GET /session HTTP/1.1" 200 -
2026-01-28 09:29:45 INFO app [req=9c4f779cab6869ac-LAX] GET /static/audio/289_assassinate.mp3 -> 206 (0ms)
2026-01-28 09:29:45 INFO werkzeug [req=-] 127.0.0.1 - - [28/Jan/2026 09:29:45] "[35m[1mGET /static/audio/289_assassinate.mp3 HTTP/1.1[0m" 206 -
2026-01-28 09:29:46 INFO app [req=9c4f77a04b8069ac-LAX] GET /static/audio/289_assassinate.mp3 -> 206 (0ms)
2026-01-28 09:29:46 INFO werkzeug [req=-] 127.0.0.1 - - [28/Jan/2026 09:29:46] "[35m[1mGET /static/audio/289_assassinate.mp3 HTTP/1.1[0m" 206 -
2026-01-28 09:30:10 INFO app [req=9c4f78328acfdc57-BOM] GET /wp-includes/js/ -> 404 (0ms)
2026-01-28 09:30:10 INFO werkzeug [req=-] 127.0.0.1 - - [28/Jan/2026 09:30:10] "[33mGET /wp-includes/js/ HTTP/1.1[0m" 404 -
2026-01-28 09:30:10 INFO app [req=9c4f7837e988dc57-BOM] GET /wp-includes/pomo/ -> 404 (0ms)
2026-01-28 09:30:10 INFO werkzeug [req=-] 127.0.0.1 - - [28/Jan/2026 09:30:10] "[33mGET /wp-includes/pomo/ HTTP/1.1[0m" 404 -
2026-01-28 09:30:11 INFO app [req=9c4f7839ef29dc57-BOM] GET /wp-includes/rest-api/ -> 404 (0ms)
2026-01-28 09:30:11 INFO werkzeug [req=-] 127.0.0.1 - - [28/Jan/2026 09:30:11] "[33mGET /wp-includes/rest-api/ HTTP/1.1[0m" 404 -
2026-01-28 09:30:11 INFO app [req=9c4f783bdc0adc57-BOM] GET /wp-includes/widgets/ -> 404 (0ms)
2026-01-28 09:30:11 INFO werkzeug [req=-] 127.0.0.1 - - [28/Jan/2026 09:30:11] "[33mGET /wp-includes/widgets/ HTTP/1.1[0m" 404 -
2026-01-28 09:30:11 INFO app [req=9c4f783dd957dc57-BOM] GET /wp-admin/css/ -> 404 (0ms)
2026-01-28 09:30:11 INFO werkzeug [req=-] 127.0.0.1 - - [28/Jan/2026 09:30:11] "[33mGET /wp-admin/css/ HTTP/1.1[0m" 404 -
2026-01-28 09:30:11 INFO app [req=9c4f783fdf25dc57-BOM] GET /wp-admin/images/ -> 404 (0ms)
2026-01-28 09:30:11 INFO werkzeug [req=-] 127.0.0.1 - - [28/Jan/2026 09:30:11] "[33mGET /wp-admin/images/ HTTP/1.1[0m" 404 -
2026-01-28 09:30:12 INFO app [req=9c4f7841dd30dc57-BOM] GET /wp-admin/maint/ -> 404 (0ms)
2026-01-28 09:30:12 INFO werkzeug [req=-] 127.0.0.1 - - [28/Jan/2026 09:30:12] "[33mGET /wp-admin/maint/ HTTP/1.1[0m" 404 -
2026-01-28 09:30:12 INFO app [req=9c4f7843cae3dc57-BOM] GET /wp-admin/meta/ -> 404 (0ms)
2026-01-28 09:30:12 INFO werkzeug [req=-] 127.0.0.1 - - [28/Jan/2026 09:30:12] "[33mGET /wp-admin/meta/ HTTP/1.1[0m" 404 -
2026-01-28 09:30:12 INFO app [req=9c4f7845b87fdc57-BOM] GET /wp-admin/network/ -> 404 (0ms)
2026-01-28 09:30:12 INFO werkzeug [req=-] 127.0.0.1 - - [28/Jan/2026 09:30:12] "[33mGET /wp-admin/network/ HTTP/1.1[0m" 404 -
2026-01-28 09:30:13 INFO app [req=9c4f7847bd9cdc57-BOM] GET /wp-admin/user/ -> 404 (0ms)
2026-01-28 09:30:13 INFO werkzeug [req=-] 127.0.0.1 - - [28/Jan/2026 09:30:13] "[33mGET /wp-admin/user/ HTTP/1.1[0m" 404 -
2026-01-28 09:30:13 INFO app [req=9c4f7849bb09dc57-BOM] GET /wp-content/ -> 404 (0ms)
2026-01-28 09:30:13 INFO werkzeug [req=-] 127.0.0.1 - - [28/Jan/2026 09:30:13] "[33mGET /wp-content/ HTTP/1.1[0m" 404 -
2026-01-28 09:30:13 INFO app [req=9c4f784ba895dc57-BOM] GET /wp-content/plugins/ -> 404 (1ms)
2026-01-28 09:30:13 INFO werkzeug [req=-] 127.0.0.1 - - [28/Jan/2026 09:30:13] "[33mGET /wp-content/plugins/ HTTP/1.1[0m" 404 -
2026-01-28 09:30:14 INFO app [req=9c4f784d9de7dc57-BOM] GET /wp-content/themes/ -> 404 (0ms)
2026-01-28 09:30:14 INFO werkzeug [req=-] 127.0.0.1 - - [28/Jan/2026 09:30:14] "[33mGET /wp-content/themes/ HTTP/1.1[0m" 404 -
2026-01-28 09:30:14 INFO app [req=9c4f784f9b48dc57-BOM] GET /wp-admin/includes/ -> 404 (0ms)
2026-01-28 09:30:14 INFO werkzeug [req=-] 127.0.0.1 - - [28/Jan/2026 09:30:14] "[33mGET /wp-admin/includes/ HTTP/1.1[0m" 404 -
2026-01-28 09:30:14 INFO app [req=9c4f7851989fdc57-BOM] GET /wp-admin/ -> 404 (0ms)
2026-01-28 09:30:14 INFO werkzeug [req=-] 127.0.0.1 - - [28/Jan/2026 09:30:14] "[33mGET /wp-admin/ HTTP/1.1[0m" 404 -
2026-01-28 09:30:15 INFO app [req=9c4f78538e17dc57-BOM] GET /wp-content/upgrade/ -> 404 (0ms)
2026-01-28 09:30:15 INFO werkzeug [req=-] 127.0.0.1 - - [28/Jan/2026 09:30:15] "[33mGET /wp-content/upgrade/ HTTP/1.1[0m" 404 -
2026-01-28 09:30:15 INFO app [req=9c4f78558bb5dc57-BOM] GET /wp-content/uploads/ -> 404 (0ms)
2026-01-28 09:30:15 INFO werkzeug [req=-] 127.0.0.1 - - [28/Jan/2026 09:30:15] "[33mGET /wp-content/uploads/ HTTP/1.1[0m" 404 -
2026-01-28 09:30:15 INFO app [req=9c4f7857891edc57-BOM] GET /wp-includes/ -> 404 (0ms)
2026-01-28 09:30:15 INFO werkzeug [req=-] 127.0.0.1 - - [28/Jan/2026 09:30:15] "[33mGET /wp-includes/ HTTP/1.1[0m" 404 -
2026-01-28 09:30:16 INFO app [req=9c4f78598e96dc57-BOM] GET /wp-includes/css/ -> 404 (0ms)
2026-01-28 09:30:16 INFO werkzeug [req=-] 127.0.0.1 - - [28/Jan/2026 09:30:16] "[33mGET /wp-includes/css/ HTTP/1.1[0m" 404 -
2026-01-28 09:30:16 INFO app [req=9c4f785b7c10dc57-BOM] GET /wp-includes/ID3/ -> 404 (0ms)
2026-01-28 09:30:16 INFO werkzeug [req=-] 127.0.0.1 - - [28/Jan/2026 09:30:16] "[33mGET /wp-includes/ID3/ HTTP/1.1[0m" 404 -
2026-01-28 09:30:16 INFO app [req=9c4f785d68cddc57-BOM] GET /wp-includes/IXR/ -> 404 (0ms)
2026-01-28 09:30:16 INFO werkzeug [req=-] 127.0.0.1 - - [28/Jan/2026 09:30:16] "[33mGET /wp-includes/IXR/ HTTP/1.1[0m" 404 -
2026-01-28 09:30:17 INFO app [req=9c4f785f6dcfdc57-BOM] GET /wp-includes/Requests/ -> 404 (0ms)
2026-01-28 09:30:17 INFO werkzeug [req=-] 127.0.0.1 - - [28/Jan/2026 09:30:17] "[33mGET /wp-includes/Requests/ HTTP/1.1[0m" 404 -
2026-01-28 09:30:17 INFO app [req=9c4f78615b29dc57-BOM] GET /wp-includes/SimplePie/ -> 404 (0ms)
2026-01-28 09:30:17 INFO werkzeug [req=-] 127.0.0.1 - - [28/Jan/2026 09:30:17] "[33mGET /wp-includes/SimplePie/ HTTP/1.1[0m" 404 -
2026-01-28 09:30:17 INFO app [req=9c4f78634851dc57-BOM] GET /wp-includes/Text/ -> 404 (0ms)
2026-01-28 09:30:17 INFO werkzeug [req=-] 127.0.0.1 - - [28/Jan/2026 09:30:17] "[33mGET /wp-includes/Text/ HTTP/1.1[0m" 404 -
2026-01-28 09:30:17 INFO app [req=9c4f78653d85dc57-BOM] GET /wp-content/mu-plugins-old/ -> 404 (0ms)
2026-01-28 09:30:17 INFO werkzeug [req=-] 127.0.0.1 - - [28/Jan/2026 09:30:17] "[33mGET /wp-content/mu-plugins-old/ HTTP/1.1[0m" 404 -
2026-01-28 09:30:18 INFO app [req=9c4f78671b0bdc57-BOM] GET /wp-content/themes/classic/inc/ -> 404 (0ms)
2026-01-28 09:30:18 INFO werkzeug [req=-] 127.0.0.1 - - [28/Jan/2026 09:30:18] "[33mGET /wp-content/themes/classic/inc/ HTTP/1.1[0m" 404 -
2026-01-28 09:30:18 INFO app [req=9c4f7869186cdc57-BOM] GET /wp-content/plugins/ninja-forms/ -> 404 (0ms)
2026-01-28 09:30:18 INFO werkzeug [req=-] 127.0.0.1 - - [28/Jan/2026 09:30:18] "[33mGET /wp-content/plugins/ninja-forms/ HTTP/1.1[0m" 404 -
2026-01-28 09:30:18 INFO app [req=9c4f786b1e8edc57-BOM] GET /wp-content/mu-plugins/ -> 404 (0ms)
2026-01-28 09:30:18 INFO werkzeug [req=-] 127.0.0.1 - - [28/Jan/2026 09:30:18] "[33mGET /wp-content/mu-plugins/ HTTP/1.1[0m" 404 -
2026-01-28 09:30:19 INFO app [req=9c4f786d1cc8dc57-BOM] GET /wp-includes/Text/Diff/Renderer/ -> 404 (0ms)
2026-01-28 09:30:19 INFO werkzeug [req=-] 127.0.0.1 - - [28/Jan/2026 09:30:19] "[33mGET /wp-includes/Text/Diff/Renderer/ HTTP/1.1[0m" 404 -
2026-01-28 09:30:19 INFO app [req=9c4f786ef9dfdc57-BOM] GET /wp-includes/blocks/ -> 404 (0ms)
2026-01-28 09:30:19 INFO werkzeug [req=-] 127.0.0.1 - - [28/Jan/2026 09:30:19] "[33mGET /wp-includes/blocks/ HTTP/1.1[0m" 404 -
2026-01-28 09:30:19 INFO app [req=9c4f7870eee0dc57-BOM] GET /wp-includes/certificates/ -> 404 (0ms)
2026-01-28 09:30:19 INFO werkzeug [req=-] 127.0.0.1 - - [28/Jan/2026 09:30:19] "[33mGET /wp-includes/certificates/ HTTP/1.1[0m" 404 -
2026-01-28 09:30:20 INFO app [req=9c4f7872dc1edc57-BOM] GET /wp-includes/customize/ -> 404 (0ms)
2026-01-28 09:30:20 INFO werkzeug [req=-] 127.0.0.1 - - [28/Jan/2026 09:30:20] "[33mGET /wp-includes/customize/ HTTP/1.1[0m" 404 -
2026-01-28 09:30:20 INFO app [req=9c4f7874d91adc57-BOM] GET /wp-includes/fonts/ -> 404 (0ms)
2026-01-28 09:30:20 INFO werkzeug [req=-] 127.0.0.1 - - [28/Jan/2026 09:30:20] "[33mGET /wp-includes/fonts/ HTTP/1.1[0m" 404 -
2026-01-28 09:30:20 INFO app [req=9c4f7876ce0cdc57-BOM] GET /wp-includes/images/ -> 404 (0ms)
2026-01-28 09:30:20 INFO werkzeug [req=-] 127.0.0.1 - - [28/Jan/2026 09:30:20] "[33mGET /wp-includes/images/ HTTP/1.1[0m" 404 -
2026-01-28 09:30:21 INFO app [req=9c4f7878bb10dc57-BOM] GET /.well-known/ -> 404 (0ms)
2026-01-28 09:30:21 INFO werkzeug [req=-] 127.0.0.1 - - [28/Jan/2026 09:30:21] "[33mGET /.well-known/ HTTP/1.1[0m" 404 -
2026-01-28 09:30:21 INFO app [req=9c4f787ab876dc57-BOM] GET /wp-includes/assets/ -> 404 (0ms)
2026-01-28 09:30:21 INFO werkzeug [req=-] 127.0.0.1 - - [28/Jan/2026 09:30:21] "[33mGET /wp-includes/assets/ HTTP/1.1[0m" 404 -
2026-01-28 09:30:21 INFO app [req=9c4f787cae14dc57-BOM] GET /wp-includes/Text/Diff/Engine/ -> 404 (0ms)
2026-01-28 09:30:21 INFO werkzeug [req=-] 127.0.0.1 - - [28/Jan/2026 09:30:21] "[33mGET /wp-includes/Text/Diff/Engine/ HTTP/1.1[0m" 404 -
2026-01-28 09:30:22 INFO app [req=9c4f787eac4fdc57-BOM] GET /wp-includes/block-patterns/ -> 404 (0ms)
2026-01-28 09:30:22 INFO werkzeug [req=-] 127.0.0.1 - - [28/Jan/2026 09:30:22] "[33mGET /wp-includes/block-patterns/ HTTP/1.1[0m" 404 -
2026-01-28 09:30:22 INFO app [req=9c4f788099d3dc57-BOM] GET /wp-includes/Text/Diff/ -> 404 (0ms)
2026-01-28 09:30:22 INFO werkzeug [req=-] 127.0.0.1 - - [28/Jan/2026 09:30:22] "[33mGET /wp-includes/Text/Diff/ HTTP/1.1[0m" 404 -
2026-01-28 09:30:22 INFO app [req=9c4f78828fbadc57-BOM] GET /wp-includes/block-supports/ -> 404 (0ms)
2026-01-28 09:30:22 INFO werkzeug [req=-] 127.0.0.1 - - [28/Jan/2026 09:30:22] "[33mGET /wp-includes/block-supports/ HTTP/1.1[0m" 404 -
2026-01-28 09:30:22 INFO app [req=9c4f78847d04dc57-BOM] GET /wp-includes/SimplePie/Cache/ -> 404 (0ms)
2026-01-28 09:30:22 INFO werkzeug [req=-] 127.0.0.1 - - [28/Jan/2026 09:30:22] "[33mGET /wp-includes/SimplePie/Cache/ HTTP/1.1[0m" 404 -
2026-01-28 09:30:23 INFO app [req=9c4f78866a00dc57-BOM] GET /wp-includes/SimplePie/Content/Type/ -> 404 (0ms)
2026-01-28 09:30:23 INFO werkzeug [req=-] 127.0.0.1 - - [28/Jan/2026 09:30:23] "[33mGET /wp-includes/SimplePie/Content/Type/ HTTP/1.1[0m" 404 -
2026-01-28 09:30:23 INFO app [req=9c4f78885f74dc57-BOM] GET /wp-includes/SimplePie/Content/ -> 404 (0ms)
2026-01-28 09:30:23 INFO werkzeug [req=-] 127.0.0.1 - - [28/Jan/2026 09:30:23] "[33mGET /wp-includes/SimplePie/Content/ HTTP/1.1[0m" 404 -
2026-01-28 09:30:23 INFO app [req=9c4f788a4d72dc57-BOM] GET /wp-includes/rest-api/endpoints/ -> 404 (0ms)
2026-01-28 09:30:23 INFO werkzeug [req=-] 127.0.0.1 - - [28/Jan/2026 09:30:23] "[33mGET /wp-includes/rest-api/endpoints/ HTTP/1.1[0m" 404 -
2026-01-28 09:30:24 INFO app [req=9c4f788c5ae7dc57-BOM] GET /wp-includes/rest-api/fields/ -> 404 (0ms)
2026-01-28 09:30:24 INFO werkzeug [req=-] 127.0.0.1 - - [28/Jan/2026 09:30:24] "[33mGET /wp-includes/rest-api/fields/ HTTP/1.1[0m" 404 -
2026-01-28 09:30:24 INFO app [req=9c4f788e48b7dc57-BOM] GET /wp-includes/Requests/Cookie/ -> 404 (0ms)
2026-01-28 09:30:24 INFO werkzeug [req=-] 127.0.0.1 - - [28/Jan/2026 09:30:24] "[33mGET /wp-includes/Requests/Cookie/ HTTP/1.1[0m" 404 -
2026-01-28 09:30:24 INFO app [req=9c4f78903ef6dc57-BOM] GET /wp-includes/Requests/Proxy/ -> 404 (0ms)
2026-01-28 09:30:24 INFO werkzeug [req=-] 127.0.0.1 - - [28/Jan/2026 09:30:24] "[33mGET /wp-includes/Requests/Proxy/ HTTP/1.1[0m" 404 -
2026-01-28 09:30:25 INFO app [req=9c4f78923c21dc57-BOM] GET /wp-includes/Requests/Response/ -> 404 (0ms)
2026-01-28 09:30:25 INFO werkzeug [req=-] 127.0.0.1 - - [28/Jan/2026 09:30:25] "[33mGET /wp-includes/Requests/Response/ HTTP/1.1[0m" 404 -
2026-01-28 09:30:25 INFO app [req=9c4f78943979dc57-BOM] GET /wp-includes/Requests/Transport/ -> 404 (0ms)
2026-01-28 09:30:25 INFO werkzeug [req=-] 127.0.0.1 - - [28/Jan/2026 09:30:25] "[33mGET /wp-includes/Requests/Transport/ HTTP/1.1[0m" 404 -
2026-01-28 09:30:25 INFO app [req=9c4f78962edfdc57-BOM] GET /wp-includes/Requests/Utility/ -> 404 (0ms)
2026-01-28 09:30:25 INFO werkzeug [req=-] 127.0.0.1 - - [28/Jan/2026 09:30:25] "[33mGET /wp-includes/Requests/Utility/ HTTP/1.1[0m" 404 -
2026-01-28 09:30:26 INFO app [req=9c4f78982bbbdc57-BOM] GET /wp-includes/js/codemirror/ -> 404 (0ms)
2026-01-28 09:30:26 INFO werkzeug [req=-] 127.0.0.1 - - [28/Jan/2026 09:30:26] "[33mGET /wp-includes/js/codemirror/ HTTP/1.1[0m" 404 -
2026-01-28 09:30:26 INFO app [req=9c4f789a28c9dc57-BOM] GET /wp-includes/Requests/Exception/HTTP/ -> 404 (0ms)
2026-01-28 09:30:26 INFO werkzeug [req=-] 127.0.0.1 - - [28/Jan/2026 09:30:26] "[33mGET /wp-includes/Requests/Exception/HTTP/ HTTP/1.1[0m" 404 -
2026-01-28 09:30:26 INFO app [req=9c4f789c1df8dc57-BOM] GET /wp-includes/js/crop/ -> 404 (0ms)
2026-01-28 09:30:26 INFO werkzeug [req=-] 127.0.0.1 - - [28/Jan/2026 09:30:26] "[33mGET /wp-includes/js/crop/ HTTP/1.1[0m" 404 -
2026-01-28 09:30:27 INFO app [req=9c4f789e1b6ddc57-BOM] GET /wp-includes/images/crystal/ -> 404 (0ms)
2026-01-28 09:30:27 INFO werkzeug [req=-] 127.0.0.1 - - [28/Jan/2026 09:30:27] "[33mGET /wp-includes/images/crystal/ HTTP/1.1[0m" 404 -
2026-01-28 09:30:27 INFO app [req=9c4f78a008c7dc57-BOM] GET /wp-includes/images/media/ -> 404 (0ms)
2026-01-28 09:30:27 INFO werkzeug [req=-] 127.0.0.1 - - [28/Jan/2026 09:30:27] "[33mGET /wp-includes/images/media/ HTTP/1.1[0m" 404 -
2026-01-28 09:30:27 INFO app [req=9c4f78a20df6dc57-BOM] GET /wp-includes/images/smilies/ -> 404 (0ms)
2026-01-28 09:30:27 INFO werkzeug [req=-] 127.0.0.1 - - [28/Jan/2026 09:30:27] "[33mGET /wp-includes/images/smilies/ HTTP/1.1[0m" 404 -
2026-01-28 09:30:28 INFO app [req=9c4f78a3faeedc57-BOM] GET /wp-includes/images/wlw/ -> 404 (0ms)
2026-01-28 09:30:28 INFO werkzeug [req=-] 127.0.0.1 - - [28/Jan/2026 09:30:28] "[33mGET /wp-includes/images/wlw/ HTTP/1.1[0m" 404 -
2026-01-28 09:30:28 INFO app [req=9c4f78a5e804dc57-BOM] GET /wp-includes/rest-api/search/ -> 404 (0ms)
2026-01-28 09:30:28 INFO werkzeug [req=-] 127.0.0.1 - - [28/Jan/2026 09:30:28] "[33mGET /wp-includes/rest-api/search/ HTTP/1.1[0m" 404 -
2026-01-28 09:30:28 INFO app [req=9c4f78a7dd34dc57-BOM] GET /wp-includes/Requests/Exception/ -> 404 (0ms)
2026-01-28 09:30:28 INFO werkzeug [req=-] 127.0.0.1 - - [28/Jan/2026 09:30:28] "[33mGET /wp-includes/Requests/Exception/ HTTP/1.1[0m" 404 -
2026-01-28 09:30:28 INFO app [req=9c4f78a9ca28dc57-BOM] GET /wp-includes/Requests/Auth/ -> 404 (0ms)
2026-01-28 09:30:28 INFO werkzeug [req=-] 127.0.0.1 - - [28/Jan/2026 09:30:28] "[33mGET /wp-includes/Requests/Auth/ HTTP/1.1[0m" 404 -
2026-01-28 09:30:29 INFO app [req=9c4f78abbf4edc57-BOM] GET /wp-includes/sodium_compat/src/ -> 404 (0ms)
2026-01-28 09:30:29 INFO werkzeug [req=-] 127.0.0.1 - - [28/Jan/2026 09:30:29] "[33mGET /wp-includes/sodium_compat/src/ HTTP/1.1[0m" 404 -
2026-01-28 09:30:29 INFO app [req=9c4f78adbc81dc57-BOM] GET /wp-includes/sitemaps/providers/ -> 404 (0ms)
2026-01-28 09:30:29 INFO werkzeug [req=-] 127.0.0.1 - - [28/Jan/2026 09:30:29] "[33mGET /wp-includes/sitemaps/providers/ HTTP/1.1[0m" 404 -
2026-01-28 09:30:29 INFO app [req=9c4f78afa9e6dc57-BOM] GET /wp-includes/Text/Diff/Engine/Engine/ -> 404 (0ms)
2026-01-28 09:30:29 INFO werkzeug [req=-] 127.0.0.1 - - [28/Jan/2026 09:30:29] "[33mGET /wp-includes/Text/Diff/Engine/Engine/ HTTP/1.1[0m" 404 -
2026-01-28 09:30:30 INFO app [req=9c4f78b1af44dc57-BOM] GET /wp-includes/html-api/ -> 404 (0ms)
2026-01-28 09:30:30 INFO werkzeug [req=-] 127.0.0.1 - - [28/Jan/2026 09:30:30] "[33mGET /wp-includes/html-api/ HTTP/1.1[0m" 404 -
2026-01-28 09:30:30 INFO app [req=9c4f78b39c9cdc57-BOM] GET /wp-includes/php-compat/ -> 404 (0ms)
2026-01-28 09:30:30 INFO werkzeug [req=-] 127.0.0.1 - - [28/Jan/2026 09:30:30] "[33mGET /wp-includes/php-compat/ HTTP/1.1[0m" 404 -
2026-01-28 09:30:30 INFO app [req=9c4f78b59994dc57-BOM] GET /wp-includes/PHPMailer/ -> 404 (0ms)
2026-01-28 09:30:30 INFO werkzeug [req=-] 127.0.0.1 - - [28/Jan/2026 09:30:30] "[33mGET /wp-includes/PHPMailer/ HTTP/1.1[0m" 404 -
2026-01-28 09:30:31 INFO app [req=9c4f78b78ea4dc57-BOM] GET /wp-includes/random_compat/ -> 404 (0ms)
2026-01-28 09:30:31 INFO werkzeug [req=-] 127.0.0.1 - - [28/Jan/2026 09:30:31] "[33mGET /wp-includes/random_compat/ HTTP/1.1[0m" 404 -
2026-01-28 09:30:31 INFO app [req=9c4f78b98bb6dc57-BOM] GET /wp-includes/sitemaps/ -> 404 (0ms)
2026-01-28 09:30:31 INFO werkzeug [req=-] 127.0.0.1 - - [28/Jan/2026 09:30:31] "[33mGET /wp-includes/sitemaps/ HTTP/1.1[0m" 404 -
2026-01-28 09:30:31 INFO app [req=9c4f78bb8a01dc57-BOM] GET /wp-includes/sodium_compat/ -> 404 (0ms)
2026-01-28 09:30:31 INFO werkzeug [req=-] 127.0.0.1 - - [28/Jan/2026 09:30:31] "[33mGET /wp-includes/sodium_compat/ HTTP/1.1[0m" 404 -
2026-01-28 09:30:32 INFO app [req=9c4f78bd7f3ddc57-BOM] GET /wp-includes/style-engine/ -> 404 (0ms)
2026-01-28 09:30:32 INFO werkzeug [req=-] 127.0.0.1 - - [28/Jan/2026 09:30:32] "[33mGET /wp-includes/style-engine/ HTTP/1.1[0m" 404 -
2026-01-28 09:30:32 INFO app [req=9c4f78bf7c62dc57-BOM] GET /wp-includes/theme-compat/ -> 404 (0ms)
2026-01-28 09:30:32 INFO werkzeug [req=-] 127.0.0.1 - - [28/Jan/2026 09:30:32] "[33mGET /wp-includes/theme-compat/ HTTP/1.1[0m" 404 -
2026-01-28 09:30:32 INFO app [req=9c4f78c16a06dc57-BOM] GET /wp-admin/css/colors/ectoplasm/ -> 404 (0ms)
2026-01-28 09:30:32 INFO werkzeug [req=-] 127.0.0.1 - - [28/Jan/2026 09:30:32] "[33mGET /wp-admin/css/colors/ectoplasm/ HTTP/1.1[0m" 404 -
2026-01-28 09:30:33 INFO app [req=9c4f78c37fb7dc57-BOM] GET /wp-admin/css/colors/ -> 404 (0ms)
2026-01-28 09:30:33 INFO werkzeug [req=-] 127.0.0.1 - - [28/Jan/2026 09:30:33] "[33mGET /wp-admin/css/colors/ HTTP/1.1[0m" 404 -
2026-01-28 09:30:33 INFO app [req=9c4f78c55ce6dc57-BOM] GET /ALFA_DATA/ -> 404 (0ms)
2026-01-28 09:30:33 INFO werkzeug [req=-] 127.0.0.1 - - [28/Jan/2026 09:30:33] "[33mGET /ALFA_DATA/ HTTP/1.1[0m" 404 -
2026-01-28 09:30:33 INFO app [req=9c4f78c74bcadc57-BOM] GET /.well-knownold/ -> 404 (0ms)
2026-01-28 09:30:33 INFO werkzeug [req=-] 127.0.0.1 - - [28/Jan/2026 09:30:33] "[33mGET /.well-knownold/ HTTP/1.1[0m" 404 -
2026-01-28 09:30:33 INFO app [req=9c4f78c949dadc57-BOM] GET /.well-known/acme-challenge/ -> 404 (0ms)
2026-01-28 09:30:33 INFO werkzeug [req=-] 127.0.0.1 - - [28/Jan/2026 09:30:33] "[33mGET /.well-known/acme-challenge/ HTTP/1.1[0m" 404 -
2026-01-28 09:30:34 INFO app [req=9c4f78cb3fcbdc57-BOM] GET /cgi-bin/ -> 404 (0ms)
2026-01-28 09:30:34 INFO werkzeug [req=-] 127.0.0.1 - - [28/Jan/2026 09:30:34] "[33mGET /cgi-bin/ HTTP/1.1[0m" 404 -
2026-01-28 09:30:34 INFO app [req=9c4f78cd2ca5dc57-BOM] GET /uploads/ -> 404 (0ms)
2026-01-28 09:30:34 INFO werkzeug [req=-] 127.0.0.1 - - [28/Jan/2026 09:30:34] "[33mGET /uploads/ HTTP/1.1[0m" 404 -
2026-01-28 09:30:34 INFO app [req=9c4f78cf1a2fdc57-BOM] GET /upload/ -> 404 (0ms)
2026-01-28 09:30:34 INFO werkzeug [req=-] 127.0.0.1 - - [28/Jan/2026 09:30:34] "[33mGET /upload/ HTTP/1.1[0m" 404 -
2026-01-28 09:30:35 INFO app [req=9c4f78d10fa9dc57-BOM] GET /admin/uploads/ -> 404 (0ms)
2026-01-28 09:30:35 INFO werkzeug [req=-] 127.0.0.1 - - [28/Jan/2026 09:30:35] "[33mGET /admin/uploads/ HTTP/1.1[0m" 404 -
2026-01-28 09:30:35 INFO app [req=9c4f78d30cd3dc57-BOM] GET /Admin/uploads/ -> 404 (0ms)
2026-01-28 09:30:35 INFO werkzeug [req=-] 127.0.0.1 - - [28/Jan/2026 09:30:35] "[33mGET /Admin/uploads/ HTTP/1.1[0m" 404 -
2026-01-28 09:30:35 INFO app [req=9c4f78d4fa1ddc57-BOM] GET /admin/ -> 404 (0ms)
2026-01-28 09:30:35 INFO werkzeug [req=-] 127.0.0.1 - - [28/Jan/2026 09:30:35] "[33mGET /admin/ HTTP/1.1[0m" 404 -
2026-01-28 09:30:36 INFO app [req=9c4f78d6ef2adc57-BOM] GET /images/ -> 404 (0ms)
2026-01-28 09:30:36 INFO werkzeug [req=-] 127.0.0.1 - - [28/Jan/2026 09:30:36] "[33mGET /images/ HTTP/1.1[0m" 404 -
2026-01-28 09:30:36 INFO app [req=9c4f78d8fcb4dc57-BOM] GET /assets/ -> 404 (0ms)
2026-01-28 09:30:36 INFO werkzeug [req=-] 127.0.0.1 - - [28/Jan/2026 09:30:36] "[33mGET /assets/ HTTP/1.1[0m" 404 -
2026-01-28 09:30:36 INFO app [req=9c4f78dae9a3dc57-BOM] GET /vendor/phpunit/phpunit/src/Util/PHP/ -> 404 (0ms)
2026-01-28 09:30:36 INFO werkzeug [req=-] 127.0.0.1 - - [28/Jan/2026 09:30:36] "[33mGET /vendor/phpunit/phpunit/src/Util/PHP/ HTTP/1.1[0m" 404 -
2026-01-28 09:30:37 INFO app [req=9c4f78dcdfbddc57-BOM] GET /upload/image/ -> 404 (0ms)
2026-01-28 09:30:37 INFO werkzeug [req=-] 127.0.0.1 - - [28/Jan/2026 09:30:37] "[33mGET /upload/image/ HTTP/1.1[0m" 404 -
2026-01-28 09:30:37 INFO app [req=9c4f78decd4adc57-BOM] GET /assets/images/ -> 404 (0ms)
2026-01-28 09:30:37 INFO werkzeug [req=-] 127.0.0.1 - - [28/Jan/2026 09:30:37] "[33mGET /assets/images/ HTTP/1.1[0m" 404 -
2026-01-28 09:30:37 INFO app [req=9c4f78e0ba8cdc57-BOM] GET /Public/ -> 404 (0ms)
2026-01-28 09:30:37 INFO werkzeug [req=-] 127.0.0.1 - - [28/Jan/2026 09:30:37] "[33mGET /Public/ HTTP/1.1[0m" 404 -
2026-01-28 09:30:38 INFO app [req=9c4f78e2a85adc57-BOM] GET /vendor/ -> 404 (0ms)
2026-01-28 09:30:38 INFO werkzeug [req=-] 127.0.0.1 - - [28/Jan/2026 09:30:38] "[33mGET /vendor/ HTTP/1.1[0m" 404 -
2026-01-28 09:30:38 INFO app [req=9c4f78e49db5dc57-BOM] GET /local/ -> 404 (0ms)
2026-01-28 09:30:38 INFO werkzeug [req=-] 127.0.0.1 - - [28/Jan/2026 09:30:38] "[33mGET /local/ HTTP/1.1[0m" 404 -
2026-01-28 09:30:38 INFO app [req=9c4f78e68b6ddc57-BOM] GET /modules/ -> 404 (0ms)
2026-01-28 09:30:38 INFO werkzeug [req=-] 127.0.0.1 - - [28/Jan/2026 09:30:38] "[33mGET /modules/ HTTP/1.1[0m" 404 -
2026-01-28 09:30:38 INFO app [req=9c4f78e888f8dc57-BOM] GET /Site/ -> 404 (0ms)
2026-01-28 09:30:38 INFO werkzeug [req=-] 127.0.0.1 - - [28/Jan/2026 09:30:38] "[33mGET /Site/ HTTP/1.1[0m" 404 -
2026-01-28 09:30:39 INFO app [req=9c4f78ea8e83dc57-BOM] GET /system/ -> 404 (0ms)
2026-01-28 09:30:39 INFO werkzeug [req=-] 127.0.0.1 - - [28/Jan/2026 09:30:39] "[33mGET /system/ HTTP/1.1[0m" 404 -
2026-01-28 09:30:39 INFO app [req=9c4f78ec7b5fdc57-BOM] GET /template/ -> 404 (0ms)
2026-01-28 09:30:39 INFO werkzeug [req=-] 127.0.0.1 - - [28/Jan/2026 09:30:39] "[33mGET /template/ HTTP/1.1[0m" 404 -
2026-01-28 09:30:39 INFO app [req=9c4f78ee7872dc57-BOM] GET /shop/ -> 404 (0ms)
2026-01-28 09:30:39 INFO werkzeug [req=-] 127.0.0.1 - - [28/Jan/2026 09:30:39] "[33mGET /shop/ HTTP/1.1[0m" 404 -
2026-01-28 09:30:40 INFO app [req=9c4f78f06d8fdc57-BOM] GET /files/ -> 404 (0ms)
2026-01-28 09:30:40 INFO werkzeug [req=-] 127.0.0.1 - - [28/Jan/2026 09:30:40] "[33mGET /files/ HTTP/1.1[0m" 404 -
2026-01-28 09:30:40 INFO app [req=9c4f78f26ad2dc57-BOM] GET /admin/editor/ -> 404 (0ms)
2026-01-28 09:30:40 INFO werkzeug [req=-] 127.0.0.1 - - [28/Jan/2026 09:30:40] "[33mGET /admin/editor/ HTTP/1.1[0m" 404 -
2026-01-28 09:30:40 INFO app [req=9c4f78f45ffbdc57-BOM] GET /include/ -> 404 (0ms)
2026-01-28 09:30:40 INFO werkzeug [req=-] 127.0.0.1 - - [28/Jan/2026 09:30:40] "[33mGET /include/ HTTP/1.1[0m" 404 -
2026-01-28 09:30:41 INFO app [req=9c4f78f65da6dc57-BOM] GET /Assets/ -> 404 (0ms)
2026-01-28 09:30:41 INFO werkzeug [req=-] 127.0.0.1 - - [28/Jan/2026 09:30:41] "[33mGET /Assets/ HTTP/1.1[0m" 404 -
2026-01-28 09:30:41 INFO app [req=9c4f78f85b51dc57-BOM] GET /images/stories/ -> 404 (0ms)
2026-01-28 09:30:41 INFO werkzeug [req=-] 127.0.0.1 - - [28/Jan/2026 09:30:41] "[33mGET /images/stories/ HTTP/1.1[0m" 404 -
2026-01-28 09:30:41 INFO app [req=9c4f78fa58a6dc57-BOM] GET /plugins/ -> 404 (0ms)
2026-01-28 09:30:41 INFO werkzeug [req=-] 127.0.0.1 - - [28/Jan/2026 09:30:41] "[33mGET /plugins/ HTTP/1.1[0m" 404 -
2026-01-28 09:30:42 INFO app [req=9c4f78fc4dcedc57-BOM] GET /php/ -> 404 (0ms)
2026-01-28 09:30:42 INFO werkzeug [req=-] 127.0.0.1 - - [28/Jan/2026 09:30:42] "[33mGET /php/ HTTP/1.1[0m" 404 -
2026-01-28 09:30:42 INFO app [req=9c4f78fe4aecdc57-BOM] GET /admin/images/slider/ -> 404 (0ms)
2026-01-28 09:30:42 INFO werkzeug [req=-] 127.0.0.1 - - [28/Jan/2026 09:30:42] "[33mGET /admin/images/slider/ HTTP/1.1[0m" 404 -
2026-01-28 09:30:42 INFO app [req=9c4f7900489fdc57-BOM] GET /admin/fckeditor/editor/filemanager/ -> 404 (0ms)
2026-01-28 09:30:42 INFO werkzeug [req=-] 127.0.0.1 - - [28/Jan/2026 09:30:42] "[33mGET /admin/fckeditor/editor/filemanager/ HTTP/1.1[0m" 404 -
2026-01-28 09:30:43 INFO app [req=9c4f79023de8dc57-BOM] GET /sites/default/files/ -> 404 (0ms)
2026-01-28 09:30:43 INFO werkzeug [req=-] 127.0.0.1 - - [28/Jan/2026 09:30:43] "[33mGET /sites/default/files/ HTTP/1.1[0m" 404 -
2026-01-28 09:30:43 INFO app [req=9c4f79043b6bdc57-BOM] GET /admin/controller/extension/extension/ -> 404 (0ms)
2026-01-28 09:30:43 INFO werkzeug [req=-] 127.0.0.1 - - [28/Jan/2026 09:30:43] "[33mGET /admin/controller/extension/extension/ HTTP/1.1[0m" 404 -
2026-01-28 09:30:43 INFO app [req=9c4f79064913dc57-BOM] GET /modules/mod_simplefileuploadv1.3/elements/ -> 404 (0ms)
2026-01-28 09:30:43 INFO werkzeug [req=-] 127.0.0.1 - - [28/Jan/2026 09:30:43] "[33mGET /modules/mod_simplefileuploadv1.3/elements/ HTTP/1.1[0m" 404 -
2026-01-28 09:30:44 INFO app [req=9c4f79083df9dc57-BOM] GET /components/ -> 404 (0ms)
2026-01-28 09:30:44 INFO werkzeug [req=-] 127.0.0.1 - - [28/Jan/2026 09:30:44] "[33mGET /components/ HTTP/1.1[0m" 404 -
2026-01-28 09:30:44 INFO app [req=9c4f790a2b04dc57-BOM] GET /admin/uploads/images/ -> 404 (0ms)
2026-01-28 09:30:44 INFO werkzeug [req=-] 127.0.0.1 - - [28/Jan/2026 09:30:44] "[33mGET /admin/uploads/images/ HTTP/1.1[0m" 404 -
2026-01-28 09:30:58 INFO app [req=9c4f79630b6369ac-LAX] GET /favicon.ico -> 404 (0ms)
2026-01-28 09:30:58 INFO werkzeug [req=-] 127.0.0.1 - - [28/Jan/2026 09:30:58] "[33mGET /favicon.ico HTTP/1.1[0m" 404 -
2026-01-28 09:31:16 INFO app [req=9c4f79d3482a69ac-LAX] POST /session/aa01fbc3259c47b8abae020a6c5defa6/grade -> 200 (7ms)
2026-01-28 09:31:16 INFO werkzeug [req=-] 127.0.0.1 - - [28/Jan/2026 09:31:16] "POST /session/aa01fbc3259c47b8abae020a6c5defa6/grade HTTP/1.1" 200 -
2026-01-28 09:31:18 INFO app [req=9c4f79e2a88669ac-LAX] GET /session -> 200 (7ms)
2026-01-28 09:31:18 INFO werkzeug [req=-] 127.0.0.1 - - [28/Jan/2026 09:31:18] "GET /session HTTP/1.1" 200 -
2026-01-28 09:31:19 INFO app [req=9c4f79e688af69ac-LAX] GET /static/css/unfamiliar_words.css -> 304 (0ms)
2026-01-28 09:31:19 INFO werkzeug [req=-] 127.0.0.1 - - [28/Jan/2026 09:31:19] "[36mGET /static/css/unfamiliar_words.css HTTP/1.1[0m" 304 -
2026-01-28 09:31:19 INFO app [req=9c4f79e6e8b069ac-LAX] GET /static/audio/276_arrogance.mp3 -> 200 (0ms)
2026-01-28 09:31:19 INFO werkzeug [req=-] 127.0.0.1 - - [28/Jan/2026 09:31:19] "GET /static/audio/276_arrogance.mp3 HTTP/1.1" 200 -
2026-01-28 09:31:20 INFO app [req=9c4f79eaf8de69ac-LAX] GET /static/audio/276_arrogance.mp3 -> 206 (0ms)
2026-01-28 09:31:20 INFO werkzeug [req=-] 127.0.0.1 - - [28/Jan/2026 09:31:20] "[35m[1mGET /static/audio/276_arrogance.mp3 HTTP/1.1[0m" 206 -
2026-01-28 09:31:20 INFO app [req=9c4f79eae8db69ac-LAX] GET /static/js/unfamiliar_words.js -> 304 (0ms)
2026-01-28 09:31:20 INFO werkzeug [req=-] 127.0.0.1 - - [28/Jan/2026 09:31:20] "[36mGET /static/js/unfamiliar_words.js HTTP/1.1[0m" 304 -
2026-01-28 09:31:22 INFO app [req=9c4f79fc999069ac-LAX] GET /favicon.ico -> 404 (0ms)
2026-01-28 09:31:22 INFO werkzeug [req=-] 127.0.0.1 - - [28/Jan/2026 09:31:22] "[33mGET /favicon.ico HTTP/1.1[0m" 404 -
2026-01-28 09:31:26 INFO app [req=9c4f7a144b1869ac-LAX] POST /session/aa01fbc3259c47b8abae020a6c5defa6/grade -> 200 (8ms)
2026-01-28 09:31:26 INFO werkzeug [req=-] 127.0.0.1 - - [28/Jan/2026 09:31:26] "POST /session/aa01fbc3259c47b8abae020a6c5defa6/grade HTTP/1.1" 200 -
2026-01-28 09:31:29 INFO app [req=9c4f7a261c0369ac-LAX] GET /session -> 200 (7ms)
2026-01-28 09:31:29 INFO werkzeug [req=-] 127.0.0.1 - - [28/Jan/2026 09:31:29] "GET /session HTTP/1.1" 200 -
2026-01-28 09:31:30 INFO app [req=9c4f7a29ac2d69ac-LAX] GET /static/css/unfamiliar_words.css -> 304 (0ms)
2026-01-28 09:31:30 INFO werkzeug [req=-] 127.0.0.1 - - [28/Jan/2026 09:31:30] "[36mGET /static/css/unfamiliar_words.css HTTP/1.1[0m" 304 -
2026-01-28 09:31:30 INFO app [req=9c4f7a29dc4569ac-LAX] GET /static/audio/289_assassinate.mp3 -> 206 (0ms)
2026-01-28 09:31:30 INFO werkzeug [req=-] 127.0.0.1 - - [28/Jan/2026 09:31:30] "[35m[1mGET /static/audio/289_assassinate.mp3 HTTP/1.1[0m" 206 -
2026-01-28 09:31:30 INFO app [req=9c4f7a2a7c6c69ac-LAX] GET /static/js/unfamiliar_words.js -> 304 (0ms)
2026-01-28 09:31:30 INFO werkzeug [req=-] 127.0.0.1 - - [28/Jan/2026 09:31:30] "[36mGET /static/js/unfamiliar_words.js HTTP/1.1[0m" 304 -
2026-01-28 09:31:31 INFO app [req=9c4f7a2ebcbf69ac-LAX] GET /static/audio/289_assassinate.mp3 -> 206 (0ms)
2026-01-28 09:31:31 INFO werkzeug [req=-] 127.0.0.1 - - [28/Jan/2026 09:31:31] "[35m[1mGET /static/audio/289_assassinate.mp3 HTTP/1.1[0m" 206 -
2026-01-28 09:31:31 INFO app [req=9c4f7a32ecf669ac-LAX] GET /static/audio/289_assassinate.mp3 -> 206 (0ms)
2026-01-28 09:31:31 INFO werkzeug [req=-] 127.0.0.1 - - [28/Jan/2026 09:31:31] "[35m[1mGET /static/audio/289_assassinate.mp3 HTTP/1.1[0m" 206 -
2026-01-28 09:33:02 INFO app [req=9c4f7c69192569ac-LAX] GET /favicon.ico -> 404 (0ms)
2026-01-28 09:33:02 INFO werkzeug [req=-] 127.0.0.1 - - [28/Jan/2026 09:33:02] "[33mGET /favicon.ico HTTP/1.1[0m" 404 -
2026-01-28 09:33:34 INFO app [req=9c4f7d2f9ab869ac-LAX] POST /session/aa01fbc3259c47b8abae020a6c5defa6/grade -> 200 (7ms)
2026-01-28 09:33:34 INFO werkzeug [req=-] 127.0.0.1 - - [28/Jan/2026 09:33:34] "POST /session/aa01fbc3259c47b8abae020a6c5defa6/grade HTTP/1.1" 200 -
2026-01-28 09:33:37 INFO app [req=9c4f7d470bc769ac-LAX] GET /session -> 200 (7ms)
2026-01-28 09:33:37 INFO werkzeug [req=-] 127.0.0.1 - - [28/Jan/2026 09:33:37] "GET /session HTTP/1.1" 200 -
2026-01-28 09:33:38 INFO app [req=9c4f7d4abbfe69ac-LAX] GET /static/css/unfamiliar_words.css -> 304 (0ms)
2026-01-28 09:33:38 INFO werkzeug [req=-] 127.0.0.1 - - [28/Jan/2026 09:33:38] "[36mGET /static/css/unfamiliar_words.css HTTP/1.1[0m" 304 -
2026-01-28 09:33:38 INFO app [req=9c4f7d4afc0269ac-LAX] GET /static/audio/276_arrogance.mp3 -> 206 (0ms)
2026-01-28 09:33:38 INFO werkzeug [req=-] 127.0.0.1 - - [28/Jan/2026 09:33:38] "[35m[1mGET /static/audio/276_arrogance.mp3 HTTP/1.1[0m" 206 -
2026-01-28 09:33:38 INFO app [req=9c4f7d4ddc2969ac-LAX] GET /static/audio/276_arrogance.mp3 -> 206 (0ms)
2026-01-28 09:33:38 INFO werkzeug [req=-] 127.0.0.1 - - [28/Jan/2026 09:33:38] "[35m[1mGET /static/audio/276_arrogance.mp3 HTTP/1.1[0m" 206 -
2026-01-28 09:33:39 INFO app [req=9c4f7d4fbc3b69ac-LAX] GET /static/js/unfamiliar_words.js -> 304 (0ms)
2026-01-28 09:33:39 INFO werkzeug [req=-] 127.0.0.1 - - [28/Jan/2026 09:33:39] "[36mGET /static/js/unfamiliar_words.js HTTP/1.1[0m" 304 -
2026-01-28 09:33:39 INFO app [req=9c4f7d515c4a69ac-LAX] GET /static/audio/276_arrogance.mp3 -> 206 (0ms)
2026-01-28 09:33:39 INFO werkzeug [req=-] 127.0.0.1 - - [28/Jan/2026 09:33:39] "[35m[1mGET /static/audio/276_arrogance.mp3 HTTP/1.1[0m" 206 -
2026-01-28 09:33:46 INFO app [req=9c4f7d7b0e8169ac-LAX] POST /session/aa01fbc3259c47b8abae020a6c5defa6/grade -> 200 (7ms)
2026-01-28 09:33:46 INFO werkzeug [req=-] 127.0.0.1 - - [28/Jan/2026 09:33:46] "POST /session/aa01fbc3259c47b8abae020a6c5defa6/grade HTTP/1.1" 200 -
2026-01-28 09:33:48 INFO app [req=9c4f7d878f0569ac-LAX] GET /session -> 200 (7ms)
2026-01-28 09:33:48 INFO werkzeug [req=-] 127.0.0.1 - - [28/Jan/2026 09:33:48] "GET /session HTTP/1.1" 200 -
2026-01-28 09:33:48 INFO app [req=9c4f7d8b1f4069ac-LAX] GET /static/css/unfamiliar_words.css -> 304 (0ms)
2026-01-28 09:33:48 INFO werkzeug [req=-] 127.0.0.1 - - [28/Jan/2026 09:33:48] "[36mGET /static/css/unfamiliar_words.css HTTP/1.1[0m" 304 -
2026-01-28 09:33:49 INFO app [req=9c4f7d8e4f8469ac-LAX] GET /static/js/unfamiliar_words.js -> 304 (0ms)
2026-01-28 09:33:49 INFO werkzeug [req=-] 127.0.0.1 - - [28/Jan/2026 09:33:49] "[36mGET /static/js/unfamiliar_words.js HTTP/1.1[0m" 304 -
2026-01-28 09:33:49 INFO app [req=9c4f7d8e5f8c69ac-LAX] GET /static/audio/289_assassinate.mp3 -> 206 (0ms)
2026-01-28 09:33:49 INFO werkzeug [req=-] 127.0.0.1 - - [28/Jan/2026 09:33:49] "[35m[1mGET /static/audio/289_assassinate.mp3 HTTP/1.1[0m" 206 -
2026-01-28 09:33:50 INFO app [req=9c4f7d957ff269ac-LAX] GET /static/audio/289_assassinate.mp3 -> 206 (0ms)
2026-01-28 09:33:50 INFO werkzeug [req=-] 127.0.0.1 - - [28/Jan/2026 09:33:50] "[35m[1mGET /static/audio/289_assassinate.mp3 HTTP/1.1[0m" 206 -
2026-01-28 09:33:50 INFO app [req=9c4f7d99480f69ac-LAX] GET /static/audio/289_assassinate.mp3 -> 206 (0ms)
2026-01-28 09:33:50 INFO werkzeug [req=-] 127.0.0.1 - - [28/Jan/2026 09:33:50] "[35m[1mGET /static/audio/289_assassinate.mp3 HTTP/1.1[0m" 206 -
2026-01-28 09:42:36 INFO app [req=9c4f8a6d7c1a3c32-AMS] GET / -> 302 (0ms)
2026-01-28 09:42:36 INFO werkzeug [req=-] 127.0.0.1 - - [28/Jan/2026 09:42:36] "[32mGET / HTTP/1.1[0m" 302 -
2026-01-28 10:12:14 INFO app [req=9c4fb5d69f36a4c3-GRU] GET / -> 302 (0ms)
2026-01-28 10:12:14 INFO werkzeug [req=-] 127.0.0.1 - - [28/Jan/2026 10:12:14] "[32mGET / HTTP/1.1[0m" 302 -
2026-01-28 10:12:15 INFO app [req=9c4fb5dd0c95aea8-GRU] GET /login -> 200 (0ms)
2026-01-28 10:12:15 INFO werkzeug [req=-] 127.0.0.1 - - [28/Jan/2026 10:12:15] "GET /login HTTP/1.1" 200 -
2026-01-28 10:52:40 INFO app [req=9c4ff10c3db9e89d-BOM] POST /xmlrpc.php -> 404 (0ms)
2026-01-28 10:52:40 INFO werkzeug [req=-] 127.0.0.1 - - [28/Jan/2026 10:52:40] "[33mPOST /xmlrpc.php HTTP/1.1[0m" 404 -
2026-01-28 11:13:28 INFO app [req=9c500f88ec24f836-GRU] GET / -> 302 (0ms)
2026-01-28 11:13:28 INFO werkzeug [req=-] 127.0.0.1 - - [28/Jan/2026 11:13:28] "[32mGET / HTTP/1.1[0m" 302 -
2026-01-28 11:13:29 INFO app [req=9c500f8e4fbe407e-GRU] GET /login -> 200 (0ms)
2026-01-28 11:13:29 INFO werkzeug [req=-] 127.0.0.1 - - [28/Jan/2026 11:13:29] "GET /login HTTP/1.1" 200 -
2026-01-28 12:18:23 INFO app [req=9c506e9df9834a60-TPE] GET / -> 302 (0ms)
2026-01-28 12:18:23 INFO werkzeug [req=-] 127.0.0.1 - - [28/Jan/2026 12:18:23] "[32mGET / HTTP/1.1[0m" 302 -
2026-01-28 12:18:25 INFO app [req=9c506eacff56a9b3-TPE] GET /login -> 200 (0ms)
2026-01-28 12:18:25 INFO werkzeug [req=-] 127.0.0.1 - - [28/Jan/2026 12:18:25] "GET /login HTTP/1.1" 200 -
2026-01-28 12:18:29 INFO app [req=9c506ec4dda2b3a4-TPE] GET /favicon.ico -> 404 (0ms)
2026-01-28 12:18:29 INFO werkzeug [req=-] 127.0.0.1 - - [28/Jan/2026 12:18:29] "[33mGET /favicon.ico HTTP/1.1[0m" 404 -
2026-01-28 12:18:31 INFO app [req=9c506ed179814f73-SEA] GET /robots.txt -> 404 (0ms)
2026-01-28 12:18:31 INFO werkzeug [req=-] 127.0.0.1 - - [28/Jan/2026 12:18:31] "[33mGET /robots.txt HTTP/1.1[0m" 404 -
2026-01-28 12:21:49 INFO app [req=9c5073a6499eba04-SEA] GET /robots.txt -> 404 (0ms)
2026-01-28 12:21:49 INFO werkzeug [req=-] 127.0.0.1 - - [28/Jan/2026 12:21:49] "[33mGET /robots.txt HTTP/1.1[0m" 404 -
2026-01-28 12:21:59 INFO app [req=9c5073e5cfcdd62d-IAD] GET /register -> 200 (3ms)
2026-01-28 12:21:59 INFO werkzeug [req=-] 127.0.0.1 - - [28/Jan/2026 12:21:59] "GET /register HTTP/1.1" 200 -
2026-01-28 12:22:01 INFO app [req=9c5073f56827a35c-SEA] GET / -> 302 (0ms)
2026-01-28 12:22:01 INFO werkzeug [req=-] 127.0.0.1 - - [28/Jan/2026 12:22:01] "[32mGET / HTTP/1.1[0m" 302 -
2026-01-28 12:22:04 INFO app [req=9c507406deadcdb0-LAX] GET /login -> 200 (0ms)
2026-01-28 12:22:04 INFO werkzeug [req=-] 127.0.0.1 - - [28/Jan/2026 12:22:04] "GET /login HTTP/1.1" 200 -
2026-01-28 12:22:04 INFO app [req=9c5074084a0322e1-ORD] GET /favicon.ico -> 404 (0ms)
2026-01-28 12:22:04 INFO werkzeug [req=-] 127.0.0.1 - - [28/Jan/2026 12:22:04] "[33mGET /favicon.ico HTTP/1.1[0m" 404 -
2026-01-28 12:42:52 INFO app [req=9c50927ceac2c463-EWR] HEAD / -> 302 (0ms)
2026-01-28 12:42:52 INFO werkzeug [req=-] 127.0.0.1 - - [28/Jan/2026 12:42:52] "[32mHEAD / HTTP/1.1[0m" 302 -
2026-01-28 12:42:52 INFO app [req=9c50927eeed17281-EWR] HEAD /login -> 200 (0ms)
2026-01-28 12:42:52 INFO werkzeug [req=-] 127.0.0.1 - - [28/Jan/2026 12:42:52] "HEAD /login HTTP/1.1" 200 -
2026-01-28 12:42:53 INFO app [req=9c509280afb73448-EWR] GET /login -> 200 (0ms)
2026-01-28 12:42:53 INFO werkzeug [req=-] 127.0.0.1 - - [28/Jan/2026 12:42:53] "GET /login HTTP/1.1" 200 -
2026-01-28 12:42:53 INFO app [req=9c50928289dd8c7b-EWR] HEAD /checkout -> 404 (0ms)
2026-01-28 12:42:53 INFO werkzeug [req=-] 127.0.0.1 - - [28/Jan/2026 12:42:53] "[33mHEAD /checkout HTTP/1.1[0m" 404 -
2026-01-28 12:42:53 INFO app [req=9c509283a8fe0f45-EWR] GET /checkout -> 404 (0ms)
2026-01-28 12:42:53 INFO werkzeug [req=-] 127.0.0.1 - - [28/Jan/2026 12:42:53] "[33mGET /checkout HTTP/1.1[0m" 404 -
2026-01-28 13:11:31 INFO app [req=9c50bc76e83a291e-ATL] GET /robots.txt -> 404 (0ms)
2026-01-28 13:11:31 INFO werkzeug [req=-] 127.0.0.1 - - [28/Jan/2026 13:11:31] "[33mGET /robots.txt HTTP/1.1[0m" 404 -
2026-01-28 13:24:18 INFO app [req=9c50cf30fde414ed-EWR] GET / -> 302 (0ms)
2026-01-28 13:24:18 INFO werkzeug [req=-] 127.0.0.1 - - [28/Jan/2026 13:24:18] "[32mGET / HTTP/1.1[0m" 302 -
2026-01-28 13:24:18 INFO app [req=9c50cf31ef0c14ed-EWR] GET /login -> 200 (0ms)
2026-01-28 13:24:18 INFO werkzeug [req=-] 127.0.0.1 - - [28/Jan/2026 13:24:18] "GET /login HTTP/1.1" 200 -
2026-01-28 13:59:43 INFO app [req=9c5103116ab727ea-SEA] GET /robots.txt -> 404 (0ms)
2026-01-28 13:59:43 INFO werkzeug [req=-] 127.0.0.1 - - [28/Jan/2026 13:59:43] "[33mGET /robots.txt HTTP/1.1[0m" 404 -
2026-01-28 13:59:43 INFO app [req=9c510312a861a4ad-SEA] GET /login -> 200 (0ms)
2026-01-28 13:59:43 INFO werkzeug [req=-] 127.0.0.1 - - [28/Jan/2026 13:59:43] "GET /login HTTP/1.1" 200 -
2026-01-28 14:49:12 INFO app [req=9c514b8b3c77fb17-BNA] GET /new-toefl/reading-mock -> 200 (7ms)
2026-01-28 14:49:12 INFO werkzeug [req=-] 127.0.0.1 - - [28/Jan/2026 14:49:12] "GET /new-toefl/reading-mock HTTP/1.1" 200 -
2026-01-28 14:49:12 INFO app [req=9c514b8c6deefb17-BNA] GET /static/css/unfamiliar_words.css -> 200 (1ms)
2026-01-28 14:49:12 INFO app [req=9c514b8c6df2fb17-BNA] GET /static/js/unfamiliar_words.js -> 200 (0ms)
2026-01-28 14:49:12 INFO werkzeug [req=-] 127.0.0.1 - - [28/Jan/2026 14:49:12] "GET /static/css/unfamiliar_words.css HTTP/1.1" 200 -
2026-01-28 14:49:12 INFO werkzeug [req=-] 127.0.0.1 - - [28/Jan/2026 14:49:12] "GET /static/js/unfamiliar_words.js HTTP/1.1" 200 -
2026-01-28 14:49:12 INFO app [req=9c514b8e5865ccb8-SJC] GET /new-toefl/api/mock/tests -> 200 (2ms)
2026-01-28 14:49:12 INFO werkzeug [req=-] 127.0.0.1 - - [28/Jan/2026 14:49:12] "GET /new-toefl/api/mock/tests HTTP/1.1" 200 -
2026-01-28 14:49:13 INFO app [req=9c514b8f9871ccb8-SJC] GET /favicon.ico -> 404 (0ms)
2026-01-28 14:49:13 INFO werkzeug [req=-] 127.0.0.1 - - [28/Jan/2026 14:49:13] "[33mGET /favicon.ico HTTP/1.1[0m" 404 -
2026-01-28 14:49:17 DEBUG google.api_core.retry [req=9c514b98e90bccb8-SJC] Retrying due to 503 The model is overloaded. Please try again later., sleeping 0.4s ...
2026-01-28 14:49:20 DEBUG google.api_core.retry [req=9c514b98e90bccb8-SJC] Retrying due to 503 The model is overloaded. Please try again later., sleeping 0.1s ...
2026-01-28 14:49:25 DEBUG google.api_core.retry [req=9c514b98e90bccb8-SJC] Retrying due to 503 The model is overloaded. Please try again later., sleeping 1.0s ...
2026-01-28 14:49:36 DEBUG google.api_core.retry [req=9c514b98e90bccb8-SJC] Retrying due to 503 The model is overloaded. Please try again later., sleeping 0.3s ...
2026-01-28 14:49:38 DEBUG google.api_core.retry [req=9c514b98e90bccb8-SJC] Retrying due to 503 The model is overloaded. Please try again later., sleeping 0.7s ...
2026-01-28 14:49:40 DEBUG google.api_core.retry [req=9c514b98e90bccb8-SJC] Retrying due to 503 The model is overloaded. Please try again later., sleeping 0.8s ...
2026-01-28 14:49:42 DEBUG google.api_core.retry [req=9c514b98e90bccb8-SJC] Retrying due to 503 The model is overloaded. Please try again later., sleeping 0.8s ...
2026-01-28 14:49:46 DEBUG google.api_core.retry [req=9c514b98e90bccb8-SJC] Retrying due to 503 The model is overloaded. Please try again later., sleeping 0.2s ...
2026-01-28 14:49:53 DEBUG google.api_core.retry [req=9c514b98e90bccb8-SJC] Retrying due to 503 The model is overloaded. Please try again later., sleeping 0.6s ...
2026-01-28 14:50:01 INFO app [req=9c514b98e90bccb8-SJC] GET /new-toefl/api/mock/reading/load/practice_test_1 -> 200 (46855ms)
2026-01-28 14:50:01 INFO werkzeug [req=-] 127.0.0.1 - - [28/Jan/2026 14:50:01] "GET /new-toefl/api/mock/reading/load/practice_test_1 HTTP/1.1" 200 -
2026-01-28 15:14:43 INFO app [req=9c5170eebff72811-SEA] GET /robots.txt -> 404 (1ms)
2026-01-28 15:14:43 INFO werkzeug [req=-] 127.0.0.1 - - [28/Jan/2026 15:14:43] "[33mGET /robots.txt HTTP/1.1[0m" 404 -
2026-01-28 15:14:44 INFO app [req=9c5170f04e392537-SEA] GET / -> 302 (0ms)
2026-01-28 15:14:44 INFO werkzeug [req=-] 127.0.0.1 - - [28/Jan/2026 15:14:44] "[32mGET / HTTP/1.1[0m" 302 -
2026-01-28 15:14:44 INFO app [req=9c5170f57b6e2811-SEA] GET /login -> 200 (0ms)
2026-01-28 15:14:44 INFO werkzeug [req=-] 127.0.0.1 - - [28/Jan/2026 15:14:44] "GET /login HTTP/1.1" 200 -
2026-01-28 15:14:46 INFO app [req=9c517102bb3b2811-SEA] GET /static/js/unfamiliar_words.js -> 200 (0ms)
2026-01-28 15:14:46 INFO werkzeug [req=-] 127.0.0.1 - - [28/Jan/2026 15:14:46] "GET /static/js/unfamiliar_words.js HTTP/1.1" 200 -
2026-01-28 15:48:42 INFO app [req=9c51a2b65df8306f-SJC] GET / -> 302 (0ms)
2026-01-28 15:48:42 INFO werkzeug [req=-] 127.0.0.1 - - [28/Jan/2026 15:48:42] "[32mGET / HTTP/1.1[0m" 302 -
2026-01-28 15:48:43 INFO app [req=9c51a2ba4c158462-SJC] GET /login -> 200 (0ms)
2026-01-28 15:48:43 INFO werkzeug [req=-] 127.0.0.1 - - [28/Jan/2026 15:48:43] "GET /login HTTP/1.1" 200 -
2026-01-28 16:19:21 INFO app [req=9c51cf966e570a65-AMS] GET / -> 302 (0ms)
2026-01-28 16:19:21 INFO werkzeug [req=-] 127.0.0.1 - - [28/Jan/2026 16:19:21] "[32mGET / HTTP/1.1[0m" 302 -
2026-01-28 16:19:22 INFO app [req=9c51cfa0799a5c45-AMS] GET /login -> 200 (0ms)
2026-01-28 16:19:22 INFO werkzeug [req=-] 127.0.0.1 - - [28/Jan/2026 16:19:22] "GET /login HTTP/1.1" 200 -
2026-01-28 16:39:29 INFO app [req=9c51ed1a088a75f2-SEA] GET /words -> 200 (36ms)
2026-01-28 16:39:29 INFO werkzeug [req=-] 127.0.0.1 - - [28/Jan/2026 16:39:29] "GET /words HTTP/1.1" 200 -
2026-01-28 16:39:30 INFO app [req=9c51ed1c28a975f2-SEA] GET /static/js/unfamiliar_words.js -> 200 (0ms)
2026-01-28 16:39:30 INFO werkzeug [req=-] 127.0.0.1 - - [28/Jan/2026 16:39:30] "GET /static/js/unfamiliar_words.js HTTP/1.1" 200 -
2026-01-28 16:39:30 INFO app [req=9c51ed1c28aa75f2-SEA] GET /static/css/unfamiliar_words.css -> 200 (0ms)
2026-01-28 16:39:30 INFO werkzeug [req=-] 127.0.0.1 - - [28/Jan/2026 16:39:30] "GET /static/css/unfamiliar_words.css HTTP/1.1" 200 -
2026-01-28 16:39:30 INFO app [req=9c51ed1e48cc75f2-SEA] GET /static/js/unfamiliar_words.js -> 304 (0ms)
2026-01-28 16:39:30 INFO werkzeug [req=-] 127.0.0.1 - - [28/Jan/2026 16:39:30] "[36mGET /static/js/unfamiliar_words.js HTTP/1.1[0m" 304 -
2026-01-28 16:39:34 INFO app [req=9c51ed380a3675f2-SEA] GET /words -> 200 (12ms)
2026-01-28 16:39:34 INFO werkzeug [req=-] 127.0.0.1 - - [28/Jan/2026 16:39:34] "GET /words?category=learning HTTP/1.1" 200 -
2026-01-28 16:39:34 INFO app [req=9c51ed396a8c75f2-SEA] GET /static/js/unfamiliar_words.js -> 200 (0ms)
2026-01-28 16:39:34 INFO werkzeug [req=-] 127.0.0.1 - - [28/Jan/2026 16:39:34] "GET /static/js/unfamiliar_words.js HTTP/1.1" 200 -
2026-01-28 16:39:34 INFO app [req=9c51ed396a8b75f2-SEA] GET /static/css/unfamiliar_words.css -> 200 (0ms)
2026-01-28 16:39:34 INFO werkzeug [req=-] 127.0.0.1 - - [28/Jan/2026 16:39:34] "GET /static/css/unfamiliar_words.css HTTP/1.1" 200 -
2026-01-28 16:39:34 INFO app [req=9c51ed3a9a9975f2-SEA] GET /static/js/unfamiliar_words.js -> 304 (0ms)
2026-01-28 16:39:34 INFO werkzeug [req=-] 127.0.0.1 - - [28/Jan/2026 16:39:34] "[36mGET /static/js/unfamiliar_words.js HTTP/1.1[0m" 304 -
2026-01-28 16:49:19 INFO app [req=9c51fb7d1a95810a-SJC] GET / -> 302 (0ms)
2026-01-28 16:49:19 INFO werkzeug [req=-] 127.0.0.1 - - [28/Jan/2026 16:49:19] "[32mGET / HTTP/1.1[0m" 302 -
2026-01-28 16:49:20 INFO app [req=9c51fb833962787f-SJC] GET /login -> 200 (0ms)
2026-01-28 16:49:20 INFO werkzeug [req=-] 127.0.0.1 - - [28/Jan/2026 16:49:20] "GET /login HTTP/1.1" 200 -
2026-01-28 16:57:12 INFO werkzeug [req=-]  * Detected change in '/workspace/TOEFL/app/flask_app/services/full_length_mock.py', reloading
2026-01-28 16:57:15 INFO werkzeug [req=-]  * Restarting with stat
2026-01-28 16:57:20 INFO app [req=-] Startup: prewarming TTS...
2026-01-28 16:57:20 INFO app [req=-] Prewarming Kokoro pipeline...
2026-01-28 16:57:20 INFO app [req=-] Kokoro device: cuda (NVIDIA GeForce RTX 5070)
2026-01-28 16:57:20 DEBUG urllib3.connectionpool [req=-] Starting new HTTPS connection (1): huggingface.co:443
2026-01-28 16:57:20 DEBUG urllib3.connectionpool [req=-] https://huggingface.co:443 "HEAD /hexgrad/Kokoro-82M/resolve/main/config.json HTTP/1.1" 307 0
2026-01-28 16:57:20 DEBUG urllib3.connectionpool [req=-] https://huggingface.co:443 "HEAD /api/resolve-cache/models/hexgrad/Kokoro-82M/f3ff3571791e39611d31c381e3a41a3af07b4987/config.json HTTP/1.1" 200 0
2026-01-28 16:57:21 DEBUG urllib3.connectionpool [req=-] https://huggingface.co:443 "HEAD /hexgrad/Kokoro-82M/resolve/main/kokoro-v1_0.pth HTTP/1.1" 302 0
2026-01-28 16:57:22 INFO app [req=-] Kokoro pipeline prewarmed
2026-01-28 16:57:22 DEBUG urllib3.connectionpool [req=-] https://huggingface.co:443 "HEAD /hexgrad/Kokoro-82M/resolve/main/voices/af_heart.pt HTTP/1.1" 302 0
2026-01-28 16:57:23 INFO app [req=-] Kokoro synthesis prewarm complete (voice=af_heart)
2026-01-28 16:57:23 INFO app [req=-] Startup: TTS prewarm done in 3.39s
2026-01-28 16:57:23 WARNING werkzeug [req=-]  * Debugger is active!
2026-01-28 16:57:23 INFO werkzeug [req=-]  * Debugger PIN: 342-109-490
2026-01-28 16:57:32 INFO werkzeug [req=-]  * Detected change in '/workspace/TOEFL/app/flask_app/services/full_length_mock.py', reloading
2026-01-28 16:57:33 INFO werkzeug [req=-]  * Restarting with stat
2026-01-28 16:57:37 INFO app [req=-] Startup: prewarming TTS...
2026-01-28 16:57:37 INFO app [req=-] Prewarming Kokoro pipeline...
2026-01-28 16:57:37 INFO app [req=-] Kokoro device: cuda (NVIDIA GeForce RTX 5070)
2026-01-28 16:57:37 DEBUG urllib3.connectionpool [req=-] Starting new HTTPS connection (1): huggingface.co:443
2026-01-28 16:57:37 DEBUG urllib3.connectionpool [req=-] https://huggingface.co:443 "HEAD /hexgrad/Kokoro-82M/resolve/main/config.json HTTP/1.1" 307 0
2026-01-28 16:57:37 DEBUG urllib3.connectionpool [req=-] https://huggingface.co:443 "HEAD /api/resolve-cache/models/hexgrad/Kokoro-82M/f3ff3571791e39611d31c381e3a41a3af07b4987/config.json HTTP/1.1" 200 0
2026-01-28 16:57:39 DEBUG urllib3.connectionpool [req=-] https://huggingface.co:443 "HEAD /hexgrad/Kokoro-82M/resolve/main/kokoro-v1_0.pth HTTP/1.1" 302 0
2026-01-28 16:57:40 INFO app [req=-] Kokoro pipeline prewarmed
2026-01-28 16:57:40 DEBUG urllib3.connectionpool [req=-] https://huggingface.co:443 "HEAD /hexgrad/Kokoro-82M/resolve/main/voices/af_heart.pt HTTP/1.1" 302 0
2026-01-28 16:57:41 INFO app [req=-] Kokoro synthesis prewarm complete (voice=af_heart)
2026-01-28 16:57:41 INFO app [req=-] Startup: TTS prewarm done in 3.56s
2026-01-28 16:57:41 WARNING werkzeug [req=-]  * Debugger is active!
2026-01-28 16:57:41 INFO werkzeug [req=-]  * Debugger PIN: 342-109-490
2026-01-28 16:58:43 INFO werkzeug [req=-]  * Detected change in '/workspace/TOEFL/app/flask_app/services/full_length_mock.py', reloading
2026-01-28 16:58:45 INFO werkzeug [req=-]  * Restarting with stat
2026-01-28 16:58:49 INFO app [req=-] Startup: prewarming TTS...
2026-01-28 16:58:49 INFO app [req=-] Prewarming Kokoro pipeline...
2026-01-28 16:58:49 INFO app [req=-] Kokoro device: cuda (NVIDIA GeForce RTX 5070)
2026-01-28 16:58:49 DEBUG urllib3.connectionpool [req=-] Starting new HTTPS connection (1): huggingface.co:443
2026-01-28 16:58:49 DEBUG urllib3.connectionpool [req=-] https://huggingface.co:443 "HEAD /hexgrad/Kokoro-82M/resolve/main/config.json HTTP/1.1" 307 0
2026-01-28 16:58:49 DEBUG urllib3.connectionpool [req=-] https://huggingface.co:443 "HEAD /api/resolve-cache/models/hexgrad/Kokoro-82M/f3ff3571791e39611d31c381e3a41a3af07b4987/config.json HTTP/1.1" 200 0
2026-01-28 16:58:50 DEBUG urllib3.connectionpool [req=-] https://huggingface.co:443 "HEAD /hexgrad/Kokoro-82M/resolve/main/kokoro-v1_0.pth HTTP/1.1" 302 0
2026-01-28 16:58:51 INFO app [req=-] Kokoro pipeline prewarmed
2026-01-28 16:58:51 DEBUG urllib3.connectionpool [req=-] https://huggingface.co:443 "HEAD /hexgrad/Kokoro-82M/resolve/main/voices/af_heart.pt HTTP/1.1" 302 0
2026-01-28 16:58:52 INFO app [req=-] Kokoro synthesis prewarm complete (voice=af_heart)
2026-01-28 16:58:52 INFO app [req=-] Startup: TTS prewarm done in 3.23s
2026-01-28 16:58:52 WARNING werkzeug [req=-]  * Debugger is active!
2026-01-28 16:58:52 INFO werkzeug [req=-]  * Debugger PIN: 342-109-490
2026-01-28 16:59:32 INFO werkzeug [req=-]  * Detected change in '/workspace/TOEFL/app/flask_app/services/full_length_mock.py', reloading
2026-01-28 16:59:33 INFO werkzeug [req=-]  * Restarting with stat
2026-01-28 16:59:38 INFO app [req=-] Startup: prewarming TTS...
2026-01-28 16:59:38 INFO app [req=-] Prewarming Kokoro pipeline...
2026-01-28 16:59:38 INFO app [req=-] Kokoro device: cuda (NVIDIA GeForce RTX 5070)
2026-01-28 16:59:38 DEBUG urllib3.connectionpool [req=-] Starting new HTTPS connection (1): huggingface.co:443
2026-01-28 16:59:38 DEBUG urllib3.connectionpool [req=-] https://huggingface.co:443 "HEAD /hexgrad/Kokoro-82M/resolve/main/config.json HTTP/1.1" 307 0
2026-01-28 16:59:38 DEBUG urllib3.connectionpool [req=-] https://huggingface.co:443 "HEAD /api/resolve-cache/models/hexgrad/Kokoro-82M/f3ff3571791e39611d31c381e3a41a3af07b4987/config.json HTTP/1.1" 200 0
2026-01-28 16:59:39 DEBUG urllib3.connectionpool [req=-] https://huggingface.co:443 "HEAD /hexgrad/Kokoro-82M/resolve/main/kokoro-v1_0.pth HTTP/1.1" 302 0
2026-01-28 16:59:40 INFO app [req=-] Kokoro pipeline prewarmed
2026-01-28 16:59:40 DEBUG urllib3.connectionpool [req=-] https://huggingface.co:443 "HEAD /hexgrad/Kokoro-82M/resolve/main/voices/af_heart.pt HTTP/1.1" 302 0
2026-01-28 16:59:41 INFO app [req=-] Kokoro synthesis prewarm complete (voice=af_heart)
2026-01-28 16:59:41 INFO app [req=-] Startup: TTS prewarm done in 3.51s
2026-01-28 16:59:41 WARNING werkzeug [req=-]  * Debugger is active!
2026-01-28 16:59:41 INFO werkzeug [req=-]  * Debugger PIN: 342-109-490
2026-01-28 17:02:45 INFO app [req=-] Startup: prewarming TTS...
2026-01-28 17:02:45 INFO app [req=-] Prewarming Kokoro pipeline...
2026-01-28 17:02:45 INFO app [req=-] Kokoro device: cuda (NVIDIA GeForce RTX 5070)
2026-01-28 17:02:45 DEBUG urllib3.connectionpool [req=-] Starting new HTTPS connection (1): huggingface.co:443
2026-01-28 17:02:46 DEBUG urllib3.connectionpool [req=-] https://huggingface.co:443 "HEAD /hexgrad/Kokoro-82M/resolve/main/config.json HTTP/1.1" 307 0
2026-01-28 17:02:46 DEBUG urllib3.connectionpool [req=-] https://huggingface.co:443 "HEAD /api/resolve-cache/models/hexgrad/Kokoro-82M/f3ff3571791e39611d31c381e3a41a3af07b4987/config.json HTTP/1.1" 200 0
2026-01-28 17:02:47 DEBUG urllib3.connectionpool [req=-] https://huggingface.co:443 "HEAD /hexgrad/Kokoro-82M/resolve/main/kokoro-v1_0.pth HTTP/1.1" 302 0
2026-01-28 17:02:48 INFO app [req=-] Kokoro pipeline prewarmed
2026-01-28 17:02:48 DEBUG urllib3.connectionpool [req=-] https://huggingface.co:443 "HEAD /hexgrad/Kokoro-82M/resolve/main/voices/af_heart.pt HTTP/1.1" 302 0
2026-01-28 17:02:49 INFO app [req=-] Kokoro synthesis prewarm complete (voice=af_heart)
2026-01-28 17:02:49 INFO app [req=-] Startup: TTS prewarm done in 3.45s
2026-01-28 17:02:49 INFO werkzeug [req=-] [31m[1mWARNING: This is a development server. Do not use it in a production deployment. Use a production WSGI server instead.[0m
 * Running on all addresses (0.0.0.0)
 * Running on http://127.0.0.1:1111
 * Running on http://172.17.0.3:1111
2026-01-28 17:02:49 INFO werkzeug [req=-] [33mPress CTRL+C to quit[0m
2026-01-28 17:02:49 INFO werkzeug [req=-]  * Restarting with stat
2026-01-28 17:02:53 INFO app [req=-] Startup: prewarming TTS...
2026-01-28 17:02:53 INFO app [req=-] Prewarming Kokoro pipeline...
2026-01-28 17:02:53 INFO app [req=-] Kokoro device: cuda (NVIDIA GeForce RTX 5070)
2026-01-28 17:02:53 DEBUG urllib3.connectionpool [req=-] Starting new HTTPS connection (1): huggingface.co:443
2026-01-28 17:02:53 DEBUG urllib3.connectionpool [req=-] https://huggingface.co:443 "HEAD /hexgrad/Kokoro-82M/resolve/main/config.json HTTP/1.1" 307 0
2026-01-28 17:02:53 DEBUG urllib3.connectionpool [req=-] https://huggingface.co:443 "HEAD /api/resolve-cache/models/hexgrad/Kokoro-82M/f3ff3571791e39611d31c381e3a41a3af07b4987/config.json HTTP/1.1" 200 0
2026-01-28 17:02:55 DEBUG urllib3.connectionpool [req=-] https://huggingface.co:443 "HEAD /hexgrad/Kokoro-82M/resolve/main/kokoro-v1_0.pth HTTP/1.1" 302 0
2026-01-28 17:02:56 INFO app [req=-] Kokoro pipeline prewarmed
2026-01-28 17:02:56 DEBUG urllib3.connectionpool [req=-] https://huggingface.co:443 "HEAD /hexgrad/Kokoro-82M/resolve/main/voices/af_heart.pt HTTP/1.1" 302 0
2026-01-28 17:02:57 INFO app [req=-] Kokoro synthesis prewarm complete (voice=af_heart)
2026-01-28 17:02:57 INFO app [req=-] Startup: TTS prewarm done in 3.77s
2026-01-28 17:02:57 WARNING werkzeug [req=-]  * Debugger is active!
2026-01-28 17:02:57 INFO werkzeug [req=-]  * Debugger PIN: 342-109-490
2026-01-28 17:03:30 INFO app [req=9c52104768c6dc62-FRA] GET / -> 302 (0ms)
2026-01-28 17:03:30 INFO werkzeug [req=-] 127.0.0.1 - - [28/Jan/2026 17:03:30] "[32mGET / HTTP/1.1[0m" 302 -
2026-01-28 17:03:31 INFO app [req=9c521049efdbdc62-FRA] GET /wp-includes/ID3/license.txt -> 404 (11ms)
2026-01-28 17:03:31 INFO werkzeug [req=-] 127.0.0.1 - - [28/Jan/2026 17:03:31] "[33mGET /wp-includes/ID3/license.txt HTTP/1.1[0m" 404 -
2026-01-28 17:03:31 INFO app [req=9c52104c8982dc62-FRA] GET /feed/ -> 404 (0ms)
2026-01-28 17:03:31 INFO werkzeug [req=-] 127.0.0.1 - - [28/Jan/2026 17:03:31] "[33mGET /feed/ HTTP/1.1[0m" 404 -
2026-01-28 17:03:32 INFO app [req=9c52104f3c60dc62-FRA] GET /xmlrpc.php -> 404 (0ms)
2026-01-28 17:03:32 INFO werkzeug [req=-] 127.0.0.1 - - [28/Jan/2026 17:03:32] "[33mGET /xmlrpc.php?rsd HTTP/1.1[0m" 404 -
2026-01-28 17:03:32 INFO app [req=9c5210523fe3dc62-FRA] GET /blog/wp-includes/wlwmanifest.xml -> 404 (0ms)
2026-01-28 17:03:32 INFO werkzeug [req=-] 127.0.0.1 - - [28/Jan/2026 17:03:32] "[33mGET /blog/wp-includes/wlwmanifest.xml HTTP/1.1[0m" 404 -
2026-01-28 17:03:33 INFO app [req=9c5210554b63dc62-FRA] GET /web/wp-includes/wlwmanifest.xml -> 404 (0ms)
2026-01-28 17:03:33 INFO werkzeug [req=-] 127.0.0.1 - - [28/Jan/2026 17:03:33] "[33mGET /web/wp-includes/wlwmanifest.xml HTTP/1.1[0m" 404 -
2026-01-28 17:03:33 INFO app [req=9c5210584ed1dc62-FRA] GET /wordpress/wp-includes/wlwmanifest.xml -> 404 (0ms)
2026-01-28 17:03:33 INFO werkzeug [req=-] 127.0.0.1 - - [28/Jan/2026 17:03:33] "[33mGET /wordpress/wp-includes/wlwmanifest.xml HTTP/1.1[0m" 404 -
2026-01-28 17:03:34 INFO app [req=9c52105b3af5dc62-FRA] GET /wp/wp-includes/wlwmanifest.xml -> 404 (0ms)
2026-01-28 17:03:34 INFO werkzeug [req=-] 127.0.0.1 - - [28/Jan/2026 17:03:34] "[33mGET /wp/wp-includes/wlwmanifest.xml HTTP/1.1[0m" 404 -
2026-01-28 17:03:34 INFO app [req=9c52105e3ed9dc62-FRA] GET /2020/wp-includes/wlwmanifest.xml -> 404 (0ms)
2026-01-28 17:03:34 INFO werkzeug [req=-] 127.0.0.1 - - [28/Jan/2026 17:03:34] "[33mGET /2020/wp-includes/wlwmanifest.xml HTTP/1.1[0m" 404 -
2026-01-28 17:03:34 INFO app [req=9c52106129fedc62-FRA] GET /2019/wp-includes/wlwmanifest.xml -> 404 (0ms)
2026-01-28 17:03:34 INFO werkzeug [req=-] 127.0.0.1 - - [28/Jan/2026 17:03:34] "[33mGET /2019/wp-includes/wlwmanifest.xml HTTP/1.1[0m" 404 -
2026-01-28 17:03:35 INFO app [req=9c5210641bfadc62-FRA] GET /2021/wp-includes/wlwmanifest.xml -> 404 (0ms)
2026-01-28 17:03:35 INFO werkzeug [req=-] 127.0.0.1 - - [28/Jan/2026 17:03:35] "[33mGET /2021/wp-includes/wlwmanifest.xml HTTP/1.1[0m" 404 -
2026-01-28 17:03:35 INFO app [req=9c521066fe19dc62-FRA] GET /shop/wp-includes/wlwmanifest.xml -> 404 (0ms)
2026-01-28 17:03:35 INFO werkzeug [req=-] 127.0.0.1 - - [28/Jan/2026 17:03:35] "[33mGET /shop/wp-includes/wlwmanifest.xml HTTP/1.1[0m" 404 -
2026-01-28 17:03:36 INFO app [req=9c521069d837dc62-FRA] GET /wp1/wp-includes/wlwmanifest.xml -> 404 (0ms)
2026-01-28 17:03:36 INFO werkzeug [req=-] 127.0.0.1 - - [28/Jan/2026 17:03:36] "[33mGET /wp1/wp-includes/wlwmanifest.xml HTTP/1.1[0m" 404 -
2026-01-28 17:03:36 INFO app [req=9c52106cba42dc62-FRA] GET /test/wp-includes/wlwmanifest.xml -> 404 (0ms)
2026-01-28 17:03:36 INFO werkzeug [req=-] 127.0.0.1 - - [28/Jan/2026 17:03:36] "[33mGET /test/wp-includes/wlwmanifest.xml HTTP/1.1[0m" 404 -
2026-01-28 17:03:37 INFO app [req=9c52106f9d1bdc62-FRA] GET /site/wp-includes/wlwmanifest.xml -> 404 (0ms)
2026-01-28 17:03:37 INFO werkzeug [req=-] 127.0.0.1 - - [28/Jan/2026 17:03:37] "[33mGET /site/wp-includes/wlwmanifest.xml HTTP/1.1[0m" 404 -
2026-01-28 17:03:37 INFO app [req=9c5210728f92dc62-FRA] GET /cms/wp-includes/wlwmanifest.xml -> 404 (0ms)
2026-01-28 17:03:37 INFO werkzeug [req=-] 127.0.0.1 - - [28/Jan/2026 17:03:37] "[33mGET /cms/wp-includes/wlwmanifest.xml HTTP/1.1[0m" 404 -
2026-01-28 17:12:38 INFO app [req=9c521da75856660c-AMS] GET /.env -> 404 (0ms)
2026-01-28 17:12:38 INFO werkzeug [req=-] 127.0.0.1 - - [28/Jan/2026 17:12:38] "[33mGET /.env HTTP/1.1[0m" 404 -
2026-01-28 18:34:15 INFO app [req=-] Startup: prewarming TTS...
2026-01-28 18:34:15 INFO app [req=-] Prewarming Kokoro pipeline...
2026-01-28 18:34:15 INFO app [req=-] Kokoro device: cuda (NVIDIA GeForce RTX 5070)
2026-01-28 18:34:15 DEBUG urllib3.connectionpool [req=-] Starting new HTTPS connection (1): huggingface.co:443
2026-01-28 18:34:15 DEBUG urllib3.connectionpool [req=-] https://huggingface.co:443 "HEAD /hexgrad/Kokoro-82M/resolve/main/config.json HTTP/1.1" 307 0
2026-01-28 18:34:15 DEBUG urllib3.connectionpool [req=-] https://huggingface.co:443 "HEAD /api/resolve-cache/models/hexgrad/Kokoro-82M/f3ff3571791e39611d31c381e3a41a3af07b4987/config.json HTTP/1.1" 200 0
2026-01-28 18:34:16 DEBUG urllib3.connectionpool [req=-] https://huggingface.co:443 "HEAD /hexgrad/Kokoro-82M/resolve/main/kokoro-v1_0.pth HTTP/1.1" 302 0
2026-01-28 18:34:17 INFO app [req=-] Kokoro pipeline prewarmed
2026-01-28 18:34:17 DEBUG urllib3.connectionpool [req=-] https://huggingface.co:443 "HEAD /hexgrad/Kokoro-82M/resolve/main/voices/af_heart.pt HTTP/1.1" 302 0
2026-01-28 18:34:18 INFO app [req=-] Kokoro synthesis prewarm complete (voice=af_heart)
2026-01-28 18:34:18 INFO app [req=-] Startup: TTS prewarm done in 3.49s
2026-01-28 18:34:18 INFO werkzeug [req=-] [31m[1mWARNING: This is a development server. Do not use it in a production deployment. Use a production WSGI server instead.[0m
 * Running on all addresses (0.0.0.0)
 * Running on http://127.0.0.1:1111
 * Running on http://172.17.0.3:1111
2026-01-28 18:34:18 INFO werkzeug [req=-] [33mPress CTRL+C to quit[0m
2026-01-28 18:34:18 INFO werkzeug [req=-]  * Restarting with stat
2026-01-28 18:34:22 INFO app [req=-] Startup: prewarming TTS...
2026-01-28 18:34:22 INFO app [req=-] Prewarming Kokoro pipeline...
2026-01-28 18:34:22 INFO app [req=-] Kokoro device: cuda (NVIDIA GeForce RTX 5070)
2026-01-28 18:34:22 DEBUG urllib3.connectionpool [req=-] Starting new HTTPS connection (1): huggingface.co:443
2026-01-28 18:34:22 DEBUG urllib3.connectionpool [req=-] https://huggingface.co:443 "HEAD /hexgrad/Kokoro-82M/resolve/main/config.json HTTP/1.1" 307 0
2026-01-28 18:34:22 DEBUG urllib3.connectionpool [req=-] https://huggingface.co:443 "HEAD /api/resolve-cache/models/hexgrad/Kokoro-82M/f3ff3571791e39611d31c381e3a41a3af07b4987/config.json HTTP/1.1" 200 0
2026-01-28 18:34:24 DEBUG urllib3.connectionpool [req=-] https://huggingface.co:443 "HEAD /hexgrad/Kokoro-82M/resolve/main/kokoro-v1_0.pth HTTP/1.1" 302 0
2026-01-28 18:34:25 INFO app [req=-] Kokoro pipeline prewarmed
2026-01-28 18:34:25 DEBUG urllib3.connectionpool [req=-] https://huggingface.co:443 "HEAD /hexgrad/Kokoro-82M/resolve/main/voices/af_heart.pt HTTP/1.1" 302 0
2026-01-28 18:34:26 INFO app [req=-] Kokoro synthesis prewarm complete (voice=af_heart)
2026-01-28 18:34:26 INFO app [req=-] Startup: TTS prewarm done in 3.33s
2026-01-28 18:34:26 WARNING werkzeug [req=-]  * Debugger is active!
2026-01-28 18:34:26 INFO werkzeug [req=-]  * Debugger PIN: 342-109-490
2026-01-28 18:35:02 INFO app [req=9c52965a09d65314-ORD] GET /new-toefl/reading-mock -> 200 (48ms)
2026-01-28 18:35:02 INFO werkzeug [req=-] 127.0.0.1 - - [28/Jan/2026 18:35:02] "GET /new-toefl/reading-mock HTTP/1.1" 200 -
2026-01-28 18:35:02 INFO app [req=9c52965b49eb5314-ORD] GET /static/css/unfamiliar_words.css -> 304 (2ms)
2026-01-28 18:35:02 INFO werkzeug [req=-] 127.0.0.1 - - [28/Jan/2026 18:35:02] "[36mGET /static/css/unfamiliar_words.css HTTP/1.1[0m" 304 -
2026-01-28 18:35:02 INFO app [req=9c52965b59ec5314-ORD] GET /static/js/unfamiliar_words.js -> 304 (0ms)
2026-01-28 18:35:02 INFO werkzeug [req=-] 127.0.0.1 - - [28/Jan/2026 18:35:02] "[36mGET /static/js/unfamiliar_words.js HTTP/1.1[0m" 304 -
2026-01-28 18:35:02 INFO app [req=9c52965c09f65314-ORD] GET /new-toefl/api/mock/tests -> 200 (1ms)
2026-01-28 18:35:02 INFO werkzeug [req=-] 127.0.0.1 - - [28/Jan/2026 18:35:02] "GET /new-toefl/api/mock/tests HTTP/1.1" 200 -
2026-01-28 18:35:02 INFO app [req=9c52965dea105314-ORD] GET /favicon.ico -> 404 (1ms)
2026-01-28 18:35:02 INFO werkzeug [req=-] 127.0.0.1 - - [28/Jan/2026 18:35:02] "[33mGET /favicon.ico HTTP/1.1[0m" 404 -
2026-01-28 18:35:24 INFO app [req=9c529662da655314-ORD] GET /new-toefl/api/mock/reading/load/practice_test_1 -> 200 (20764ms)
2026-01-28 18:35:24 INFO werkzeug [req=-] 127.0.0.1 - - [28/Jan/2026 18:35:24] "GET /new-toefl/api/mock/reading/load/practice_test_1 HTTP/1.1" 200 -
2026-01-28 18:39:57 INFO app [req=-] Startup: prewarming TTS...
2026-01-28 18:39:57 INFO app [req=-] Prewarming Kokoro pipeline...
2026-01-28 18:39:57 INFO app [req=-] Kokoro device: cuda (NVIDIA GeForce RTX 5070)
2026-01-28 18:39:57 DEBUG urllib3.connectionpool [req=-] Starting new HTTPS connection (1): huggingface.co:443
2026-01-28 18:39:57 DEBUG urllib3.connectionpool [req=-] https://huggingface.co:443 "HEAD /hexgrad/Kokoro-82M/resolve/main/config.json HTTP/1.1" 307 0
2026-01-28 18:39:57 DEBUG urllib3.connectionpool [req=-] https://huggingface.co:443 "HEAD /api/resolve-cache/models/hexgrad/Kokoro-82M/f3ff3571791e39611d31c381e3a41a3af07b4987/config.json HTTP/1.1" 200 0
2026-01-28 18:39:59 DEBUG urllib3.connectionpool [req=-] https://huggingface.co:443 "HEAD /hexgrad/Kokoro-82M/resolve/main/kokoro-v1_0.pth HTTP/1.1" 302 0
2026-01-28 18:40:00 INFO app [req=-] Kokoro pipeline prewarmed
2026-01-28 18:40:00 DEBUG urllib3.connectionpool [req=-] https://huggingface.co:443 "HEAD /hexgrad/Kokoro-82M/resolve/main/voices/af_heart.pt HTTP/1.1" 302 0
2026-01-28 18:40:01 INFO app [req=-] Kokoro synthesis prewarm complete (voice=af_heart)
2026-01-28 18:40:01 INFO app [req=-] Startup: TTS prewarm done in 3.44s
2026-01-28 18:40:01 INFO werkzeug [req=-] [31m[1mWARNING: This is a development server. Do not use it in a production deployment. Use a production WSGI server instead.[0m
 * Running on all addresses (0.0.0.0)
 * Running on http://127.0.0.1:1111
 * Running on http://172.17.0.3:1111
2026-01-28 18:40:01 INFO werkzeug [req=-] [33mPress CTRL+C to quit[0m
2026-01-28 18:40:01 INFO werkzeug [req=-]  * Restarting with stat
2026-01-28 18:40:05 INFO app [req=-] Startup: prewarming TTS...
2026-01-28 18:40:05 INFO app [req=-] Prewarming Kokoro pipeline...
2026-01-28 18:40:05 INFO app [req=-] Kokoro device: cuda (NVIDIA GeForce RTX 5070)
2026-01-28 18:40:05 DEBUG urllib3.connectionpool [req=-] Starting new HTTPS connection (1): huggingface.co:443
2026-01-28 18:40:05 DEBUG urllib3.connectionpool [req=-] https://huggingface.co:443 "HEAD /hexgrad/Kokoro-82M/resolve/main/config.json HTTP/1.1" 307 0
2026-01-28 18:40:05 DEBUG urllib3.connectionpool [req=-] https://huggingface.co:443 "HEAD /api/resolve-cache/models/hexgrad/Kokoro-82M/f3ff3571791e39611d31c381e3a41a3af07b4987/config.json HTTP/1.1" 200 0
2026-01-28 18:40:06 DEBUG urllib3.connectionpool [req=-] https://huggingface.co:443 "HEAD /hexgrad/Kokoro-82M/resolve/main/kokoro-v1_0.pth HTTP/1.1" 302 0
2026-01-28 18:40:07 INFO app [req=-] Kokoro pipeline prewarmed
2026-01-28 18:40:07 DEBUG urllib3.connectionpool [req=-] https://huggingface.co:443 "HEAD /hexgrad/Kokoro-82M/resolve/main/voices/af_heart.pt HTTP/1.1" 302 0
2026-01-28 18:40:08 INFO app [req=-] Kokoro synthesis prewarm complete (voice=af_heart)
2026-01-28 18:40:08 INFO app [req=-] Startup: TTS prewarm done in 3.37s
2026-01-28 18:40:08 WARNING werkzeug [req=-]  * Debugger is active!
2026-01-28 18:40:08 INFO werkzeug [req=-]  * Debugger PIN: 342-109-490
2026-01-28 19:05:25 INFO app [req=9c52c2dfce7be815-ORD] GET /new-toefl/reading-mock -> 200 (59ms)
2026-01-28 19:05:25 INFO werkzeug [req=-] 127.0.0.1 - - [28/Jan/2026 19:05:25] "GET /new-toefl/reading-mock HTTP/1.1" 200 -
2026-01-28 19:05:26 INFO app [req=9c52c2e14e9be815-ORD] GET /static/css/unfamiliar_words.css -> 304 (5ms)
2026-01-28 19:05:26 INFO app [req=9c52c2e14e9ce815-ORD] GET /static/js/unfamiliar_words.js -> 304 (0ms)
2026-01-28 19:05:26 INFO werkzeug [req=-] 127.0.0.1 - - [28/Jan/2026 19:05:26] "[36mGET /static/css/unfamiliar_words.css HTTP/1.1[0m" 304 -
2026-01-28 19:05:26 INFO werkzeug [req=-] 127.0.0.1 - - [28/Jan/2026 19:05:26] "[36mGET /static/js/unfamiliar_words.js HTTP/1.1[0m" 304 -
2026-01-28 19:05:26 INFO app [req=9c52c2e39ec6e815-ORD] GET /new-toefl/api/mock/tests -> 200 (2ms)
2026-01-28 19:05:26 INFO werkzeug [req=-] 127.0.0.1 - - [28/Jan/2026 19:05:26] "GET /new-toefl/api/mock/tests HTTP/1.1" 200 -
2026-01-28 19:05:26 INFO app [req=9c52c2e5aeede815-ORD] GET /favicon.ico -> 404 (2ms)
2026-01-28 19:05:26 INFO werkzeug [req=-] 127.0.0.1 - - [28/Jan/2026 19:05:26] "[33mGET /favicon.ico HTTP/1.1[0m" 404 -
2026-01-28 19:05:43 INFO app [req=9c52c2e8ff46e815-ORD] GET /new-toefl/api/mock/reading/load/practice_test_1 -> 200 (16140ms)
2026-01-28 19:05:43 INFO werkzeug [req=-] 127.0.0.1 - - [28/Jan/2026 19:05:43] "GET /new-toefl/api/mock/reading/load/practice_test_1 HTTP/1.1" 200 -
2026-01-28 19:08:27 INFO app [req=9c52c751ba2fe7fc-ORD] POST /new-toefl/api/reading/submit -> 200 (2ms)
2026-01-28 19:08:27 INFO werkzeug [req=-] 127.0.0.1 - - [28/Jan/2026 19:08:27] "POST /new-toefl/api/reading/submit HTTP/1.1" 200 -
2026-01-28 19:08:52 INFO app [req=9c52c7e9ee6ae7fc-ORD] POST /new-toefl/api/reading/submit -> 200 (2ms)
2026-01-28 19:08:52 INFO werkzeug [req=-] 127.0.0.1 - - [28/Jan/2026 19:08:52] "POST /new-toefl/api/reading/submit HTTP/1.1" 200 -
2026-01-28 19:09:50 INFO app [req=9c52c9538c830045-ORD] POST /new-toefl/api/reading/submit -> 200 (2ms)
2026-01-28 19:09:50 INFO werkzeug [req=-] 127.0.0.1 - - [28/Jan/2026 19:09:50] "POST /new-toefl/api/reading/submit HTTP/1.1" 200 -
2026-01-28 19:14:59 INFO werkzeug [req=-]  * Detected change in '/workspace/TOEFL/app/flask_app/app.py', reloading
2026-01-28 19:15:02 INFO werkzeug [req=-]  * Restarting with stat
2026-01-28 19:15:06 INFO app [req=-] Startup: prewarming TTS...
2026-01-28 19:15:06 INFO app [req=-] Prewarming Kokoro pipeline...
2026-01-28 19:15:06 INFO app [req=-] Kokoro device: cuda (NVIDIA GeForce RTX 5070)
2026-01-28 19:15:06 DEBUG urllib3.connectionpool [req=-] Starting new HTTPS connection (1): huggingface.co:443
2026-01-28 19:15:06 DEBUG urllib3.connectionpool [req=-] https://huggingface.co:443 "HEAD /hexgrad/Kokoro-82M/resolve/main/config.json HTTP/1.1" 307 0
2026-01-28 19:15:06 DEBUG urllib3.connectionpool [req=-] https://huggingface.co:443 "HEAD /api/resolve-cache/models/hexgrad/Kokoro-82M/f3ff3571791e39611d31c381e3a41a3af07b4987/config.json HTTP/1.1" 200 0
2026-01-28 19:15:08 DEBUG urllib3.connectionpool [req=-] https://huggingface.co:443 "HEAD /hexgrad/Kokoro-82M/resolve/main/kokoro-v1_0.pth HTTP/1.1" 302 0
2026-01-28 19:15:09 INFO app [req=-] Kokoro pipeline prewarmed
2026-01-28 19:15:09 DEBUG urllib3.connectionpool [req=-] https://huggingface.co:443 "HEAD /hexgrad/Kokoro-82M/resolve/main/voices/af_heart.pt HTTP/1.1" 302 0
2026-01-28 19:15:10 INFO app [req=-] Kokoro synthesis prewarm complete (voice=af_heart)
2026-01-28 19:15:10 INFO app [req=-] Startup: TTS prewarm done in 3.39s
2026-01-28 19:15:10 WARNING werkzeug [req=-]  * Debugger is active!
2026-01-28 19:15:10 INFO werkzeug [req=-]  * Debugger PIN: 342-109-490
2026-01-28 19:15:13 INFO werkzeug [req=-]  * Detected change in '/workspace/TOEFL/app/flask_app/services/full_length_mock.py', reloading
2026-01-28 19:15:14 INFO werkzeug [req=-]  * Restarting with stat
2026-01-28 19:15:18 INFO app [req=-] Startup: prewarming TTS...
2026-01-28 19:15:18 INFO app [req=-] Prewarming Kokoro pipeline...
2026-01-28 19:15:18 INFO app [req=-] Kokoro device: cuda (NVIDIA GeForce RTX 5070)
2026-01-28 19:15:18 DEBUG urllib3.connectionpool [req=-] Starting new HTTPS connection (1): huggingface.co:443
2026-01-28 19:15:18 DEBUG urllib3.connectionpool [req=-] https://huggingface.co:443 "HEAD /hexgrad/Kokoro-82M/resolve/main/config.json HTTP/1.1" 307 0
2026-01-28 19:15:18 DEBUG urllib3.connectionpool [req=-] https://huggingface.co:443 "HEAD /api/resolve-cache/models/hexgrad/Kokoro-82M/f3ff3571791e39611d31c381e3a41a3af07b4987/config.json HTTP/1.1" 200 0
2026-01-28 19:15:19 DEBUG urllib3.connectionpool [req=-] https://huggingface.co:443 "HEAD /hexgrad/Kokoro-82M/resolve/main/kokoro-v1_0.pth HTTP/1.1" 302 0
2026-01-28 19:15:20 INFO app [req=-] Kokoro pipeline prewarmed
2026-01-28 19:15:20 DEBUG urllib3.connectionpool [req=-] https://huggingface.co:443 "HEAD /hexgrad/Kokoro-82M/resolve/main/voices/af_heart.pt HTTP/1.1" 302 0
2026-01-28 19:15:21 INFO app [req=-] Kokoro synthesis prewarm complete (voice=af_heart)
2026-01-28 19:15:21 INFO app [req=-] Startup: TTS prewarm done in 3.22s
2026-01-28 19:15:21 WARNING werkzeug [req=-]  * Debugger is active!
2026-01-28 19:15:21 INFO werkzeug [req=-]  * Debugger PIN: 342-109-490
2026-01-28 19:15:30 INFO werkzeug [req=-]  * Detected change in '/workspace/TOEFL/app/flask_app/services/full_length_mock.py', reloading
2026-01-28 19:15:31 INFO werkzeug [req=-]  * Restarting with stat
2026-01-28 19:15:35 INFO app [req=-] Startup: prewarming TTS...
2026-01-28 19:15:35 INFO app [req=-] Prewarming Kokoro pipeline...
2026-01-28 19:15:35 INFO app [req=-] Kokoro device: cuda (NVIDIA GeForce RTX 5070)
2026-01-28 19:15:35 DEBUG urllib3.connectionpool [req=-] Starting new HTTPS connection (1): huggingface.co:443
2026-01-28 19:15:35 DEBUG urllib3.connectionpool [req=-] https://huggingface.co:443 "HEAD /hexgrad/Kokoro-82M/resolve/main/config.json HTTP/1.1" 307 0
2026-01-28 19:15:35 DEBUG urllib3.connectionpool [req=-] https://huggingface.co:443 "HEAD /api/resolve-cache/models/hexgrad/Kokoro-82M/f3ff3571791e39611d31c381e3a41a3af07b4987/config.json HTTP/1.1" 200 0
2026-01-28 19:15:37 DEBUG urllib3.connectionpool [req=-] https://huggingface.co:443 "HEAD /hexgrad/Kokoro-82M/resolve/main/kokoro-v1_0.pth HTTP/1.1" 302 0
2026-01-28 19:15:38 INFO app [req=-] Kokoro pipeline prewarmed
2026-01-28 19:15:38 DEBUG urllib3.connectionpool [req=-] https://huggingface.co:443 "HEAD /hexgrad/Kokoro-82M/resolve/main/voices/af_heart.pt HTTP/1.1" 302 0
2026-01-28 19:15:39 INFO app [req=-] Kokoro synthesis prewarm complete (voice=af_heart)
2026-01-28 19:15:39 INFO app [req=-] Startup: TTS prewarm done in 3.23s
2026-01-28 19:15:39 WARNING werkzeug [req=-]  * Debugger is active!
2026-01-28 19:15:39 INFO werkzeug [req=-]  * Debugger PIN: 342-109-490
2026-01-28 19:16:25 INFO werkzeug [req=-]  * Detected change in '/workspace/TOEFL/app/flask_app/services/full_length_mock.py', reloading
2026-01-28 19:16:26 INFO werkzeug [req=-]  * Restarting with stat
2026-01-28 19:16:30 INFO app [req=-] Startup: prewarming TTS...
2026-01-28 19:16:30 INFO app [req=-] Prewarming Kokoro pipeline...
2026-01-28 19:16:30 INFO app [req=-] Kokoro device: cuda (NVIDIA GeForce RTX 5070)
2026-01-28 19:16:30 DEBUG urllib3.connectionpool [req=-] Starting new HTTPS connection (1): huggingface.co:443
2026-01-28 19:16:30 DEBUG urllib3.connectionpool [req=-] https://huggingface.co:443 "HEAD /hexgrad/Kokoro-82M/resolve/main/config.json HTTP/1.1" 307 0
2026-01-28 19:16:30 DEBUG urllib3.connectionpool [req=-] https://huggingface.co:443 "HEAD /api/resolve-cache/models/hexgrad/Kokoro-82M/f3ff3571791e39611d31c381e3a41a3af07b4987/config.json HTTP/1.1" 200 0
2026-01-28 19:16:32 DEBUG urllib3.connectionpool [req=-] https://huggingface.co:443 "HEAD /hexgrad/Kokoro-82M/resolve/main/kokoro-v1_0.pth HTTP/1.1" 302 0
2026-01-28 19:16:33 INFO app [req=-] Kokoro pipeline prewarmed
2026-01-28 19:16:33 DEBUG urllib3.connectionpool [req=-] https://huggingface.co:443 "HEAD /hexgrad/Kokoro-82M/resolve/main/voices/af_heart.pt HTTP/1.1" 302 0
2026-01-28 19:16:34 INFO app [req=-] Kokoro synthesis prewarm complete (voice=af_heart)
2026-01-28 19:16:34 INFO app [req=-] Startup: TTS prewarm done in 3.35s
2026-01-28 19:16:34 WARNING werkzeug [req=-]  * Debugger is active!
2026-01-28 19:16:34 INFO werkzeug [req=-]  * Debugger PIN: 342-109-490
2026-01-28 19:16:40 INFO werkzeug [req=-]  * Detected change in '/workspace/TOEFL/app/flask_app/services/full_length_mock.py', reloading
2026-01-28 19:16:41 INFO werkzeug [req=-]  * Restarting with stat
2026-01-28 19:19:27 INFO app [req=-] Startup: prewarming TTS...
2026-01-28 19:19:27 INFO app [req=-] Prewarming Kokoro pipeline...
2026-01-28 19:19:27 INFO app [req=-] Kokoro device: cuda (NVIDIA GeForce RTX 5070)
2026-01-28 19:19:27 DEBUG urllib3.connectionpool [req=-] Starting new HTTPS connection (1): huggingface.co:443
2026-01-28 19:19:27 DEBUG urllib3.connectionpool [req=-] https://huggingface.co:443 "HEAD /hexgrad/Kokoro-82M/resolve/main/config.json HTTP/1.1" 307 0
2026-01-28 19:19:27 DEBUG urllib3.connectionpool [req=-] https://huggingface.co:443 "HEAD /api/resolve-cache/models/hexgrad/Kokoro-82M/f3ff3571791e39611d31c381e3a41a3af07b4987/config.json HTTP/1.1" 200 0
2026-01-28 19:19:29 DEBUG urllib3.connectionpool [req=-] https://huggingface.co:443 "HEAD /hexgrad/Kokoro-82M/resolve/main/kokoro-v1_0.pth HTTP/1.1" 302 0
2026-01-28 19:19:30 INFO app [req=-] Kokoro pipeline prewarmed
2026-01-28 19:19:30 DEBUG urllib3.connectionpool [req=-] https://huggingface.co:443 "HEAD /hexgrad/Kokoro-82M/resolve/main/voices/af_heart.pt HTTP/1.1" 302 0
2026-01-28 19:19:31 INFO app [req=-] Kokoro synthesis prewarm complete (voice=af_heart)
2026-01-28 19:19:31 INFO app [req=-] Startup: TTS prewarm done in 3.91s
2026-01-28 19:19:31 INFO werkzeug [req=-] [31m[1mWARNING: This is a development server. Do not use it in a production deployment. Use a production WSGI server instead.[0m
 * Running on all addresses (0.0.0.0)
 * Running on http://127.0.0.1:1111
 * Running on http://172.17.0.3:1111
2026-01-28 19:19:31 INFO werkzeug [req=-] [33mPress CTRL+C to quit[0m
2026-01-28 19:19:31 INFO werkzeug [req=-]  * Restarting with stat
2026-01-28 19:19:36 INFO app [req=-] Startup: prewarming TTS...
2026-01-28 19:19:36 INFO app [req=-] Prewarming Kokoro pipeline...
2026-01-28 19:19:36 INFO app [req=-] Kokoro device: cuda (NVIDIA GeForce RTX 5070)
2026-01-28 19:19:36 DEBUG urllib3.connectionpool [req=-] Starting new HTTPS connection (1): huggingface.co:443
2026-01-28 19:19:36 DEBUG urllib3.connectionpool [req=-] https://huggingface.co:443 "HEAD /hexgrad/Kokoro-82M/resolve/main/config.json HTTP/1.1" 307 0
2026-01-28 19:19:36 DEBUG urllib3.connectionpool [req=-] https://huggingface.co:443 "HEAD /api/resolve-cache/models/hexgrad/Kokoro-82M/f3ff3571791e39611d31c381e3a41a3af07b4987/config.json HTTP/1.1" 200 0
2026-01-28 19:19:37 DEBUG urllib3.connectionpool [req=-] https://huggingface.co:443 "HEAD /hexgrad/Kokoro-82M/resolve/main/kokoro-v1_0.pth HTTP/1.1" 302 0
2026-01-28 19:19:38 INFO app [req=-] Kokoro pipeline prewarmed
2026-01-28 19:19:38 DEBUG urllib3.connectionpool [req=-] https://huggingface.co:443 "HEAD /hexgrad/Kokoro-82M/resolve/main/voices/af_heart.pt HTTP/1.1" 302 0
2026-01-28 19:19:39 INFO app [req=-] Kokoro synthesis prewarm complete (voice=af_heart)
2026-01-28 19:19:39 INFO app [req=-] Startup: TTS prewarm done in 3.44s
2026-01-28 19:19:39 WARNING werkzeug [req=-]  * Debugger is active!
2026-01-28 19:19:39 INFO werkzeug [req=-]  * Debugger PIN: 342-109-490
2026-01-28 19:19:42 INFO app [req=9c52d7ca1b7feaf3-ORD] GET /new-toefl/reading-mock -> 200 (41ms)
2026-01-28 19:19:42 INFO werkzeug [req=-] 127.0.0.1 - - [28/Jan/2026 19:19:42] "GET /new-toefl/reading-mock HTTP/1.1" 200 -
2026-01-28 19:19:42 INFO app [req=9c52d7cb6bb5eaf3-ORD] GET /static/js/unfamiliar_words.js -> 304 (3ms)
2026-01-28 19:19:42 INFO app [req=9c52d7cb6bb6eaf3-ORD] GET /static/css/unfamiliar_words.css -> 304 (0ms)
2026-01-28 19:19:42 INFO werkzeug [req=-] 127.0.0.1 - - [28/Jan/2026 19:19:42] "[36mGET /static/js/unfamiliar_words.js HTTP/1.1[0m" 304 -
2026-01-28 19:19:42 INFO werkzeug [req=-] 127.0.0.1 - - [28/Jan/2026 19:19:42] "[36mGET /static/css/unfamiliar_words.css HTTP/1.1[0m" 304 -
2026-01-28 19:19:42 INFO app [req=9c52d7cc8bd6eaf3-ORD] GET /new-toefl/api/mock/tests -> 200 (1ms)
2026-01-28 19:19:42 INFO werkzeug [req=-] 127.0.0.1 - - [28/Jan/2026 19:19:42] "GET /new-toefl/api/mock/tests HTTP/1.1" 200 -
2026-01-28 19:19:43 INFO app [req=9c52d7cd6c04eaf3-ORD] GET /favicon.ico -> 404 (2ms)
2026-01-28 19:19:43 INFO werkzeug [req=-] 127.0.0.1 - - [28/Jan/2026 19:19:43] "[33mGET /favicon.ico HTTP/1.1[0m" 404 -
2026-01-28 19:20:03 INFO app [req=9c52d7d3eca6eaf3-ORD] GET /new-toefl/api/mock/reading/load/practice_test_1 -> 200 (19345ms)
2026-01-28 19:20:03 INFO werkzeug [req=-] 127.0.0.1 - - [28/Jan/2026 19:20:03] "GET /new-toefl/api/mock/reading/load/practice_test_1 HTTP/1.1" 200 -
2026-01-28 19:21:45 INFO app [req=9c52dacd2b29000c-ORD] POST /new-toefl/api/reading/submit -> 200 (3ms)
2026-01-28 19:21:45 INFO werkzeug [req=-] 127.0.0.1 - - [28/Jan/2026 19:21:45] "POST /new-toefl/api/reading/submit HTTP/1.1" 200 -
2026-01-28 19:22:44 INFO app [req=9c52dbd2af191133-ORD] GET /new-toefl/api/mock/reading/load/practice_test_2 -> 200 (16950ms)
2026-01-28 19:22:44 INFO werkzeug [req=-] 127.0.0.1 - - [28/Jan/2026 19:22:44] "GET /new-toefl/api/mock/reading/load/practice_test_2 HTTP/1.1" 200 -
2026-01-28 19:25:49 INFO werkzeug [req=-]  * Detected change in '/workspace/TOEFL/app/flask_app/services/full_length_mock.py', reloading
2026-01-28 19:25:52 INFO werkzeug [req=-]  * Restarting with stat
2026-01-28 19:25:57 INFO app [req=-] Startup: prewarming TTS...
2026-01-28 19:25:57 INFO app [req=-] Prewarming Kokoro pipeline...
2026-01-28 19:25:57 INFO app [req=-] Kokoro device: cuda (NVIDIA GeForce RTX 5070)
2026-01-28 19:25:57 DEBUG urllib3.connectionpool [req=-] Starting new HTTPS connection (1): huggingface.co:443
2026-01-28 19:25:57 DEBUG urllib3.connectionpool [req=-] https://huggingface.co:443 "HEAD /hexgrad/Kokoro-82M/resolve/main/config.json HTTP/1.1" 307 0
2026-01-28 19:25:57 DEBUG urllib3.connectionpool [req=-] https://huggingface.co:443 "HEAD /api/resolve-cache/models/hexgrad/Kokoro-82M/f3ff3571791e39611d31c381e3a41a3af07b4987/config.json HTTP/1.1" 200 0
2026-01-28 19:25:58 DEBUG urllib3.connectionpool [req=-] https://huggingface.co:443 "HEAD /hexgrad/Kokoro-82M/resolve/main/kokoro-v1_0.pth HTTP/1.1" 302 0
2026-01-28 19:25:59 INFO app [req=-] Kokoro pipeline prewarmed
2026-01-28 19:26:00 DEBUG urllib3.connectionpool [req=-] https://huggingface.co:443 "HEAD /hexgrad/Kokoro-82M/resolve/main/voices/af_heart.pt HTTP/1.1" 302 0
2026-01-28 19:26:00 INFO app [req=-] Kokoro synthesis prewarm complete (voice=af_heart)
2026-01-28 19:26:00 INFO app [req=-] Startup: TTS prewarm done in 3.68s
2026-01-28 19:26:00 WARNING werkzeug [req=-]  * Debugger is active!
2026-01-28 19:26:00 INFO werkzeug [req=-]  * Debugger PIN: 342-109-490
2026-01-28 19:27:34 INFO werkzeug [req=-]  * Detected change in '/workspace/TOEFL/app/flask_app/services/full_length_mock.py', reloading
2026-01-28 19:27:35 INFO werkzeug [req=-]  * Restarting with stat
2026-01-28 19:27:40 INFO app [req=-] Startup: prewarming TTS...
2026-01-28 19:27:40 INFO app [req=-] Prewarming Kokoro pipeline...
2026-01-28 19:27:40 INFO app [req=-] Kokoro device: cuda (NVIDIA GeForce RTX 5070)
2026-01-28 19:27:40 DEBUG urllib3.connectionpool [req=-] Starting new HTTPS connection (1): huggingface.co:443
2026-01-28 19:27:40 DEBUG urllib3.connectionpool [req=-] https://huggingface.co:443 "HEAD /hexgrad/Kokoro-82M/resolve/main/config.json HTTP/1.1" 307 0
2026-01-28 19:27:40 DEBUG urllib3.connectionpool [req=-] https://huggingface.co:443 "HEAD /api/resolve-cache/models/hexgrad/Kokoro-82M/f3ff3571791e39611d31c381e3a41a3af07b4987/config.json HTTP/1.1" 200 0
2026-01-28 19:27:42 DEBUG urllib3.connectionpool [req=-] https://huggingface.co:443 "HEAD /hexgrad/Kokoro-82M/resolve/main/kokoro-v1_0.pth HTTP/1.1" 302 0
2026-01-28 19:27:43 INFO app [req=-] Kokoro pipeline prewarmed
2026-01-28 19:27:43 DEBUG urllib3.connectionpool [req=-] https://huggingface.co:443 "HEAD /hexgrad/Kokoro-82M/resolve/main/voices/af_heart.pt HTTP/1.1" 302 0
2026-01-28 19:27:43 INFO app [req=-] Kokoro synthesis prewarm complete (voice=af_heart)
2026-01-28 19:27:43 INFO app [req=-] Startup: TTS prewarm done in 3.63s
2026-01-28 19:27:43 WARNING werkzeug [req=-]  * Debugger is active!
2026-01-28 19:27:43 INFO werkzeug [req=-]  * Debugger PIN: 342-109-490
2026-01-28 19:28:00 INFO werkzeug [req=-]  * Detected change in '/workspace/TOEFL/app/flask_app/services/full_length_mock.py', reloading
2026-01-28 19:28:01 INFO werkzeug [req=-]  * Restarting with stat
2026-01-28 19:28:05 INFO app [req=-] Startup: prewarming TTS...
2026-01-28 19:28:05 INFO app [req=-] Prewarming Kokoro pipeline...
2026-01-28 19:28:05 INFO app [req=-] Kokoro device: cuda (NVIDIA GeForce RTX 5070)
2026-01-28 19:28:05 DEBUG urllib3.connectionpool [req=-] Starting new HTTPS connection (1): huggingface.co:443
2026-01-28 19:28:05 DEBUG urllib3.connectionpool [req=-] https://huggingface.co:443 "HEAD /hexgrad/Kokoro-82M/resolve/main/config.json HTTP/1.1" 307 0
2026-01-28 19:28:05 DEBUG urllib3.connectionpool [req=-] https://huggingface.co:443 "HEAD /api/resolve-cache/models/hexgrad/Kokoro-82M/f3ff3571791e39611d31c381e3a41a3af07b4987/config.json HTTP/1.1" 200 0
2026-01-28 19:28:07 DEBUG urllib3.connectionpool [req=-] https://huggingface.co:443 "HEAD /hexgrad/Kokoro-82M/resolve/main/kokoro-v1_0.pth HTTP/1.1" 302 0
2026-01-28 19:28:08 INFO app [req=-] Kokoro pipeline prewarmed
2026-01-28 19:28:08 DEBUG urllib3.connectionpool [req=-] https://huggingface.co:443 "HEAD /hexgrad/Kokoro-82M/resolve/main/voices/af_heart.pt HTTP/1.1" 302 0
2026-01-28 19:28:09 INFO app [req=-] Kokoro synthesis prewarm complete (voice=af_heart)
2026-01-28 19:28:09 INFO app [req=-] Startup: TTS prewarm done in 3.95s
2026-01-28 19:28:09 WARNING werkzeug [req=-]  * Debugger is active!
2026-01-28 19:28:09 INFO werkzeug [req=-]  * Debugger PIN: 342-109-490
2026-01-28 19:29:26 INFO werkzeug [req=-]  * Detected change in '/workspace/TOEFL/app/flask_app/services/full_length_mock.py', reloading
2026-01-28 19:29:27 INFO werkzeug [req=-]  * Restarting with stat
2026-01-28 19:29:32 INFO app [req=-] Startup: prewarming TTS...
2026-01-28 19:29:32 INFO app [req=-] Prewarming Kokoro pipeline...
2026-01-28 19:29:32 INFO app [req=-] Kokoro device: cuda (NVIDIA GeForce RTX 5070)
2026-01-28 19:29:32 DEBUG urllib3.connectionpool [req=-] Starting new HTTPS connection (1): huggingface.co:443
2026-01-28 19:29:32 DEBUG urllib3.connectionpool [req=-] https://huggingface.co:443 "HEAD /hexgrad/Kokoro-82M/resolve/main/config.json HTTP/1.1" 307 0
2026-01-28 19:29:32 DEBUG urllib3.connectionpool [req=-] https://huggingface.co:443 "HEAD /api/resolve-cache/models/hexgrad/Kokoro-82M/f3ff3571791e39611d31c381e3a41a3af07b4987/config.json HTTP/1.1" 200 0
2026-01-28 19:29:33 DEBUG urllib3.connectionpool [req=-] https://huggingface.co:443 "HEAD /hexgrad/Kokoro-82M/resolve/main/kokoro-v1_0.pth HTTP/1.1" 302 0
2026-01-28 19:29:34 INFO app [req=-] Kokoro pipeline prewarmed
2026-01-28 19:29:34 DEBUG urllib3.connectionpool [req=-] https://huggingface.co:443 "HEAD /hexgrad/Kokoro-82M/resolve/main/voices/af_heart.pt HTTP/1.1" 302 0
2026-01-28 19:29:35 INFO app [req=-] Kokoro synthesis prewarm complete (voice=af_heart)
2026-01-28 19:29:35 INFO app [req=-] Startup: TTS prewarm done in 3.47s
2026-01-28 19:29:35 WARNING werkzeug [req=-]  * Debugger is active!
2026-01-28 19:29:35 INFO werkzeug [req=-]  * Debugger PIN: 342-109-490
2026-01-28 21:33:47 INFO app [req=9c539c332add6e12-SEA] GET /robots.txt -> 404 (10ms)
2026-01-28 21:33:47 INFO werkzeug [req=-] 127.0.0.1 - - [28/Jan/2026 21:33:47] "[33mGET /robots.txt HTTP/1.1[0m" 404 -
2026-01-28 21:33:47 INFO app [req=9c539c347ec976cd-SEA] GET /register -> 200 (2ms)
2026-01-28 21:33:47 INFO werkzeug [req=-] 127.0.0.1 - - [28/Jan/2026 21:33:47] "GET /register HTTP/1.1" 200 -
2026-01-28 21:33:48 INFO app [req=9c539c36e9f3765e-SEA] GET /register -> 200 (0ms)
2026-01-28 21:33:48 INFO werkzeug [req=-] 127.0.0.1 - - [28/Jan/2026 21:33:48] "GET /register HTTP/1.1" 200 -
2026-01-28 21:33:48 INFO app [req=9c539c395ecb757d-SEA] GET /static/css/unfamiliar_words.css -> 200 (2ms)
2026-01-28 21:33:48 INFO werkzeug [req=-] 127.0.0.1 - - [28/Jan/2026 21:33:48] "GET /static/css/unfamiliar_words.css HTTP/1.1" 200 -
2026-01-28 21:33:48 INFO app [req=9c539c3b38a4757d-SEA] GET /static/css/unfamiliar_words.css -> 304 (0ms)
2026-01-28 21:33:48 INFO werkzeug [req=-] 127.0.0.1 - - [28/Jan/2026 21:33:48] "[36mGET /static/css/unfamiliar_words.css HTTP/1.1[0m" 304 -
2026-01-28 21:43:20 INFO app [req=9c53aa2ddf255ce6-CDG] GET / -> 302 (0ms)
2026-01-28 21:43:20 INFO werkzeug [req=-] 127.0.0.1 - - [28/Jan/2026 21:43:20] "[32mGET / HTTP/1.1[0m" 302 -
2026-01-28 22:13:19 INFO app [req=9c53d61d4d2975a8-SEA] GET /words -> 200 (80ms)
2026-01-28 22:13:19 INFO werkzeug [req=-] 127.0.0.1 - - [28/Jan/2026 22:13:19] "GET /words HTTP/1.1" 200 -
2026-01-28 22:13:20 INFO app [req=9c53d6204d2d75a8-SEA] GET /static/js/unfamiliar_words.js -> 200 (0ms)
2026-01-28 22:13:20 INFO werkzeug [req=-] 127.0.0.1 - - [28/Jan/2026 22:13:20] "GET /static/js/unfamiliar_words.js HTTP/1.1" 200 -
2026-01-28 22:13:20 INFO app [req=9c53d6205d2f75a8-SEA] GET /static/css/unfamiliar_words.css -> 304 (0ms)
2026-01-28 22:13:20 INFO werkzeug [req=-] 127.0.0.1 - - [28/Jan/2026 22:13:20] "[36mGET /static/css/unfamiliar_words.css HTTP/1.1[0m" 304 -
2026-01-28 22:13:20 INFO app [req=9c53d622ad3875a8-SEA] GET /static/js/unfamiliar_words.js -> 304 (0ms)
2026-01-28 22:13:20 INFO werkzeug [req=-] 127.0.0.1 - - [28/Jan/2026 22:13:20] "[36mGET /static/js/unfamiliar_words.js HTTP/1.1[0m" 304 -
2026-01-28 22:13:23 INFO app [req=9c53d6355dc475a8-SEA] GET /dashboard -> 200 (11ms)
2026-01-28 22:13:23 INFO werkzeug [req=-] 127.0.0.1 - - [28/Jan/2026 22:13:23] "GET /dashboard HTTP/1.1" 200 -
2026-01-28 22:13:23 INFO app [req=9c53d6368dcb75a8-SEA] GET /static/js/unfamiliar_words.js -> 304 (0ms)
2026-01-28 22:13:23 INFO werkzeug [req=-] 127.0.0.1 - - [28/Jan/2026 22:13:23] "[36mGET /static/js/unfamiliar_words.js HTTP/1.1[0m" 304 -
2026-01-28 22:13:30 INFO app [req=9c53d6620ed675a8-SEA] GET /new-toefl/practice -> 200 (4ms)
2026-01-28 22:13:30 INFO werkzeug [req=-] 127.0.0.1 - - [28/Jan/2026 22:13:30] "GET /new-toefl/practice HTTP/1.1" 200 -
2026-01-28 22:13:30 INFO app [req=9c53d6638edd75a8-SEA] GET /static/js/unfamiliar_words.js -> 200 (0ms)
2026-01-28 22:13:30 INFO werkzeug [req=-] 127.0.0.1 - - [28/Jan/2026 22:13:30] "GET /static/js/unfamiliar_words.js HTTP/1.1" 200 -
2026-01-28 22:13:32 INFO app [req=9c53d66cdf2275a8-SEA] GET /new-toefl/listening-practice -> 200 (4ms)
2026-01-28 22:13:32 INFO werkzeug [req=-] 127.0.0.1 - - [28/Jan/2026 22:13:32] "GET /new-toefl/listening-practice HTTP/1.1" 200 -
2026-01-28 22:13:32 INFO app [req=9c53d66e5f3b75a8-SEA] GET /static/js/unfamiliar_words.js -> 200 (0ms)
2026-01-28 22:13:32 INFO werkzeug [req=-] 127.0.0.1 - - [28/Jan/2026 22:13:32] "GET /static/js/unfamiliar_words.js HTTP/1.1" 200 -
2026-01-28 22:13:34 INFO app [req=9c53d67b5fe675a8-SEA] New TOEFL listening generation requested (user_id=16)
2026-01-28 22:13:34 INFO app [req=-] Listening mock (async): acquired TTS service (job_id=job_listening_16_53dcd9fea3)
2026-01-28 22:13:34 INFO app [req=9c53d67b5fe675a8-SEA] POST /new-toefl/api/listening/generate -> 200 (2ms)
2026-01-28 22:13:34 INFO app [req=-] New TOEFL listening mock: generating response items...
2026-01-28 22:13:34 INFO werkzeug [req=-] 127.0.0.1 - - [28/Jan/2026 22:13:34] "POST /new-toefl/api/listening/generate HTTP/1.1" 200 -
2026-01-28 22:13:34 INFO app [req=9c53d67c6ff075a8-SEA] GET /new-toefl/api/listening/job/job_listening_16_53dcd9fea3 -> 200 (1ms)
2026-01-28 22:13:34 INFO werkzeug [req=-] 127.0.0.1 - - [28/Jan/2026 22:13:34] "GET /new-toefl/api/listening/job/job_listening_16_53dcd9fea3 HTTP/1.1" 200 -
2026-01-28 22:13:37 INFO app [req=9c53d689f84b75a8-SEA] GET /new-toefl/api/listening/job/job_listening_16_53dcd9fea3 -> 200 (2ms)
2026-01-28 22:13:37 INFO werkzeug [req=-] 127.0.0.1 - - [28/Jan/2026 22:13:37] "GET /new-toefl/api/listening/job/job_listening_16_53dcd9fea3 HTTP/1.1" 200 -
2026-01-28 22:13:39 INFO app [req=9c53d69798b875a8-SEA] GET /new-toefl/api/listening/job/job_listening_16_53dcd9fea3 -> 200 (1ms)
2026-01-28 22:13:39 INFO werkzeug [req=-] 127.0.0.1 - - [28/Jan/2026 22:13:39] "GET /new-toefl/api/listening/job/job_listening_16_53dcd9fea3 HTTP/1.1" 200 -
2026-01-28 22:13:40 INFO app [req=-] New TOEFL listening mock: response items=6
2026-01-28 22:13:40 DEBUG pydub.converter [req=-] subprocess.call(['ffmpeg', '-y', '-f', 'wav', '-i', '/tmp/tmp8ky8bxpu', '-f', 'mp3', '/tmp/tmpr8ofetim'])
2026-01-28 22:13:40 DEBUG pydub.converter [req=-] subprocess output: b'ffmpeg version 6.1.1-3ubuntu5 Copyright (c) 2000-2023 the FFmpeg developers'
2026-01-28 22:13:40 DEBUG pydub.converter [req=-] subprocess output: b'  built with gcc 13 (Ubuntu 13.2.0-23ubuntu3)'
2026-01-28 22:13:40 DEBUG pydub.converter [req=-] subprocess output: b'  configuration: --prefix=/usr --extra-version=3ubuntu5 --toolchain=hardened --libdir=/usr/lib/x86_64-linux-gnu --incdir=/usr/include/x86_64-linux-gnu --arch=amd64 --enable-gpl --disable-stripping --disable-omx --enable-gnutls --enable-libaom --enable-libass --enable-libbs2b --enable-libcaca --enable-libcdio --enable-libcodec2 --enable-libdav1d --enable-libflite --enable-libfontconfig --enable-libfreetype --enable-libfribidi --enable-libglslang --enable-libgme --enable-libgsm --enable-libharfbuzz --enable-libmp3lame --enable-libmysofa --enable-libopenjpeg --enable-libopenmpt --enable-libopus --enable-librubberband --enable-libshine --enable-libsnappy --enable-libsoxr --enable-libspeex --enable-libtheora --enable-libtwolame --enable-libvidstab --enable-libvorbis --enable-libvpx --enable-libwebp --enable-libx265 --enable-libxml2 --enable-libxvid --enable-libzimg --enable-openal --enable-opencl --enable-opengl --disable-sndio --enable-libvpl --disable-libmfx --enable-libdc1394 --enable-libdrm --enable-libiec61883 --enable-chromaprint --enable-frei0r --enable-ladspa --enable-libbluray --enable-libjack --enable-libpulse --enable-librabbitmq --enable-librist --enable-libsrt --enable-libssh --enable-libsvtav1 --enable-libx264 --enable-libzmq --enable-libzvbi --enable-lv2 --enable-sdl2 --enable-libplacebo --enable-librav1e --enable-pocketsphinx --enable-librsvg --enable-libjxl --enable-shared'
2026-01-28 22:13:40 DEBUG pydub.converter [req=-] subprocess output: b'  libavutil      58. 29.100 / 58. 29.100'
2026-01-28 22:13:40 DEBUG pydub.converter [req=-] subprocess output: b'  libavcodec     60. 31.102 / 60. 31.102'
2026-01-28 22:13:40 DEBUG pydub.converter [req=-] subprocess output: b'  libavformat    60. 16.100 / 60. 16.100'
2026-01-28 22:13:40 DEBUG pydub.converter [req=-] subprocess output: b'  libavdevice    60.  3.100 / 60.  3.100'
2026-01-28 22:13:40 DEBUG pydub.converter [req=-] subprocess output: b'  libavfilter     9. 12.100 /  9. 12.100'
2026-01-28 22:13:40 DEBUG pydub.converter [req=-] subprocess output: b'  libswscale      7.  5.100 /  7.  5.100'
2026-01-28 22:13:40 DEBUG pydub.converter [req=-] subprocess output: b'  libswresample   4. 12.100 /  4. 12.100'
2026-01-28 22:13:40 DEBUG pydub.converter [req=-] subprocess output: b'  libpostproc    57.  3.100 / 57.  3.100'
2026-01-28 22:13:40 DEBUG pydub.converter [req=-] subprocess output: b'[aist#0:0/pcm_s16le @ 0x60c908a12e00] Guessed Channel Layout: mono'
2026-01-28 22:13:40 DEBUG pydub.converter [req=-] subprocess output: b"Input #0, wav, from '/tmp/tmp8ky8bxpu':"
2026-01-28 22:13:40 DEBUG pydub.converter [req=-] subprocess output: b'  Duration: 00:00:03.83, bitrate: 384 kb/s'
2026-01-28 22:13:40 DEBUG pydub.converter [req=-] subprocess output: b'  Stream #0:0: Audio: pcm_s16le ([1][0][0][0] / 0x0001), 24000 Hz, 1 channels, s16, 384 kb/s'
2026-01-28 22:13:40 DEBUG pydub.converter [req=-] subprocess output: b'Stream mapping:'
2026-01-28 22:13:40 DEBUG pydub.converter [req=-] subprocess output: b'  Stream #0:0 -> #0:0 (pcm_s16le (native) -> mp3 (libmp3lame))'
2026-01-28 22:13:40 DEBUG pydub.converter [req=-] subprocess output: b'Press [q] to stop, [?] for help'
2026-01-28 22:13:40 DEBUG pydub.converter [req=-] subprocess output: b"Output #0, mp3, to '/tmp/tmpr8ofetim':"
2026-01-28 22:13:40 DEBUG pydub.converter [req=-] subprocess output: b'  Metadata:'
2026-01-28 22:13:40 DEBUG pydub.converter [req=-] subprocess output: b'    TSSE            : Lavf60.16.100'
2026-01-28 22:13:40 DEBUG pydub.converter [req=-] subprocess output: b'  Stream #0:0: Audio: mp3, 24000 Hz, mono, s16p'
2026-01-28 22:13:40 DEBUG pydub.converter [req=-] subprocess output: b'    Metadata:'
2026-01-28 22:13:40 DEBUG pydub.converter [req=-] subprocess output: b'      encoder         : Lavc60.31.102 libmp3lame'
2026-01-28 22:13:40 DEBUG pydub.converter [req=-] subprocess output: b'size=       0kB time=-00:00:00.04 bitrate=  -0.0kbits/s speed=N/A'
2026-01-28 22:13:40 DEBUG pydub.converter [req=-] subprocess output: b'[out#0/mp3 @ 0x60c908a17a40] video:0kB audio:15kB subtitle:0kB other streams:0kB global headers:0kB muxing overhead: 1.523920%'
2026-01-28 22:13:40 DEBUG pydub.converter [req=-] subprocess output: b'size=      15kB time=00:00:03.81 bitrate=  33.1kbits/s speed= 226x'
2026-01-28 22:13:40 DEBUG pydub.converter [req=-] subprocess.call(['ffmpeg', '-y', '-f', 'wav', '-i', '/tmp/tmphcz1sa75', '-f', 'mp3', '/tmp/tmpcrk7t7vf'])
2026-01-28 22:13:40 DEBUG pydub.converter [req=-] subprocess output: b'ffmpeg version 6.1.1-3ubuntu5 Copyright (c) 2000-2023 the FFmpeg developers'
2026-01-28 22:13:40 DEBUG pydub.converter [req=-] subprocess output: b'  built with gcc 13 (Ubuntu 13.2.0-23ubuntu3)'
2026-01-28 22:13:40 DEBUG pydub.converter [req=-] subprocess output: b'  configuration: --prefix=/usr --extra-version=3ubuntu5 --toolchain=hardened --libdir=/usr/lib/x86_64-linux-gnu --incdir=/usr/include/x86_64-linux-gnu --arch=amd64 --enable-gpl --disable-stripping --disable-omx --enable-gnutls --enable-libaom --enable-libass --enable-libbs2b --enable-libcaca --enable-libcdio --enable-libcodec2 --enable-libdav1d --enable-libflite --enable-libfontconfig --enable-libfreetype --enable-libfribidi --enable-libglslang --enable-libgme --enable-libgsm --enable-libharfbuzz --enable-libmp3lame --enable-libmysofa --enable-libopenjpeg --enable-libopenmpt --enable-libopus --enable-librubberband --enable-libshine --enable-libsnappy --enable-libsoxr --enable-libspeex --enable-libtheora --enable-libtwolame --enable-libvidstab --enable-libvorbis --enable-libvpx --enable-libwebp --enable-libx265 --enable-libxml2 --enable-libxvid --enable-libzimg --enable-openal --enable-opencl --enable-opengl --disable-sndio --enable-libvpl --disable-libmfx --enable-libdc1394 --enable-libdrm --enable-libiec61883 --enable-chromaprint --enable-frei0r --enable-ladspa --enable-libbluray --enable-libjack --enable-libpulse --enable-librabbitmq --enable-librist --enable-libsrt --enable-libssh --enable-libsvtav1 --enable-libx264 --enable-libzmq --enable-libzvbi --enable-lv2 --enable-sdl2 --enable-libplacebo --enable-librav1e --enable-pocketsphinx --enable-librsvg --enable-libjxl --enable-shared'
2026-01-28 22:13:40 DEBUG pydub.converter [req=-] subprocess output: b'  libavutil      58. 29.100 / 58. 29.100'
2026-01-28 22:13:40 DEBUG pydub.converter [req=-] subprocess output: b'  libavcodec     60. 31.102 / 60. 31.102'
2026-01-28 22:13:40 DEBUG pydub.converter [req=-] subprocess output: b'  libavformat    60. 16.100 / 60. 16.100'
2026-01-28 22:13:40 DEBUG pydub.converter [req=-] subprocess output: b'  libavdevice    60.  3.100 / 60.  3.100'
2026-01-28 22:13:40 DEBUG pydub.converter [req=-] subprocess output: b'  libavfilter     9. 12.100 /  9. 12.100'
2026-01-28 22:13:40 DEBUG pydub.converter [req=-] subprocess output: b'  libswscale      7.  5.100 /  7.  5.100'
2026-01-28 22:13:40 DEBUG pydub.converter [req=-] subprocess output: b'  libswresample   4. 12.100 /  4. 12.100'
2026-01-28 22:13:40 DEBUG pydub.converter [req=-] subprocess output: b'  libpostproc    57.  3.100 / 57.  3.100'
2026-01-28 22:13:40 DEBUG pydub.converter [req=-] subprocess output: b'[aist#0:0/pcm_s16le @ 0x584354598d00] Guessed Channel Layout: mono'
2026-01-28 22:13:40 DEBUG pydub.converter [req=-] subprocess output: b"Input #0, wav, from '/tmp/tmphcz1sa75':"
2026-01-28 22:13:40 DEBUG pydub.converter [req=-] subprocess output: b'  Duration: 00:00:03.40, bitrate: 384 kb/s'
2026-01-28 22:13:40 DEBUG pydub.converter [req=-] subprocess output: b'  Stream #0:0: Audio: pcm_s16le ([1][0][0][0] / 0x0001), 24000 Hz, 1 channels, s16, 384 kb/s'
2026-01-28 22:13:40 DEBUG pydub.converter [req=-] subprocess output: b'Stream mapping:'
2026-01-28 22:13:40 DEBUG pydub.converter [req=-] subprocess output: b'  Stream #0:0 -> #0:0 (pcm_s16le (native) -> mp3 (libmp3lame))'
2026-01-28 22:13:40 DEBUG pydub.converter [req=-] subprocess output: b'Press [q] to stop, [?] for help'
2026-01-28 22:13:40 DEBUG pydub.converter [req=-] subprocess output: b"Output #0, mp3, to '/tmp/tmpcrk7t7vf':"
2026-01-28 22:13:40 DEBUG pydub.converter [req=-] subprocess output: b'  Metadata:'
2026-01-28 22:13:40 DEBUG pydub.converter [req=-] subprocess output: b'    TSSE            : Lavf60.16.100'
2026-01-28 22:13:40 DEBUG pydub.converter [req=-] subprocess output: b'  Stream #0:0: Audio: mp3, 24000 Hz, mono, s16p'
2026-01-28 22:13:40 DEBUG pydub.converter [req=-] subprocess output: b'    Metadata:'
2026-01-28 22:13:40 DEBUG pydub.converter [req=-] subprocess output: b'      encoder         : Lavc60.31.102 libmp3lame'
2026-01-28 22:13:40 DEBUG pydub.converter [req=-] subprocess output: b'size=       0kB time=-00:00:00.04 bitrate=  -0.0kbits/s speed=N/A'
2026-01-28 22:13:40 DEBUG pydub.converter [req=-] subprocess output: b'[out#0/mp3 @ 0x58435459da40] video:0kB audio:14kB subtitle:0kB other streams:0kB global headers:0kB muxing overhead: 1.714410%'
2026-01-28 22:13:40 DEBUG pydub.converter [req=-] subprocess output: b'size=      14kB time=00:00:03.38 bitrate=  33.2kbits/s speed= 223x'
2026-01-28 22:13:41 DEBUG pydub.converter [req=-] subprocess.call(['ffmpeg', '-y', '-f', 'wav', '-i', '/tmp/tmpcrrn__hg', '-f', 'mp3', '/tmp/tmpwjcrsu33'])
2026-01-28 22:13:41 DEBUG pydub.converter [req=-] subprocess output: b'ffmpeg version 6.1.1-3ubuntu5 Copyright (c) 2000-2023 the FFmpeg developers'
2026-01-28 22:13:41 DEBUG pydub.converter [req=-] subprocess output: b'  built with gcc 13 (Ubuntu 13.2.0-23ubuntu3)'
2026-01-28 22:13:41 DEBUG pydub.converter [req=-] subprocess output: b'  configuration: --prefix=/usr --extra-version=3ubuntu5 --toolchain=hardened --libdir=/usr/lib/x86_64-linux-gnu --incdir=/usr/include/x86_64-linux-gnu --arch=amd64 --enable-gpl --disable-stripping --disable-omx --enable-gnutls --enable-libaom --enable-libass --enable-libbs2b --enable-libcaca --enable-libcdio --enable-libcodec2 --enable-libdav1d --enable-libflite --enable-libfontconfig --enable-libfreetype --enable-libfribidi --enable-libglslang --enable-libgme --enable-libgsm --enable-libharfbuzz --enable-libmp3lame --enable-libmysofa --enable-libopenjpeg --enable-libopenmpt --enable-libopus --enable-librubberband --enable-libshine --enable-libsnappy --enable-libsoxr --enable-libspeex --enable-libtheora --enable-libtwolame --enable-libvidstab --enable-libvorbis --enable-libvpx --enable-libwebp --enable-libx265 --enable-libxml2 --enable-libxvid --enable-libzimg --enable-openal --enable-opencl --enable-opengl --disable-sndio --enable-libvpl --disable-libmfx --enable-libdc1394 --enable-libdrm --enable-libiec61883 --enable-chromaprint --enable-frei0r --enable-ladspa --enable-libbluray --enable-libjack --enable-libpulse --enable-librabbitmq --enable-librist --enable-libsrt --enable-libssh --enable-libsvtav1 --enable-libx264 --enable-libzmq --enable-libzvbi --enable-lv2 --enable-sdl2 --enable-libplacebo --enable-librav1e --enable-pocketsphinx --enable-librsvg --enable-libjxl --enable-shared'
2026-01-28 22:13:41 DEBUG pydub.converter [req=-] subprocess output: b'  libavutil      58. 29.100 / 58. 29.100'
2026-01-28 22:13:41 DEBUG pydub.converter [req=-] subprocess output: b'  libavcodec     60. 31.102 / 60. 31.102'
2026-01-28 22:13:41 DEBUG pydub.converter [req=-] subprocess output: b'  libavformat    60. 16.100 / 60. 16.100'
2026-01-28 22:13:41 DEBUG pydub.converter [req=-] subprocess output: b'  libavdevice    60.  3.100 / 60.  3.100'
2026-01-28 22:13:41 DEBUG pydub.converter [req=-] subprocess output: b'  libavfilter     9. 12.100 /  9. 12.100'
2026-01-28 22:13:41 DEBUG pydub.converter [req=-] subprocess output: b'  libswscale      7.  5.100 /  7.  5.100'
2026-01-28 22:13:41 DEBUG pydub.converter [req=-] subprocess output: b'  libswresample   4. 12.100 /  4. 12.100'
2026-01-28 22:13:41 DEBUG pydub.converter [req=-] subprocess output: b'  libpostproc    57.  3.100 / 57.  3.100'
2026-01-28 22:13:41 DEBUG pydub.converter [req=-] subprocess output: b'[aist#0:0/pcm_s16le @ 0x5630bf6fad00] Guessed Channel Layout: mono'
2026-01-28 22:13:41 DEBUG pydub.converter [req=-] subprocess output: b"Input #0, wav, from '/tmp/tmpcrrn__hg':"
2026-01-28 22:13:41 DEBUG pydub.converter [req=-] subprocess output: b'  Duration: 00:00:03.40, bitrate: 384 kb/s'
2026-01-28 22:13:41 DEBUG pydub.converter [req=-] subprocess output: b'  Stream #0:0: Audio: pcm_s16le ([1][0][0][0] / 0x0001), 24000 Hz, 1 channels, s16, 384 kb/s'
2026-01-28 22:13:41 DEBUG pydub.converter [req=-] subprocess output: b'Stream mapping:'
2026-01-28 22:13:41 DEBUG pydub.converter [req=-] subprocess output: b'  Stream #0:0 -> #0:0 (pcm_s16le (native) -> mp3 (libmp3lame))'
2026-01-28 22:13:41 DEBUG pydub.converter [req=-] subprocess output: b'Press [q] to stop, [?] for help'
2026-01-28 22:13:41 DEBUG pydub.converter [req=-] subprocess output: b"Output #0, mp3, to '/tmp/tmpwjcrsu33':"
2026-01-28 22:13:41 DEBUG pydub.converter [req=-] subprocess output: b'  Metadata:'
2026-01-28 22:13:41 DEBUG pydub.converter [req=-] subprocess output: b'    TSSE            : Lavf60.16.100'
2026-01-28 22:13:41 DEBUG pydub.converter [req=-] subprocess output: b'  Stream #0:0: Audio: mp3, 24000 Hz, mono, s16p'
2026-01-28 22:13:41 DEBUG pydub.converter [req=-] subprocess output: b'    Metadata:'
2026-01-28 22:13:41 DEBUG pydub.converter [req=-] subprocess output: b'      encoder         : Lavc60.31.102 libmp3lame'
2026-01-28 22:13:41 DEBUG pydub.converter [req=-] subprocess output: b'size=       0kB time=-00:00:00.04 bitrate=  -0.0kbits/s speed=N/A'
2026-01-28 22:13:41 DEBUG pydub.converter [req=-] subprocess output: b'[out#0/mp3 @ 0x5630bf6ffa40] video:0kB audio:14kB subtitle:0kB other streams:0kB global headers:0kB muxing overhead: 1.714410%'
2026-01-28 22:13:41 DEBUG pydub.converter [req=-] subprocess output: b'size=      14kB time=00:00:03.38 bitrate=  33.2kbits/s speed= 235x'
2026-01-28 22:13:41 DEBUG pydub.converter [req=-] subprocess.call(['ffmpeg', '-y', '-f', 'wav', '-i', '/tmp/tmp5bnj14vp', '-f', 'mp3', '/tmp/tmpeiz7ute9'])
2026-01-28 22:13:41 DEBUG pydub.converter [req=-] subprocess output: b'ffmpeg version 6.1.1-3ubuntu5 Copyright (c) 2000-2023 the FFmpeg developers'
2026-01-28 22:13:41 DEBUG pydub.converter [req=-] subprocess output: b'  built with gcc 13 (Ubuntu 13.2.0-23ubuntu3)'
2026-01-28 22:13:41 DEBUG pydub.converter [req=-] subprocess output: b'  configuration: --prefix=/usr --extra-version=3ubuntu5 --toolchain=hardened --libdir=/usr/lib/x86_64-linux-gnu --incdir=/usr/include/x86_64-linux-gnu --arch=amd64 --enable-gpl --disable-stripping --disable-omx --enable-gnutls --enable-libaom --enable-libass --enable-libbs2b --enable-libcaca --enable-libcdio --enable-libcodec2 --enable-libdav1d --enable-libflite --enable-libfontconfig --enable-libfreetype --enable-libfribidi --enable-libglslang --enable-libgme --enable-libgsm --enable-libharfbuzz --enable-libmp3lame --enable-libmysofa --enable-libopenjpeg --enable-libopenmpt --enable-libopus --enable-librubberband --enable-libshine --enable-libsnappy --enable-libsoxr --enable-libspeex --enable-libtheora --enable-libtwolame --enable-libvidstab --enable-libvorbis --enable-libvpx --enable-libwebp --enable-libx265 --enable-libxml2 --enable-libxvid --enable-libzimg --enable-openal --enable-opencl --enable-opengl --disable-sndio --enable-libvpl --disable-libmfx --enable-libdc1394 --enable-libdrm --enable-libiec61883 --enable-chromaprint --enable-frei0r --enable-ladspa --enable-libbluray --enable-libjack --enable-libpulse --enable-librabbitmq --enable-librist --enable-libsrt --enable-libssh --enable-libsvtav1 --enable-libx264 --enable-libzmq --enable-libzvbi --enable-lv2 --enable-sdl2 --enable-libplacebo --enable-librav1e --enable-pocketsphinx --enable-librsvg --enable-libjxl --enable-shared'
2026-01-28 22:13:41 DEBUG pydub.converter [req=-] subprocess output: b'  libavutil      58. 29.100 / 58. 29.100'
2026-01-28 22:13:41 DEBUG pydub.converter [req=-] subprocess output: b'  libavcodec     60. 31.102 / 60. 31.102'
2026-01-28 22:13:41 DEBUG pydub.converter [req=-] subprocess output: b'  libavformat    60. 16.100 / 60. 16.100'
2026-01-28 22:13:41 DEBUG pydub.converter [req=-] subprocess output: b'  libavdevice    60.  3.100 / 60.  3.100'
2026-01-28 22:13:41 DEBUG pydub.converter [req=-] subprocess output: b'  libavfilter     9. 12.100 /  9. 12.100'
2026-01-28 22:13:41 DEBUG pydub.converter [req=-] subprocess output: b'  libswscale      7.  5.100 /  7.  5.100'
2026-01-28 22:13:41 DEBUG pydub.converter [req=-] subprocess output: b'  libswresample   4. 12.100 /  4. 12.100'
2026-01-28 22:13:41 DEBUG pydub.converter [req=-] subprocess output: b'  libpostproc    57.  3.100 / 57.  3.100'
2026-01-28 22:13:41 DEBUG pydub.converter [req=-] subprocess output: b'[aist#0:0/pcm_s16le @ 0x5a436c091740] Guessed Channel Layout: mono'
2026-01-28 22:13:41 DEBUG pydub.converter [req=-] subprocess output: b"Input #0, wav, from '/tmp/tmp5bnj14vp':"
2026-01-28 22:13:41 DEBUG pydub.converter [req=-] subprocess output: b'  Duration: 00:00:04.03, bitrate: 384 kb/s'
2026-01-28 22:13:41 DEBUG pydub.converter [req=-] subprocess output: b'  Stream #0:0: Audio: pcm_s16le ([1][0][0][0] / 0x0001), 24000 Hz, 1 channels, s16, 384 kb/s'
2026-01-28 22:13:41 DEBUG pydub.converter [req=-] subprocess output: b'Stream mapping:'
2026-01-28 22:13:41 DEBUG pydub.converter [req=-] subprocess output: b'  Stream #0:0 -> #0:0 (pcm_s16le (native) -> mp3 (libmp3lame))'
2026-01-28 22:13:41 DEBUG pydub.converter [req=-] subprocess output: b'Press [q] to stop, [?] for help'
2026-01-28 22:13:41 DEBUG pydub.converter [req=-] subprocess output: b"Output #0, mp3, to '/tmp/tmpeiz7ute9':"
2026-01-28 22:13:41 DEBUG pydub.converter [req=-] subprocess output: b'  Metadata:'
2026-01-28 22:13:41 DEBUG pydub.converter [req=-] subprocess output: b'    TSSE            : Lavf60.16.100'
2026-01-28 22:13:41 DEBUG pydub.converter [req=-] subprocess output: b'  Stream #0:0: Audio: mp3, 24000 Hz, mono, s16p'
2026-01-28 22:13:41 DEBUG pydub.converter [req=-] subprocess output: b'    Metadata:'
2026-01-28 22:13:41 DEBUG pydub.converter [req=-] subprocess output: b'      encoder         : Lavc60.31.102 libmp3lame'
2026-01-28 22:13:41 DEBUG pydub.converter [req=-] subprocess output: b'size=       0kB time=-00:00:00.04 bitrate=  -0.0kbits/s speed=N/A'
2026-01-28 22:13:41 DEBUG pydub.converter [req=-] subprocess output: b'[out#0/mp3 @ 0x5a436c065a40] video:0kB audio:16kB subtitle:0kB other streams:0kB global headers:0kB muxing overhead: 1.452206%'
2026-01-28 22:13:41 DEBUG pydub.converter [req=-] subprocess output: b'size=      16kB time=00:00:04.00 bitrate=  33.0kbits/s speed= 235x'
2026-01-28 22:13:41 INFO app [req=9c53d6a5397f75a8-SEA] GET /new-toefl/api/listening/job/job_listening_16_53dcd9fea3 -> 200 (1ms)
2026-01-28 22:13:41 INFO werkzeug [req=-] 127.0.0.1 - - [28/Jan/2026 22:13:41] "GET /new-toefl/api/listening/job/job_listening_16_53dcd9fea3 HTTP/1.1" 200 -
2026-01-28 22:13:41 DEBUG pydub.converter [req=-] subprocess.call(['ffmpeg', '-y', '-f', 'wav', '-i', '/tmp/tmpq9ck3jtq', '-f', 'mp3', '/tmp/tmp3bnh9syh'])
2026-01-28 22:13:41 DEBUG pydub.converter [req=-] subprocess output: b'ffmpeg version 6.1.1-3ubuntu5 Copyright (c) 2000-2023 the FFmpeg developers'
2026-01-28 22:13:41 DEBUG pydub.converter [req=-] subprocess output: b'  built with gcc 13 (Ubuntu 13.2.0-23ubuntu3)'
2026-01-28 22:13:41 DEBUG pydub.converter [req=-] subprocess output: b'  configuration: --prefix=/usr --extra-version=3ubuntu5 --toolchain=hardened --libdir=/usr/lib/x86_64-linux-gnu --incdir=/usr/include/x86_64-linux-gnu --arch=amd64 --enable-gpl --disable-stripping --disable-omx --enable-gnutls --enable-libaom --enable-libass --enable-libbs2b --enable-libcaca --enable-libcdio --enable-libcodec2 --enable-libdav1d --enable-libflite --enable-libfontconfig --enable-libfreetype --enable-libfribidi --enable-libglslang --enable-libgme --enable-libgsm --enable-libharfbuzz --enable-libmp3lame --enable-libmysofa --enable-libopenjpeg --enable-libopenmpt --enable-libopus --enable-librubberband --enable-libshine --enable-libsnappy --enable-libsoxr --enable-libspeex --enable-libtheora --enable-libtwolame --enable-libvidstab --enable-libvorbis --enable-libvpx --enable-libwebp --enable-libx265 --enable-libxml2 --enable-libxvid --enable-libzimg --enable-openal --enable-opencl --enable-opengl --disable-sndio --enable-libvpl --disable-libmfx --enable-libdc1394 --enable-libdrm --enable-libiec61883 --enable-chromaprint --enable-frei0r --enable-ladspa --enable-libbluray --enable-libjack --enable-libpulse --enable-librabbitmq --enable-librist --enable-libsrt --enable-libssh --enable-libsvtav1 --enable-libx264 --enable-libzmq --enable-libzvbi --enable-lv2 --enable-sdl2 --enable-libplacebo --enable-librav1e --enable-pocketsphinx --enable-librsvg --enable-libjxl --enable-shared'
2026-01-28 22:13:41 DEBUG pydub.converter [req=-] subprocess output: b'  libavutil      58. 29.100 / 58. 29.100'
2026-01-28 22:13:41 DEBUG pydub.converter [req=-] subprocess output: b'  libavcodec     60. 31.102 / 60. 31.102'
2026-01-28 22:13:41 DEBUG pydub.converter [req=-] subprocess output: b'  libavformat    60. 16.100 / 60. 16.100'
2026-01-28 22:13:41 DEBUG pydub.converter [req=-] subprocess output: b'  libavdevice    60.  3.100 / 60.  3.100'
2026-01-28 22:13:41 DEBUG pydub.converter [req=-] subprocess output: b'  libavfilter     9. 12.100 /  9. 12.100'
2026-01-28 22:13:41 DEBUG pydub.converter [req=-] subprocess output: b'  libswscale      7.  5.100 /  7.  5.100'
2026-01-28 22:13:41 DEBUG pydub.converter [req=-] subprocess output: b'  libswresample   4. 12.100 /  4. 12.100'
2026-01-28 22:13:41 DEBUG pydub.converter [req=-] subprocess output: b'  libpostproc    57.  3.100 / 57.  3.100'
2026-01-28 22:13:41 DEBUG pydub.converter [req=-] subprocess output: b'[aist#0:0/pcm_s16le @ 0x640c75285040] Guessed Channel Layout: mono'
2026-01-28 22:13:41 DEBUG pydub.converter [req=-] subprocess output: b"Input #0, wav, from '/tmp/tmpq9ck3jtq':"
2026-01-28 22:13:41 DEBUG pydub.converter [req=-] subprocess output: b'  Duration: 00:00:04.15, bitrate: 384 kb/s'
2026-01-28 22:13:41 DEBUG pydub.converter [req=-] subprocess output: b'  Stream #0:0: Audio: pcm_s16le ([1][0][0][0] / 0x0001), 24000 Hz, 1 channels, s16, 384 kb/s'
2026-01-28 22:13:41 DEBUG pydub.converter [req=-] subprocess output: b'Stream mapping:'
2026-01-28 22:13:41 DEBUG pydub.converter [req=-] subprocess output: b'  Stream #0:0 -> #0:0 (pcm_s16le (native) -> mp3 (libmp3lame))'
2026-01-28 22:13:41 DEBUG pydub.converter [req=-] subprocess output: b'Press [q] to stop, [?] for help'
2026-01-28 22:13:41 DEBUG pydub.converter [req=-] subprocess output: b"Output #0, mp3, to '/tmp/tmp3bnh9syh':"
2026-01-28 22:13:41 DEBUG pydub.converter [req=-] subprocess output: b'  Metadata:'
2026-01-28 22:13:41 DEBUG pydub.converter [req=-] subprocess output: b'    TSSE            : Lavf60.16.100'
2026-01-28 22:13:41 DEBUG pydub.converter [req=-] subprocess output: b'  Stream #0:0: Audio: mp3, 24000 Hz, mono, s16p'
2026-01-28 22:13:41 DEBUG pydub.converter [req=-] subprocess output: b'    Metadata:'
2026-01-28 22:13:41 DEBUG pydub.converter [req=-] subprocess output: b'      encoder         : Lavc60.31.102 libmp3lame'
2026-01-28 22:13:41 DEBUG pydub.converter [req=-] subprocess output: b'size=       0kB time=-00:00:00.04 bitrate=  -0.0kbits/s speed=N/A'
2026-01-28 22:13:41 DEBUG pydub.converter [req=-] subprocess output: b'[out#0/mp3 @ 0x640c75257a40] video:0kB audio:16kB subtitle:0kB other streams:0kB global headers:0kB muxing overhead: 1.410714%'
2026-01-28 22:13:41 DEBUG pydub.converter [req=-] subprocess output: b'size=      17kB time=00:00:04.12 bitrate=  33.0kbits/s speed= 232x'
2026-01-28 22:13:41 DEBUG pydub.converter [req=-] subprocess.call(['ffmpeg', '-y', '-f', 'wav', '-i', '/tmp/tmpy98myt6g', '-f', 'mp3', '/tmp/tmptxh199gt'])
2026-01-28 22:13:41 DEBUG pydub.converter [req=-] subprocess output: b'ffmpeg version 6.1.1-3ubuntu5 Copyright (c) 2000-2023 the FFmpeg developers'
2026-01-28 22:13:41 DEBUG pydub.converter [req=-] subprocess output: b'  built with gcc 13 (Ubuntu 13.2.0-23ubuntu3)'
2026-01-28 22:13:41 DEBUG pydub.converter [req=-] subprocess output: b'  configuration: --prefix=/usr --extra-version=3ubuntu5 --toolchain=hardened --libdir=/usr/lib/x86_64-linux-gnu --incdir=/usr/include/x86_64-linux-gnu --arch=amd64 --enable-gpl --disable-stripping --disable-omx --enable-gnutls --enable-libaom --enable-libass --enable-libbs2b --enable-libcaca --enable-libcdio --enable-libcodec2 --enable-libdav1d --enable-libflite --enable-libfontconfig --enable-libfreetype --enable-libfribidi --enable-libglslang --enable-libgme --enable-libgsm --enable-libharfbuzz --enable-libmp3lame --enable-libmysofa --enable-libopenjpeg --enable-libopenmpt --enable-libopus --enable-librubberband --enable-libshine --enable-libsnappy --enable-libsoxr --enable-libspeex --enable-libtheora --enable-libtwolame --enable-libvidstab --enable-libvorbis --enable-libvpx --enable-libwebp --enable-libx265 --enable-libxml2 --enable-libxvid --enable-libzimg --enable-openal --enable-opencl --enable-opengl --disable-sndio --enable-libvpl --disable-libmfx --enable-libdc1394 --enable-libdrm --enable-libiec61883 --enable-chromaprint --enable-frei0r --enable-ladspa --enable-libbluray --enable-libjack --enable-libpulse --enable-librabbitmq --enable-librist --enable-libsrt --enable-libssh --enable-libsvtav1 --enable-libx264 --enable-libzmq --enable-libzvbi --enable-lv2 --enable-sdl2 --enable-libplacebo --enable-librav1e --enable-pocketsphinx --enable-librsvg --enable-libjxl --enable-shared'
2026-01-28 22:13:41 DEBUG pydub.converter [req=-] subprocess output: b'  libavutil      58. 29.100 / 58. 29.100'
2026-01-28 22:13:41 DEBUG pydub.converter [req=-] subprocess output: b'  libavcodec     60. 31.102 / 60. 31.102'
2026-01-28 22:13:41 DEBUG pydub.converter [req=-] subprocess output: b'  libavformat    60. 16.100 / 60. 16.100'
2026-01-28 22:13:41 DEBUG pydub.converter [req=-] subprocess output: b'  libavdevice    60.  3.100 / 60.  3.100'
2026-01-28 22:13:41 DEBUG pydub.converter [req=-] subprocess output: b'  libavfilter     9. 12.100 /  9. 12.100'
2026-01-28 22:13:41 DEBUG pydub.converter [req=-] subprocess output: b'  libswscale      7.  5.100 /  7.  5.100'
2026-01-28 22:13:41 DEBUG pydub.converter [req=-] subprocess output: b'  libswresample   4. 12.100 /  4. 12.100'
2026-01-28 22:13:41 DEBUG pydub.converter [req=-] subprocess output: b'  libpostproc    57.  3.100 / 57.  3.100'
2026-01-28 22:13:41 DEBUG pydub.converter [req=-] subprocess output: b'[aist#0:0/pcm_s16le @ 0x654e2845dac0] Guessed Channel Layout: mono'
2026-01-28 22:13:41 DEBUG pydub.converter [req=-] subprocess output: b"Input #0, wav, from '/tmp/tmpy98myt6g':"
2026-01-28 22:13:41 DEBUG pydub.converter [req=-] subprocess output: b'  Duration: 00:00:03.50, bitrate: 384 kb/s'
2026-01-28 22:13:41 DEBUG pydub.converter [req=-] subprocess output: b'  Stream #0:0: Audio: pcm_s16le ([1][0][0][0] / 0x0001), 24000 Hz, 1 channels, s16, 384 kb/s'
2026-01-28 22:13:41 DEBUG pydub.converter [req=-] subprocess output: b'Stream mapping:'
2026-01-28 22:13:41 DEBUG pydub.converter [req=-] subprocess output: b'  Stream #0:0 -> #0:0 (pcm_s16le (native) -> mp3 (libmp3lame))'
2026-01-28 22:13:41 DEBUG pydub.converter [req=-] subprocess output: b'Press [q] to stop, [?] for help'
2026-01-28 22:13:41 DEBUG pydub.converter [req=-] subprocess output: b"Output #0, mp3, to '/tmp/tmptxh199gt':"
2026-01-28 22:13:41 DEBUG pydub.converter [req=-] subprocess output: b'  Metadata:'
2026-01-28 22:13:41 DEBUG pydub.converter [req=-] subprocess output: b'    TSSE            : Lavf60.16.100'
2026-01-28 22:13:41 DEBUG pydub.converter [req=-] subprocess output: b'  Stream #0:0: Audio: mp3, 24000 Hz, mono, s16p'
2026-01-28 22:13:41 DEBUG pydub.converter [req=-] subprocess output: b'    Metadata:'
2026-01-28 22:13:41 DEBUG pydub.converter [req=-] subprocess output: b'      encoder         : Lavc60.31.102 libmp3lame'
2026-01-28 22:13:41 DEBUG pydub.converter [req=-] subprocess output: b'size=       0kB time=-00:00:00.04 bitrate=  -0.0kbits/s speed=N/A'
2026-01-28 22:13:41 DEBUG pydub.converter [req=-] subprocess output: b'[out#0/mp3 @ 0x654e28438a40] video:0kB audio:14kB subtitle:0kB other streams:0kB global headers:0kB muxing overhead: 1.668074%'
2026-01-28 22:13:41 DEBUG pydub.converter [req=-] subprocess output: b'size=      14kB time=00:00:03.48 bitrate=  33.2kbits/s speed= 231x'
2026-01-28 22:13:41 INFO app [req=-] New TOEFL listening mock: generating conversation...
2026-01-28 22:13:43 INFO app [req=9c53d6b2d9d575a8-SEA] GET /new-toefl/api/listening/job/job_listening_16_53dcd9fea3 -> 200 (1ms)
2026-01-28 22:13:43 INFO werkzeug [req=-] 127.0.0.1 - - [28/Jan/2026 22:13:43] "GET /new-toefl/api/listening/job/job_listening_16_53dcd9fea3 HTTP/1.1" 200 -
2026-01-28 22:13:45 DEBUG urllib3.connectionpool [req=-] Starting new HTTPS connection (1): huggingface.co:443
2026-01-28 22:13:45 DEBUG urllib3.connectionpool [req=-] https://huggingface.co:443 "HEAD /hexgrad/Kokoro-82M/resolve/main/voices/am_adam.pt HTTP/1.1" 302 0
2026-01-28 22:13:45 INFO app [req=9c53d6c05a3e75a8-SEA] GET /new-toefl/api/listening/job/job_listening_16_53dcd9fea3 -> 200 (1ms)
2026-01-28 22:13:45 INFO werkzeug [req=-] 127.0.0.1 - - [28/Jan/2026 22:13:45] "GET /new-toefl/api/listening/job/job_listening_16_53dcd9fea3 HTTP/1.1" 200 -
2026-01-28 22:13:46 DEBUG pydub.converter [req=-] subprocess.call(['ffmpeg', '-y', '-f', 'wav', '-i', '/tmp/tmp922klz3b', '-f', 'mp3', '/tmp/tmp6g32onw9'])
2026-01-28 22:13:46 DEBUG pydub.converter [req=-] subprocess output: b'ffmpeg version 6.1.1-3ubuntu5 Copyright (c) 2000-2023 the FFmpeg developers'
2026-01-28 22:13:46 DEBUG pydub.converter [req=-] subprocess output: b'  built with gcc 13 (Ubuntu 13.2.0-23ubuntu3)'
2026-01-28 22:13:46 DEBUG pydub.converter [req=-] subprocess output: b'  configuration: --prefix=/usr --extra-version=3ubuntu5 --toolchain=hardened --libdir=/usr/lib/x86_64-linux-gnu --incdir=/usr/include/x86_64-linux-gnu --arch=amd64 --enable-gpl --disable-stripping --disable-omx --enable-gnutls --enable-libaom --enable-libass --enable-libbs2b --enable-libcaca --enable-libcdio --enable-libcodec2 --enable-libdav1d --enable-libflite --enable-libfontconfig --enable-libfreetype --enable-libfribidi --enable-libglslang --enable-libgme --enable-libgsm --enable-libharfbuzz --enable-libmp3lame --enable-libmysofa --enable-libopenjpeg --enable-libopenmpt --enable-libopus --enable-librubberband --enable-libshine --enable-libsnappy --enable-libsoxr --enable-libspeex --enable-libtheora --enable-libtwolame --enable-libvidstab --enable-libvorbis --enable-libvpx --enable-libwebp --enable-libx265 --enable-libxml2 --enable-libxvid --enable-libzimg --enable-openal --enable-opencl --enable-opengl --disable-sndio --enable-libvpl --disable-libmfx --enable-libdc1394 --enable-libdrm --enable-libiec61883 --enable-chromaprint --enable-frei0r --enable-ladspa --enable-libbluray --enable-libjack --enable-libpulse --enable-librabbitmq --enable-librist --enable-libsrt --enable-libssh --enable-libsvtav1 --enable-libx264 --enable-libzmq --enable-libzvbi --enable-lv2 --enable-sdl2 --enable-libplacebo --enable-librav1e --enable-pocketsphinx --enable-librsvg --enable-libjxl --enable-shared'
2026-01-28 22:13:46 DEBUG pydub.converter [req=-] subprocess output: b'  libavutil      58. 29.100 / 58. 29.100'
2026-01-28 22:13:46 DEBUG pydub.converter [req=-] subprocess output: b'  libavcodec     60. 31.102 / 60. 31.102'
2026-01-28 22:13:46 DEBUG pydub.converter [req=-] subprocess output: b'  libavformat    60. 16.100 / 60. 16.100'
2026-01-28 22:13:46 DEBUG pydub.converter [req=-] subprocess output: b'  libavdevice    60.  3.100 / 60.  3.100'
2026-01-28 22:13:46 DEBUG pydub.converter [req=-] subprocess output: b'  libavfilter     9. 12.100 /  9. 12.100'
2026-01-28 22:13:46 DEBUG pydub.converter [req=-] subprocess output: b'  libswscale      7.  5.100 /  7.  5.100'
2026-01-28 22:13:46 DEBUG pydub.converter [req=-] subprocess output: b'  libswresample   4. 12.100 /  4. 12.100'
2026-01-28 22:13:46 DEBUG pydub.converter [req=-] subprocess output: b'  libpostproc    57.  3.100 / 57.  3.100'
2026-01-28 22:13:46 DEBUG pydub.converter [req=-] subprocess output: b'[aist#0:0/pcm_s16le @ 0x56dd7f1a3f00] Guessed Channel Layout: mono'
2026-01-28 22:13:46 DEBUG pydub.converter [req=-] subprocess output: b"Input #0, wav, from '/tmp/tmp922klz3b':"
2026-01-28 22:13:46 DEBUG pydub.converter [req=-] subprocess output: b'  Duration: 00:01:05.02, bitrate: 384 kb/s'
2026-01-28 22:13:46 DEBUG pydub.converter [req=-] subprocess output: b'  Stream #0:0: Audio: pcm_s16le ([1][0][0][0] / 0x0001), 24000 Hz, 1 channels, s16, 384 kb/s'
2026-01-28 22:13:46 DEBUG pydub.converter [req=-] subprocess output: b'Stream mapping:'
2026-01-28 22:13:46 DEBUG pydub.converter [req=-] subprocess output: b'  Stream #0:0 -> #0:0 (pcm_s16le (native) -> mp3 (libmp3lame))'
2026-01-28 22:13:46 DEBUG pydub.converter [req=-] subprocess output: b'Press [q] to stop, [?] for help'
2026-01-28 22:13:46 DEBUG pydub.converter [req=-] subprocess output: b"Output #0, mp3, to '/tmp/tmp6g32onw9':"
2026-01-28 22:13:46 DEBUG pydub.converter [req=-] subprocess output: b'  Metadata:'
2026-01-28 22:13:46 DEBUG pydub.converter [req=-] subprocess output: b'    TSSE            : Lavf60.16.100'
2026-01-28 22:13:46 DEBUG pydub.converter [req=-] subprocess output: b'  Stream #0:0: Audio: mp3, 24000 Hz, mono, s16p'
2026-01-28 22:13:46 DEBUG pydub.converter [req=-] subprocess output: b'    Metadata:'
2026-01-28 22:13:46 DEBUG pydub.converter [req=-] subprocess output: b'      encoder         : Lavc60.31.102 libmp3lame'
2026-01-28 22:13:46 DEBUG pydub.converter [req=-] subprocess output: b'size=       0kB time=-00:00:00.04 bitrate=  -0.0kbits/s speed=N/A'
2026-01-28 22:13:46 DEBUG pydub.converter [req=-] subprocess output: b'[out#0/mp3 @ 0x56dd7f17aa40] video:0kB audio:254kB subtitle:0kB other streams:0kB global headers:0kB muxing overhead: 0.091031%'
2026-01-28 22:13:46 DEBUG pydub.converter [req=-] subprocess output: b'size=     254kB time=00:01:05.01 bitrate=  32.1kbits/s speed= 290x'
2026-01-28 22:13:46 INFO app [req=-] New TOEFL listening mock: generating talk...
2026-01-28 22:13:47 INFO app [req=9c53d6cdfb8475a8-SEA] GET /new-toefl/api/listening/job/job_listening_16_53dcd9fea3 -> 200 (1ms)
2026-01-28 22:13:47 INFO werkzeug [req=-] 127.0.0.1 - - [28/Jan/2026 22:13:47] "GET /new-toefl/api/listening/job/job_listening_16_53dcd9fea3 HTTP/1.1" 200 -
2026-01-28 22:13:50 INFO app [req=9c53d6db9bee75a8-SEA] GET /new-toefl/api/listening/job/job_listening_16_53dcd9fea3 -> 200 (0ms)
2026-01-28 22:13:50 INFO werkzeug [req=-] 127.0.0.1 - - [28/Jan/2026 22:13:50] "GET /new-toefl/api/listening/job/job_listening_16_53dcd9fea3 HTTP/1.1" 200 -
2026-01-28 22:13:52 DEBUG pydub.converter [req=-] subprocess.call(['ffmpeg', '-y', '-f', 'wav', '-i', '/tmp/tmp295nwitj', '-f', 'mp3', '/tmp/tmpohmfa15s'])
2026-01-28 22:13:52 DEBUG pydub.converter [req=-] subprocess output: b'ffmpeg version 6.1.1-3ubuntu5 Copyright (c) 2000-2023 the FFmpeg developers'
2026-01-28 22:13:52 DEBUG pydub.converter [req=-] subprocess output: b'  built with gcc 13 (Ubuntu 13.2.0-23ubuntu3)'
2026-01-28 22:13:52 DEBUG pydub.converter [req=-] subprocess output: b'  configuration: --prefix=/usr --extra-version=3ubuntu5 --toolchain=hardened --libdir=/usr/lib/x86_64-linux-gnu --incdir=/usr/include/x86_64-linux-gnu --arch=amd64 --enable-gpl --disable-stripping --disable-omx --enable-gnutls --enable-libaom --enable-libass --enable-libbs2b --enable-libcaca --enable-libcdio --enable-libcodec2 --enable-libdav1d --enable-libflite --enable-libfontconfig --enable-libfreetype --enable-libfribidi --enable-libglslang --enable-libgme --enable-libgsm --enable-libharfbuzz --enable-libmp3lame --enable-libmysofa --enable-libopenjpeg --enable-libopenmpt --enable-libopus --enable-librubberband --enable-libshine --enable-libsnappy --enable-libsoxr --enable-libspeex --enable-libtheora --enable-libtwolame --enable-libvidstab --enable-libvorbis --enable-libvpx --enable-libwebp --enable-libx265 --enable-libxml2 --enable-libxvid --enable-libzimg --enable-openal --enable-opencl --enable-opengl --disable-sndio --enable-libvpl --disable-libmfx --enable-libdc1394 --enable-libdrm --enable-libiec61883 --enable-chromaprint --enable-frei0r --enable-ladspa --enable-libbluray --enable-libjack --enable-libpulse --enable-librabbitmq --enable-librist --enable-libsrt --enable-libssh --enable-libsvtav1 --enable-libx264 --enable-libzmq --enable-libzvbi --enable-lv2 --enable-sdl2 --enable-libplacebo --enable-librav1e --enable-pocketsphinx --enable-librsvg --enable-libjxl --enable-shared'
2026-01-28 22:13:52 DEBUG pydub.converter [req=-] subprocess output: b'  libavutil      58. 29.100 / 58. 29.100'
2026-01-28 22:13:52 DEBUG pydub.converter [req=-] subprocess output: b'  libavcodec     60. 31.102 / 60. 31.102'
2026-01-28 22:13:52 DEBUG pydub.converter [req=-] subprocess output: b'  libavformat    60. 16.100 / 60. 16.100'
2026-01-28 22:13:52 DEBUG pydub.converter [req=-] subprocess output: b'  libavdevice    60.  3.100 / 60.  3.100'
2026-01-28 22:13:52 DEBUG pydub.converter [req=-] subprocess output: b'  libavfilter     9. 12.100 /  9. 12.100'
2026-01-28 22:13:52 DEBUG pydub.converter [req=-] subprocess output: b'  libswscale      7.  5.100 /  7.  5.100'
2026-01-28 22:13:52 DEBUG pydub.converter [req=-] subprocess output: b'  libswresample   4. 12.100 /  4. 12.100'
2026-01-28 22:13:52 DEBUG pydub.converter [req=-] subprocess output: b'  libpostproc    57.  3.100 / 57.  3.100'
2026-01-28 22:13:52 DEBUG pydub.converter [req=-] subprocess output: b'[aist#0:0/pcm_s16le @ 0x611cfeb6bf00] Guessed Channel Layout: mono'
2026-01-28 22:13:52 DEBUG pydub.converter [req=-] subprocess output: b"Input #0, wav, from '/tmp/tmp295nwitj':"
2026-01-28 22:13:52 DEBUG pydub.converter [req=-] subprocess output: b'  Duration: 00:01:04.50, bitrate: 384 kb/s'
2026-01-28 22:13:52 DEBUG pydub.converter [req=-] subprocess output: b'  Stream #0:0: Audio: pcm_s16le ([1][0][0][0] / 0x0001), 24000 Hz, 1 channels, s16, 384 kb/s'
2026-01-28 22:13:52 DEBUG pydub.converter [req=-] subprocess output: b'Stream mapping:'
2026-01-28 22:13:52 DEBUG pydub.converter [req=-] subprocess output: b'  Stream #0:0 -> #0:0 (pcm_s16le (native) -> mp3 (libmp3lame))'
2026-01-28 22:13:52 DEBUG pydub.converter [req=-] subprocess output: b'Press [q] to stop, [?] for help'
2026-01-28 22:13:52 DEBUG pydub.converter [req=-] subprocess output: b"Output #0, mp3, to '/tmp/tmpohmfa15s':"
2026-01-28 22:13:52 DEBUG pydub.converter [req=-] subprocess output: b'  Metadata:'
2026-01-28 22:13:52 DEBUG pydub.converter [req=-] subprocess output: b'    TSSE            : Lavf60.16.100'
2026-01-28 22:13:52 DEBUG pydub.converter [req=-] subprocess output: b'  Stream #0:0: Audio: mp3, 24000 Hz, mono, s16p'
2026-01-28 22:13:52 DEBUG pydub.converter [req=-] subprocess output: b'    Metadata:'
2026-01-28 22:13:52 DEBUG pydub.converter [req=-] subprocess output: b'      encoder         : Lavc60.31.102 libmp3lame'
2026-01-28 22:13:52 DEBUG pydub.converter [req=-] subprocess output: b'size=       0kB time=-00:00:00.04 bitrate=  -0.0kbits/s speed=N/A'
2026-01-28 22:13:52 DEBUG pydub.converter [req=-] subprocess output: b'[out#0/mp3 @ 0x611cfeb42a40] video:0kB audio:252kB subtitle:0kB other streams:0kB global headers:0kB muxing overhead: 0.091775%'
2026-01-28 22:13:52 DEBUG pydub.converter [req=-] subprocess output: b'size=     252kB time=00:01:04.48 bitrate=  32.1kbits/s speed= 260x'
2026-01-28 22:13:52 INFO app [req=-] Listening mock (async): finished in 18.23s (job_id=job_listening_16_53dcd9fea3)
2026-01-28 22:13:54 INFO app [req=9c53d6f43cc975a8-SEA] GET /new-toefl/api/listening/job/job_listening_16_53dcd9fea3 -> 200 (1ms)
2026-01-28 22:13:54 INFO werkzeug [req=-] 127.0.0.1 - - [28/Jan/2026 22:13:54] "GET /new-toefl/api/listening/job/job_listening_16_53dcd9fea3 HTTP/1.1" 200 -
2026-01-28 22:13:55 INFO app [req=9c53d6fc3d3e75a8-SEA] GET /static/listening_audio/new_toefl_response_1769638421083.mp3 -> 200 (0ms)
2026-01-28 22:13:55 INFO werkzeug [req=-] 127.0.0.1 - - [28/Jan/2026 22:13:55] "GET /static/listening_audio/new_toefl_response_1769638421083.mp3 HTTP/1.1" 200 -
2026-01-28 22:13:55 INFO app [req=9c53d6fc5d4275a8-SEA] GET /static/listening_audio/new_toefl_talk_1769638431540.mp3 -> 200 (0ms)
2026-01-28 22:13:55 INFO werkzeug [req=-] 127.0.0.1 - - [28/Jan/2026 22:13:55] "GET /static/listening_audio/new_toefl_talk_1769638431540.mp3 HTTP/1.1" 200 -
2026-01-28 22:13:55 INFO app [req=9c53d6fc3d3f75a8-SEA] GET /static/listening_audio/new_toefl_response_1769638421270.mp3 -> 200 (0ms)
2026-01-28 22:13:55 INFO werkzeug [req=-] 127.0.0.1 - - [28/Jan/2026 22:13:55] "GET /static/listening_audio/new_toefl_response_1769638421270.mp3 HTTP/1.1" 200 -
2026-01-28 22:13:55 INFO app [req=9c53d6fc7d4675a8-SEA] GET /static/listening_audio/new_toefl_response_1769638420507.mp3 -> 200 (0ms)
2026-01-28 22:13:55 INFO werkzeug [req=-] 127.0.0.1 - - [28/Jan/2026 22:13:55] "GET /static/listening_audio/new_toefl_response_1769638420507.mp3 HTTP/1.1" 200 -
2026-01-28 22:13:55 INFO app [req=9c53d6fc8d4875a8-SEA] GET /static/listening_audio/new_toefl_conversation_1769638425320.mp3 -> 200 (0ms)
2026-01-28 22:13:55 INFO werkzeug [req=-] 127.0.0.1 - - [28/Jan/2026 22:13:55] "GET /static/listening_audio/new_toefl_conversation_1769638425320.mp3 HTTP/1.1" 200 -
2026-01-28 22:13:55 INFO app [req=9c53d6fc7d4775a8-SEA] GET /static/listening_audio/new_toefl_response_1769638420737.mp3 -> 200 (0ms)
2026-01-28 22:13:55 INFO app [req=9c53d6fc7d4575a8-SEA] GET /static/listening_audio/new_toefl_response_1769638420919.mp3 -> 200 (1ms)
2026-01-28 22:13:55 INFO werkzeug [req=-] 127.0.0.1 - - [28/Jan/2026 22:13:55] "GET /static/listening_audio/new_toefl_response_1769638420737.mp3 HTTP/1.1" 200 -
2026-01-28 22:13:55 INFO werkzeug [req=-] 127.0.0.1 - - [28/Jan/2026 22:13:55] "GET /static/listening_audio/new_toefl_response_1769638420919.mp3 HTTP/1.1" 200 -
2026-01-28 22:13:55 INFO app [req=9c53d6fc7d4475a8-SEA] GET /static/listening_audio/new_toefl_response_1769638421474.mp3 -> 200 (1ms)
2026-01-28 22:13:55 INFO werkzeug [req=-] 127.0.0.1 - - [28/Jan/2026 22:13:55] "GET /static/listening_audio/new_toefl_response_1769638421474.mp3 HTTP/1.1" 200 -
2026-01-28 22:13:55 INFO app [req=9c53d6fe1d5075a8-SEA] GET /static/listening_audio/new_toefl_response_1769638421083.mp3 -> 206 (0ms)
2026-01-28 22:13:55 INFO werkzeug [req=-] 127.0.0.1 - - [28/Jan/2026 22:13:55] "[35m[1mGET /static/listening_audio/new_toefl_response_1769638421083.mp3 HTTP/1.1[0m" 206 -
2026-01-28 22:13:55 INFO app [req=9c53d6fe2d5175a8-SEA] GET /static/listening_audio/new_toefl_talk_1769638431540.mp3 -> 206 (0ms)
2026-01-28 22:13:55 INFO werkzeug [req=-] 127.0.0.1 - - [28/Jan/2026 22:13:55] "[35m[1mGET /static/listening_audio/new_toefl_talk_1769638431540.mp3 HTTP/1.1[0m" 206 -
2026-01-28 22:13:55 INFO app [req=9c53d6fe3d5375a8-SEA] GET /static/listening_audio/new_toefl_conversation_1769638425320.mp3 -> 206 (0ms)
2026-01-28 22:13:55 INFO werkzeug [req=-] 127.0.0.1 - - [28/Jan/2026 22:13:55] "[35m[1mGET /static/listening_audio/new_toefl_conversation_1769638425320.mp3 HTTP/1.1[0m" 206 -
2026-01-28 22:13:55 INFO app [req=9c53d6fe4d5575a8-SEA] GET /static/listening_audio/new_toefl_response_1769638420507.mp3 -> 206 (0ms)
2026-01-28 22:13:55 INFO werkzeug [req=-] 127.0.0.1 - - [28/Jan/2026 22:13:55] "[35m[1mGET /static/listening_audio/new_toefl_response_1769638420507.mp3 HTTP/1.1[0m" 206 -
2026-01-28 22:13:55 INFO app [req=9c53d6fe7d5875a8-SEA] GET /static/listening_audio/new_toefl_response_1769638421270.mp3 -> 206 (0ms)
2026-01-28 22:13:55 INFO werkzeug [req=-] 127.0.0.1 - - [28/Jan/2026 22:13:55] "[35m[1mGET /static/listening_audio/new_toefl_response_1769638421270.mp3 HTTP/1.1[0m" 206 -
2026-01-28 22:13:55 INFO app [req=9c53d6feed5a75a8-SEA] GET /static/listening_audio/new_toefl_response_1769638420919.mp3 -> 206 (0ms)
2026-01-28 22:13:55 INFO werkzeug [req=-] 127.0.0.1 - - [28/Jan/2026 22:13:55] "[35m[1mGET /static/listening_audio/new_toefl_response_1769638420919.mp3 HTTP/1.1[0m" 206 -
2026-01-28 22:13:55 INFO app [req=9c53d6fefd5b75a8-SEA] GET /static/listening_audio/new_toefl_response_1769638420737.mp3 -> 206 (0ms)
2026-01-28 22:13:55 INFO werkzeug [req=-] 127.0.0.1 - - [28/Jan/2026 22:13:55] "[35m[1mGET /static/listening_audio/new_toefl_response_1769638420737.mp3 HTTP/1.1[0m" 206 -
2026-01-28 22:13:55 INFO app [req=9c53d6ff0d5c75a8-SEA] GET /static/listening_audio/new_toefl_response_1769638421474.mp3 -> 206 (0ms)
2026-01-28 22:13:55 INFO werkzeug [req=-] 127.0.0.1 - - [28/Jan/2026 22:13:55] "[35m[1mGET /static/listening_audio/new_toefl_response_1769638421474.mp3 HTTP/1.1[0m" 206 -
2026-01-28 22:13:55 INFO app [req=9c53d7007d6475a8-SEA] GET /static/listening_audio/new_toefl_response_1769638420507.mp3 -> 206 (0ms)
2026-01-28 22:13:55 INFO werkzeug [req=-] 127.0.0.1 - - [28/Jan/2026 22:13:55] "[35m[1mGET /static/listening_audio/new_toefl_response_1769638420507.mp3 HTTP/1.1[0m" 206 -
2026-01-28 22:13:56 INFO app [req=9c53d7012d6f75a8-SEA] GET /static/listening_audio/new_toefl_response_1769638420919.mp3 -> 206 (2ms)
2026-01-28 22:13:56 INFO app [req=9c53d7012d6e75a8-SEA] GET /static/listening_audio/new_toefl_response_1769638420737.mp3 -> 206 (1ms)
2026-01-28 22:13:56 INFO werkzeug [req=-] 127.0.0.1 - - [28/Jan/2026 22:13:56] "[35m[1mGET /static/listening_audio/new_toefl_response_1769638420919.mp3 HTTP/1.1[0m" 206 -
2026-01-28 22:13:56 INFO werkzeug [req=-] 127.0.0.1 - - [28/Jan/2026 22:13:56] "[35m[1mGET /static/listening_audio/new_toefl_response_1769638420737.mp3 HTTP/1.1[0m" 206 -
2026-01-28 22:13:56 INFO app [req=9c53d7012d7375a8-SEA] GET /static/listening_audio/new_toefl_response_1769638421474.mp3 -> 206 (0ms)
2026-01-28 22:13:56 INFO werkzeug [req=-] 127.0.0.1 - - [28/Jan/2026 22:13:56] "[35m[1mGET /static/listening_audio/new_toefl_response_1769638421474.mp3 HTTP/1.1[0m" 206 -
2026-01-28 22:14:06 INFO app [req=9c53d7407ee82513-SJC] GET / -> 302 (0ms)
2026-01-28 22:14:06 INFO werkzeug [req=-] 127.0.0.1 - - [28/Jan/2026 22:14:06] "[32mGET / HTTP/1.1[0m" 302 -
2026-01-28 22:14:07 INFO app [req=9c53d7450a043708-SJC] GET /login -> 200 (2ms)
2026-01-28 22:14:07 INFO werkzeug [req=-] 127.0.0.1 - - [28/Jan/2026 22:14:07] "GET /login HTTP/1.1" 200 -
2026-01-28 22:28:40 INFO app [req=9c53ec950cc16a12-SEA] GET /robots.txt -> 404 (0ms)
2026-01-28 22:28:40 INFO werkzeug [req=-] 127.0.0.1 - - [28/Jan/2026 22:28:40] "[33mGET /robots.txt HTTP/1.1[0m" 404 -
2026-01-28 22:28:40 INFO app [req=9c53ec96fe3debfe-SEA] GET /favicon.ico -> 404 (0ms)
2026-01-28 22:28:40 INFO werkzeug [req=-] 127.0.0.1 - - [28/Jan/2026 22:28:40] "[33mGET /favicon.ico HTTP/1.1[0m" 404 -
2026-01-28 22:31:22 INFO app [req=9c53f08c1bc8f5d7-AMS] GET / -> 302 (0ms)
2026-01-28 22:31:22 INFO werkzeug [req=-] 127.0.0.1 - - [28/Jan/2026 22:31:22] "[32mGET / HTTP/1.1[0m" 302 -
2026-01-28 22:31:24 INFO app [req=9c53f09958d8497f-AMS] GET /login -> 200 (0ms)
2026-01-28 22:31:24 INFO werkzeug [req=-] 127.0.0.1 - - [28/Jan/2026 22:31:24] "GET /login HTTP/1.1" 200 -
2026-01-28 22:54:37 INFO app [req=-] Startup: prewarming TTS...
2026-01-28 22:54:37 INFO app [req=-] Prewarming Kokoro pipeline...
2026-01-28 22:54:37 INFO app [req=-] Kokoro device: cuda (NVIDIA GeForce RTX 5070)
2026-01-28 22:54:37 DEBUG urllib3.connectionpool [req=-] Starting new HTTPS connection (1): huggingface.co:443
2026-01-28 22:54:37 DEBUG urllib3.connectionpool [req=-] https://huggingface.co:443 "HEAD /hexgrad/Kokoro-82M/resolve/main/config.json HTTP/1.1" 307 0
2026-01-28 22:54:37 DEBUG urllib3.connectionpool [req=-] https://huggingface.co:443 "HEAD /api/resolve-cache/models/hexgrad/Kokoro-82M/f3ff3571791e39611d31c381e3a41a3af07b4987/config.json HTTP/1.1" 200 0
2026-01-28 22:54:39 DEBUG urllib3.connectionpool [req=-] https://huggingface.co:443 "HEAD /hexgrad/Kokoro-82M/resolve/main/kokoro-v1_0.pth HTTP/1.1" 302 0
2026-01-28 22:54:40 INFO app [req=-] Kokoro pipeline prewarmed
2026-01-28 22:54:40 DEBUG urllib3.connectionpool [req=-] https://huggingface.co:443 "HEAD /hexgrad/Kokoro-82M/resolve/main/voices/af_heart.pt HTTP/1.1" 302 0
2026-01-28 22:54:41 INFO app [req=-] Kokoro synthesis prewarm complete (voice=af_heart)
2026-01-28 22:54:41 INFO app [req=-] Startup: TTS prewarm done in 3.57s
2026-01-28 22:54:41 INFO werkzeug [req=-] [31m[1mWARNING: This is a development server. Do not use it in a production deployment. Use a production WSGI server instead.[0m
 * Running on all addresses (0.0.0.0)
 * Running on http://127.0.0.1:1111
 * Running on http://172.17.0.3:1111
2026-01-28 22:54:41 INFO werkzeug [req=-] [33mPress CTRL+C to quit[0m
2026-01-28 22:54:41 INFO werkzeug [req=-]  * Restarting with stat
2026-01-28 22:54:45 INFO app [req=-] Startup: prewarming TTS...
2026-01-28 22:54:45 INFO app [req=-] Prewarming Kokoro pipeline...
2026-01-28 22:54:45 INFO app [req=-] Kokoro device: cuda (NVIDIA GeForce RTX 5070)
2026-01-28 22:54:45 DEBUG urllib3.connectionpool [req=-] Starting new HTTPS connection (1): huggingface.co:443
2026-01-28 22:54:45 DEBUG urllib3.connectionpool [req=-] https://huggingface.co:443 "HEAD /hexgrad/Kokoro-82M/resolve/main/config.json HTTP/1.1" 307 0
2026-01-28 22:54:45 DEBUG urllib3.connectionpool [req=-] https://huggingface.co:443 "HEAD /api/resolve-cache/models/hexgrad/Kokoro-82M/f3ff3571791e39611d31c381e3a41a3af07b4987/config.json HTTP/1.1" 200 0
2026-01-28 22:54:46 DEBUG urllib3.connectionpool [req=-] https://huggingface.co:443 "HEAD /hexgrad/Kokoro-82M/resolve/main/kokoro-v1_0.pth HTTP/1.1" 302 0
2026-01-28 22:54:47 INFO app [req=-] Kokoro pipeline prewarmed
2026-01-28 22:54:47 DEBUG urllib3.connectionpool [req=-] https://huggingface.co:443 "HEAD /hexgrad/Kokoro-82M/resolve/main/voices/af_heart.pt HTTP/1.1" 302 0
2026-01-28 22:54:48 INFO app [req=-] Kokoro synthesis prewarm complete (voice=af_heart)
2026-01-28 22:54:48 INFO app [req=-] Startup: TTS prewarm done in 3.24s
2026-01-28 22:54:48 WARNING werkzeug [req=-]  * Debugger is active!
2026-01-28 22:54:48 INFO werkzeug [req=-]  * Debugger PIN: 342-109-490
2026-01-28 22:54:57 INFO app [req=9c5413179fb114ce-ORD] GET /new-toefl/reading-mock -> 200 (47ms)
2026-01-28 22:54:57 INFO werkzeug [req=-] 127.0.0.1 - - [28/Jan/2026 22:54:57] "GET /new-toefl/reading-mock HTTP/1.1" 200 -
2026-01-28 22:54:57 INFO app [req=9c5413191fe214ce-ORD] GET /static/css/unfamiliar_words.css -> 304 (4ms)
2026-01-28 22:54:57 INFO werkzeug [req=-] 127.0.0.1 - - [28/Jan/2026 22:54:57] "[36mGET /static/css/unfamiliar_words.css HTTP/1.1[0m" 304 -
2026-01-28 22:54:57 INFO app [req=9c5413191fe314ce-ORD] GET /static/js/unfamiliar_words.js -> 304 (1ms)
2026-01-28 22:54:57 INFO werkzeug [req=-] 127.0.0.1 - - [28/Jan/2026 22:54:57] "[36mGET /static/js/unfamiliar_words.js HTTP/1.1[0m" 304 -
2026-01-28 22:54:57 INFO app [req=9c54131ab80014ce-ORD] GET /new-toefl/api/mock/tests -> 200 (1ms)
2026-01-28 22:54:57 INFO werkzeug [req=-] 127.0.0.1 - - [28/Jan/2026 22:54:57] "GET /new-toefl/api/mock/tests HTTP/1.1" 200 -
2026-01-28 22:54:58 INFO app [req=9c54131c983c14ce-ORD] GET /favicon.ico -> 404 (2ms)
2026-01-28 22:54:58 INFO werkzeug [req=-] 127.0.0.1 - - [28/Jan/2026 22:54:58] "[33mGET /favicon.ico HTTP/1.1[0m" 404 -
2026-01-28 22:55:20 INFO app [req=9c541332f9b614ce-ORD] GET /new-toefl/api/mock/reading/load/practice_test_2 -> 200 (19301ms)
2026-01-28 22:55:20 INFO werkzeug [req=-] 127.0.0.1 - - [28/Jan/2026 22:55:20] "GET /new-toefl/api/mock/reading/load/practice_test_2 HTTP/1.1" 200 -
2026-01-28 22:56:46 INFO app [req=9c5415c3bf103426-ORD] GET /new-toefl/mock -> 200 (5ms)
2026-01-28 22:56:46 INFO werkzeug [req=-] 127.0.0.1 - - [28/Jan/2026 22:56:46] "GET /new-toefl/mock HTTP/1.1" 200 -
2026-01-28 22:56:48 INFO app [req=9c5415cbcfa73426-ORD] GET /new-toefl/listening-mock -> 200 (6ms)
2026-01-28 22:56:48 INFO werkzeug [req=-] 127.0.0.1 - - [28/Jan/2026 22:56:48] "GET /new-toefl/listening-mock HTTP/1.1" 200 -
2026-01-28 22:56:48 INFO app [req=9c5415cd4fce3426-ORD] GET /new-toefl/api/mock/tests -> 200 (1ms)
2026-01-28 22:56:48 INFO werkzeug [req=-] 127.0.0.1 - - [28/Jan/2026 22:56:48] "GET /new-toefl/api/mock/tests HTTP/1.1" 200 -
2026-01-28 22:56:49 INFO app [req=9c5415d648c03426-ORD] POST /new-toefl/api/mock/listening/generate/practice_test_1 -> 200 (1ms)
2026-01-28 22:56:49 INFO werkzeug [req=-] 127.0.0.1 - - [28/Jan/2026 22:56:49] "POST /new-toefl/api/mock/listening/generate/practice_test_1 HTTP/1.1" 200 -
2026-01-28 22:56:49 INFO app [req=9c5415d728c43426-ORD] GET /new-toefl/api/mock/listening/job/job_listening_full_12_6b6ebad14e -> 200 (1ms)
2026-01-28 22:56:49 INFO werkzeug [req=-] 127.0.0.1 - - [28/Jan/2026 22:56:49] "GET /new-toefl/api/mock/listening/job/job_listening_full_12_6b6ebad14e HTTP/1.1" 200 -
2026-01-28 22:56:51 INFO app [req=9c5415e439d03426-ORD] GET /new-toefl/api/mock/listening/job/job_listening_full_12_6b6ebad14e -> 200 (1ms)
2026-01-28 22:56:51 INFO werkzeug [req=-] 127.0.0.1 - - [28/Jan/2026 22:56:51] "GET /new-toefl/api/mock/listening/job/job_listening_full_12_6b6ebad14e HTTP/1.1" 200 -
2026-01-28 22:56:53 INFO app [req=9c5415f14a9f3426-ORD] GET /new-toefl/api/mock/listening/job/job_listening_full_12_6b6ebad14e -> 200 (1ms)
2026-01-28 22:56:53 INFO werkzeug [req=-] 127.0.0.1 - - [28/Jan/2026 22:56:53] "GET /new-toefl/api/mock/listening/job/job_listening_full_12_6b6ebad14e HTTP/1.1" 200 -
2026-01-28 22:56:56 INFO app [req=9c5415fe7b8b3426-ORD] GET /new-toefl/api/mock/listening/job/job_listening_full_12_6b6ebad14e -> 200 (1ms)
2026-01-28 22:56:56 INFO werkzeug [req=-] 127.0.0.1 - - [28/Jan/2026 22:56:56] "GET /new-toefl/api/mock/listening/job/job_listening_full_12_6b6ebad14e HTTP/1.1" 200 -
2026-01-28 22:56:58 INFO app [req=9c54160b8cb43426-ORD] GET /new-toefl/api/mock/listening/job/job_listening_full_12_6b6ebad14e -> 200 (1ms)
2026-01-28 22:56:58 INFO werkzeug [req=-] 127.0.0.1 - - [28/Jan/2026 22:56:58] "GET /new-toefl/api/mock/listening/job/job_listening_full_12_6b6ebad14e HTTP/1.1" 200 -
2026-01-28 22:57:01 INFO app [req=9c54161e2d9e3426-ORD] GET /new-toefl/api/mock/listening/job/job_listening_full_12_6b6ebad14e -> 200 (1ms)
2026-01-28 22:57:01 INFO werkzeug [req=-] 127.0.0.1 - - [28/Jan/2026 22:57:01] "GET /new-toefl/api/mock/listening/job/job_listening_full_12_6b6ebad14e HTTP/1.1" 200 -
2026-01-28 22:57:04 INFO app [req=9c541630ee893426-ORD] GET /new-toefl/api/mock/listening/job/job_listening_full_12_6b6ebad14e -> 200 (0ms)
2026-01-28 22:57:04 INFO werkzeug [req=-] 127.0.0.1 - - [28/Jan/2026 22:57:04] "GET /new-toefl/api/mock/listening/job/job_listening_full_12_6b6ebad14e HTTP/1.1" 200 -
2026-01-28 22:57:05 DEBUG pydub.converter [req=-] subprocess.call(['ffmpeg', '-y', '-f', 'wav', '-i', '/tmp/tmpw3efss23', '-f', 'mp3', '/tmp/tmphlq6zo8o'])
2026-01-28 22:57:05 DEBUG pydub.converter [req=-] subprocess output: b'ffmpeg version 6.1.1-3ubuntu5 Copyright (c) 2000-2023 the FFmpeg developers'
2026-01-28 22:57:05 DEBUG pydub.converter [req=-] subprocess output: b'  built with gcc 13 (Ubuntu 13.2.0-23ubuntu3)'
2026-01-28 22:57:05 DEBUG pydub.converter [req=-] subprocess output: b'  configuration: --prefix=/usr --extra-version=3ubuntu5 --toolchain=hardened --libdir=/usr/lib/x86_64-linux-gnu --incdir=/usr/include/x86_64-linux-gnu --arch=amd64 --enable-gpl --disable-stripping --disable-omx --enable-gnutls --enable-libaom --enable-libass --enable-libbs2b --enable-libcaca --enable-libcdio --enable-libcodec2 --enable-libdav1d --enable-libflite --enable-libfontconfig --enable-libfreetype --enable-libfribidi --enable-libglslang --enable-libgme --enable-libgsm --enable-libharfbuzz --enable-libmp3lame --enable-libmysofa --enable-libopenjpeg --enable-libopenmpt --enable-libopus --enable-librubberband --enable-libshine --enable-libsnappy --enable-libsoxr --enable-libspeex --enable-libtheora --enable-libtwolame --enable-libvidstab --enable-libvorbis --enable-libvpx --enable-libwebp --enable-libx265 --enable-libxml2 --enable-libxvid --enable-libzimg --enable-openal --enable-opencl --enable-opengl --disable-sndio --enable-libvpl --disable-libmfx --enable-libdc1394 --enable-libdrm --enable-libiec61883 --enable-chromaprint --enable-frei0r --enable-ladspa --enable-libbluray --enable-libjack --enable-libpulse --enable-librabbitmq --enable-librist --enable-libsrt --enable-libssh --enable-libsvtav1 --enable-libx264 --enable-libzmq --enable-libzvbi --enable-lv2 --enable-sdl2 --enable-libplacebo --enable-librav1e --enable-pocketsphinx --enable-librsvg --enable-libjxl --enable-shared'
2026-01-28 22:57:05 DEBUG pydub.converter [req=-] subprocess output: b'  libavutil      58. 29.100 / 58. 29.100'
2026-01-28 22:57:05 DEBUG pydub.converter [req=-] subprocess output: b'  libavcodec     60. 31.102 / 60. 31.102'
2026-01-28 22:57:05 DEBUG pydub.converter [req=-] subprocess output: b'  libavformat    60. 16.100 / 60. 16.100'
2026-01-28 22:57:05 DEBUG pydub.converter [req=-] subprocess output: b'  libavdevice    60.  3.100 / 60.  3.100'
2026-01-28 22:57:05 DEBUG pydub.converter [req=-] subprocess output: b'  libavfilter     9. 12.100 /  9. 12.100'
2026-01-28 22:57:05 DEBUG pydub.converter [req=-] subprocess output: b'  libswscale      7.  5.100 /  7.  5.100'
2026-01-28 22:57:05 DEBUG pydub.converter [req=-] subprocess output: b'  libswresample   4. 12.100 /  4. 12.100'
2026-01-28 22:57:05 DEBUG pydub.converter [req=-] subprocess output: b'  libpostproc    57.  3.100 / 57.  3.100'
2026-01-28 22:57:05 DEBUG pydub.converter [req=-] subprocess output: b'[wav @ 0x5579ee7fce40] Cannot check for SPDIF'
2026-01-28 22:57:05 DEBUG pydub.converter [req=-] subprocess output: b'[aist#0:0/pcm_s16le @ 0x5579ee806b00] Guessed Channel Layout: mono'
2026-01-28 22:57:05 DEBUG pydub.converter [req=-] subprocess output: b"Input #0, wav, from '/tmp/tmpw3efss23':"
2026-01-28 22:57:05 DEBUG pydub.converter [req=-] subprocess output: b'  Duration: N/A, bitrate: 176 kb/s'
2026-01-28 22:57:05 DEBUG pydub.converter [req=-] subprocess output: b'  Stream #0:0: Audio: pcm_s16le ([1][0][0][0] / 0x0001), 11025 Hz, 1 channels, s16, 176 kb/s'
2026-01-28 22:57:05 DEBUG pydub.converter [req=-] subprocess output: b'Stream mapping:'
2026-01-28 22:57:05 DEBUG pydub.converter [req=-] subprocess output: b'  Stream #0:0 -> #0:0 (pcm_s16le (native) -> mp3 (libmp3lame))'
2026-01-28 22:57:05 DEBUG pydub.converter [req=-] subprocess output: b'Press [q] to stop, [?] for help'
2026-01-28 22:57:05 DEBUG pydub.converter [req=-] subprocess output: b'[aost#0:0/libmp3lame @ 0x5579ee808980] No filtered frames for output stream, trying to initialize anyway.'
2026-01-28 22:57:05 DEBUG pydub.converter [req=-] subprocess output: b"Output #0, mp3, to '/tmp/tmphlq6zo8o':"
2026-01-28 22:57:05 DEBUG pydub.converter [req=-] subprocess output: b'  Metadata:'
2026-01-28 22:57:05 DEBUG pydub.converter [req=-] subprocess output: b'    TSSE            : Lavf60.16.100'
2026-01-28 22:57:05 DEBUG pydub.converter [req=-] subprocess output: b'  Stream #0:0: Audio: mp3, 11025 Hz, mono, s16p'
2026-01-28 22:57:05 DEBUG pydub.converter [req=-] subprocess output: b'    Metadata:'
2026-01-28 22:57:05 DEBUG pydub.converter [req=-] subprocess output: b'      encoder         : Lavc60.31.102 libmp3lame'
2026-01-28 22:57:05 DEBUG pydub.converter [req=-] subprocess output: b'size=       0kB time=N/A bitrate=N/A speed=N/A'
2026-01-28 22:57:05 DEBUG pydub.converter [req=-] subprocess output: b'[out#0/mp3 @ 0x5579ee806840] video:0kB audio:0kB subtitle:0kB other streams:0kB global headers:0kB muxing overhead: unknown'
2026-01-28 22:57:05 DEBUG pydub.converter [req=-] subprocess output: b'[out#0/mp3 @ 0x5579ee806840] Output file is empty, nothing was encoded(check -ss / -t / -frames parameters if used)'
2026-01-28 22:57:05 DEBUG pydub.converter [req=-] subprocess output: b'size=       0kB time=N/A bitrate=N/A speed=N/A'
2026-01-28 22:57:07 INFO app [req=9c5416439f733426-ORD] GET /new-toefl/api/mock/listening/job/job_listening_full_12_6b6ebad14e -> 200 (1ms)
2026-01-28 22:57:07 INFO werkzeug [req=-] 127.0.0.1 - - [28/Jan/2026 22:57:07] "GET /new-toefl/api/mock/listening/job/job_listening_full_12_6b6ebad14e HTTP/1.1" 200 -
2026-01-28 22:57:10 INFO app [req=9c541656e8333426-ORD] GET /new-toefl/api/mock/listening/job/job_listening_full_12_6b6ebad14e -> 200 (1ms)
2026-01-28 22:57:10 INFO werkzeug [req=-] 127.0.0.1 - - [28/Jan/2026 22:57:10] "GET /new-toefl/api/mock/listening/job/job_listening_full_12_6b6ebad14e HTTP/1.1" 200 -
2026-01-28 22:57:13 INFO app [req=9c54166918f53426-ORD] GET /new-toefl/api/mock/listening/job/job_listening_full_12_6b6ebad14e -> 200 (1ms)
2026-01-28 22:57:13 INFO werkzeug [req=-] 127.0.0.1 - - [28/Jan/2026 22:57:13] "GET /new-toefl/api/mock/listening/job/job_listening_full_12_6b6ebad14e HTTP/1.1" 200 -
2026-01-28 22:57:16 INFO app [req=9c54167be9f63426-ORD] GET /new-toefl/api/mock/listening/job/job_listening_full_12_6b6ebad14e -> 200 (1ms)
2026-01-28 22:57:16 INFO werkzeug [req=-] 127.0.0.1 - - [28/Jan/2026 22:57:16] "GET /new-toefl/api/mock/listening/job/job_listening_full_12_6b6ebad14e HTTP/1.1" 200 -
2026-01-28 22:57:18 INFO app [req=9c54168bca813426-ORD] GET /new-toefl/api/mock/listening/job/job_listening_full_12_6b6ebad14e -> 200 (1ms)
2026-01-28 22:57:18 INFO werkzeug [req=-] 127.0.0.1 - - [28/Jan/2026 22:57:18] "GET /new-toefl/api/mock/listening/job/job_listening_full_12_6b6ebad14e HTTP/1.1" 200 -
2026-01-28 22:57:20 DEBUG pydub.converter [req=-] subprocess.call(['ffmpeg', '-y', '-f', 'wav', '-i', '/tmp/tmpgjuoarvm', '-f', 'mp3', '/tmp/tmp8umugdpu'])
2026-01-28 22:57:20 DEBUG pydub.converter [req=-] subprocess output: b'ffmpeg version 6.1.1-3ubuntu5 Copyright (c) 2000-2023 the FFmpeg developers'
2026-01-28 22:57:20 DEBUG pydub.converter [req=-] subprocess output: b'  built with gcc 13 (Ubuntu 13.2.0-23ubuntu3)'
2026-01-28 22:57:20 DEBUG pydub.converter [req=-] subprocess output: b'  configuration: --prefix=/usr --extra-version=3ubuntu5 --toolchain=hardened --libdir=/usr/lib/x86_64-linux-gnu --incdir=/usr/include/x86_64-linux-gnu --arch=amd64 --enable-gpl --disable-stripping --disable-omx --enable-gnutls --enable-libaom --enable-libass --enable-libbs2b --enable-libcaca --enable-libcdio --enable-libcodec2 --enable-libdav1d --enable-libflite --enable-libfontconfig --enable-libfreetype --enable-libfribidi --enable-libglslang --enable-libgme --enable-libgsm --enable-libharfbuzz --enable-libmp3lame --enable-libmysofa --enable-libopenjpeg --enable-libopenmpt --enable-libopus --enable-librubberband --enable-libshine --enable-libsnappy --enable-libsoxr --enable-libspeex --enable-libtheora --enable-libtwolame --enable-libvidstab --enable-libvorbis --enable-libvpx --enable-libwebp --enable-libx265 --enable-libxml2 --enable-libxvid --enable-libzimg --enable-openal --enable-opencl --enable-opengl --disable-sndio --enable-libvpl --disable-libmfx --enable-libdc1394 --enable-libdrm --enable-libiec61883 --enable-chromaprint --enable-frei0r --enable-ladspa --enable-libbluray --enable-libjack --enable-libpulse --enable-librabbitmq --enable-librist --enable-libsrt --enable-libssh --enable-libsvtav1 --enable-libx264 --enable-libzmq --enable-libzvbi --enable-lv2 --enable-sdl2 --enable-libplacebo --enable-librav1e --enable-pocketsphinx --enable-librsvg --enable-libjxl --enable-shared'
2026-01-28 22:57:20 DEBUG pydub.converter [req=-] subprocess output: b'  libavutil      58. 29.100 / 58. 29.100'
2026-01-28 22:57:20 DEBUG pydub.converter [req=-] subprocess output: b'  libavcodec     60. 31.102 / 60. 31.102'
2026-01-28 22:57:20 DEBUG pydub.converter [req=-] subprocess output: b'  libavformat    60. 16.100 / 60. 16.100'
2026-01-28 22:57:20 DEBUG pydub.converter [req=-] subprocess output: b'  libavdevice    60.  3.100 / 60.  3.100'
2026-01-28 22:57:20 DEBUG pydub.converter [req=-] subprocess output: b'  libavfilter     9. 12.100 /  9. 12.100'
2026-01-28 22:57:20 DEBUG pydub.converter [req=-] subprocess output: b'  libswscale      7.  5.100 /  7.  5.100'
2026-01-28 22:57:20 DEBUG pydub.converter [req=-] subprocess output: b'  libswresample   4. 12.100 /  4. 12.100'
2026-01-28 22:57:20 DEBUG pydub.converter [req=-] subprocess output: b'  libpostproc    57.  3.100 / 57.  3.100'
2026-01-28 22:57:20 DEBUG pydub.converter [req=-] subprocess output: b'[wav @ 0x6187785afe40] Cannot check for SPDIF'
2026-01-28 22:57:20 DEBUG pydub.converter [req=-] subprocess output: b'[aist#0:0/pcm_s16le @ 0x6187785b9b00] Guessed Channel Layout: mono'
2026-01-28 22:57:20 DEBUG pydub.converter [req=-] subprocess output: b"Input #0, wav, from '/tmp/tmpgjuoarvm':"
2026-01-28 22:57:20 DEBUG pydub.converter [req=-] subprocess output: b'  Duration: N/A, bitrate: 176 kb/s'
2026-01-28 22:57:20 DEBUG pydub.converter [req=-] subprocess output: b'  Stream #0:0: Audio: pcm_s16le ([1][0][0][0] / 0x0001), 11025 Hz, 1 channels, s16, 176 kb/s'
2026-01-28 22:57:20 DEBUG pydub.converter [req=-] subprocess output: b'Stream mapping:'
2026-01-28 22:57:20 DEBUG pydub.converter [req=-] subprocess output: b'  Stream #0:0 -> #0:0 (pcm_s16le (native) -> mp3 (libmp3lame))'
2026-01-28 22:57:20 DEBUG pydub.converter [req=-] subprocess output: b'Press [q] to stop, [?] for help'
2026-01-28 22:57:20 DEBUG pydub.converter [req=-] subprocess output: b'[aost#0:0/libmp3lame @ 0x6187785bb980] No filtered frames for output stream, trying to initialize anyway.'
2026-01-28 22:57:20 DEBUG pydub.converter [req=-] subprocess output: b"Output #0, mp3, to '/tmp/tmp8umugdpu':"
2026-01-28 22:57:20 DEBUG pydub.converter [req=-] subprocess output: b'  Metadata:'
2026-01-28 22:57:20 DEBUG pydub.converter [req=-] subprocess output: b'    TSSE            : Lavf60.16.100'
2026-01-28 22:57:20 DEBUG pydub.converter [req=-] subprocess output: b'  Stream #0:0: Audio: mp3, 11025 Hz, mono, s16p'
2026-01-28 22:57:20 DEBUG pydub.converter [req=-] subprocess output: b'    Metadata:'
2026-01-28 22:57:20 DEBUG pydub.converter [req=-] subprocess output: b'      encoder         : Lavc60.31.102 libmp3lame'
2026-01-28 22:57:20 DEBUG pydub.converter [req=-] subprocess output: b'size=       0kB time=N/A bitrate=N/A speed=N/A'
2026-01-28 22:57:20 DEBUG pydub.converter [req=-] subprocess output: b'[out#0/mp3 @ 0x6187785b9840] video:0kB audio:0kB subtitle:0kB other streams:0kB global headers:0kB muxing overhead: unknown'
2026-01-28 22:57:20 DEBUG pydub.converter [req=-] subprocess output: b'[out#0/mp3 @ 0x6187785b9840] Output file is empty, nothing was encoded(check -ss / -t / -frames parameters if used)'
2026-01-28 22:57:20 DEBUG pydub.converter [req=-] subprocess output: b'size=       0kB time=N/A bitrate=N/A speed=N/A'
2026-01-28 22:57:20 WARNING phonemizer [req=-] words count mismatch on 100.0% of the lines (1/1)
2026-01-28 22:57:20 DEBUG pydub.converter [req=-] subprocess.call(['ffmpeg', '-y', '-f', 'wav', '-i', '/tmp/tmptthg5aun', '-f', 'mp3', '/tmp/tmpm3f45xew'])
2026-01-28 22:57:20 DEBUG pydub.converter [req=-] subprocess output: b'ffmpeg version 6.1.1-3ubuntu5 Copyright (c) 2000-2023 the FFmpeg developers'
2026-01-28 22:57:20 DEBUG pydub.converter [req=-] subprocess output: b'  built with gcc 13 (Ubuntu 13.2.0-23ubuntu3)'
2026-01-28 22:57:20 DEBUG pydub.converter [req=-] subprocess output: b'  configuration: --prefix=/usr --extra-version=3ubuntu5 --toolchain=hardened --libdir=/usr/lib/x86_64-linux-gnu --incdir=/usr/include/x86_64-linux-gnu --arch=amd64 --enable-gpl --disable-stripping --disable-omx --enable-gnutls --enable-libaom --enable-libass --enable-libbs2b --enable-libcaca --enable-libcdio --enable-libcodec2 --enable-libdav1d --enable-libflite --enable-libfontconfig --enable-libfreetype --enable-libfribidi --enable-libglslang --enable-libgme --enable-libgsm --enable-libharfbuzz --enable-libmp3lame --enable-libmysofa --enable-libopenjpeg --enable-libopenmpt --enable-libopus --enable-librubberband --enable-libshine --enable-libsnappy --enable-libsoxr --enable-libspeex --enable-libtheora --enable-libtwolame --enable-libvidstab --enable-libvorbis --enable-libvpx --enable-libwebp --enable-libx265 --enable-libxml2 --enable-libxvid --enable-libzimg --enable-openal --enable-opencl --enable-opengl --disable-sndio --enable-libvpl --disable-libmfx --enable-libdc1394 --enable-libdrm --enable-libiec61883 --enable-chromaprint --enable-frei0r --enable-ladspa --enable-libbluray --enable-libjack --enable-libpulse --enable-librabbitmq --enable-librist --enable-libsrt --enable-libssh --enable-libsvtav1 --enable-libx264 --enable-libzmq --enable-libzvbi --enable-lv2 --enable-sdl2 --enable-libplacebo --enable-librav1e --enable-pocketsphinx --enable-librsvg --enable-libjxl --enable-shared'
2026-01-28 22:57:20 DEBUG pydub.converter [req=-] subprocess output: b'  libavutil      58. 29.100 / 58. 29.100'
2026-01-28 22:57:20 DEBUG pydub.converter [req=-] subprocess output: b'  libavcodec     60. 31.102 / 60. 31.102'
2026-01-28 22:57:20 DEBUG pydub.converter [req=-] subprocess output: b'  libavformat    60. 16.100 / 60. 16.100'
2026-01-28 22:57:20 DEBUG pydub.converter [req=-] subprocess output: b'  libavdevice    60.  3.100 / 60.  3.100'
2026-01-28 22:57:20 DEBUG pydub.converter [req=-] subprocess output: b'  libavfilter     9. 12.100 /  9. 12.100'
2026-01-28 22:57:20 DEBUG pydub.converter [req=-] subprocess output: b'  libswscale      7.  5.100 /  7.  5.100'
2026-01-28 22:57:20 DEBUG pydub.converter [req=-] subprocess output: b'  libswresample   4. 12.100 /  4. 12.100'
2026-01-28 22:57:20 DEBUG pydub.converter [req=-] subprocess output: b'  libpostproc    57.  3.100 / 57.  3.100'
2026-01-28 22:57:20 DEBUG pydub.converter [req=-] subprocess output: b'[aist#0:0/pcm_s16le @ 0x562ae50db980] Guessed Channel Layout: mono'
2026-01-28 22:57:20 DEBUG pydub.converter [req=-] subprocess output: b"Input #0, wav, from '/tmp/tmptthg5aun':"
2026-01-28 22:57:20 DEBUG pydub.converter [req=-] subprocess output: b'  Duration: 00:00:03.58, bitrate: 384 kb/s'
2026-01-28 22:57:20 DEBUG pydub.converter [req=-] subprocess output: b'  Stream #0:0: Audio: pcm_s16le ([1][0][0][0] / 0x0001), 24000 Hz, 1 channels, s16, 384 kb/s'
2026-01-28 22:57:20 DEBUG pydub.converter [req=-] subprocess output: b'Stream mapping:'
2026-01-28 22:57:20 DEBUG pydub.converter [req=-] subprocess output: b'  Stream #0:0 -> #0:0 (pcm_s16le (native) -> mp3 (libmp3lame))'
2026-01-28 22:57:20 DEBUG pydub.converter [req=-] subprocess output: b'Press [q] to stop, [?] for help'
2026-01-28 22:57:20 DEBUG pydub.converter [req=-] subprocess output: b"Output #0, mp3, to '/tmp/tmpm3f45xew':"
2026-01-28 22:57:20 DEBUG pydub.converter [req=-] subprocess output: b'  Metadata:'
2026-01-28 22:57:20 DEBUG pydub.converter [req=-] subprocess output: b'    TSSE            : Lavf60.16.100'
2026-01-28 22:57:20 DEBUG pydub.converter [req=-] subprocess output: b'  Stream #0:0: Audio: mp3, 24000 Hz, mono, s16p'
2026-01-28 22:57:20 DEBUG pydub.converter [req=-] subprocess output: b'    Metadata:'
2026-01-28 22:57:20 DEBUG pydub.converter [req=-] subprocess output: b'      encoder         : Lavc60.31.102 libmp3lame'
2026-01-28 22:57:20 DEBUG pydub.converter [req=-] subprocess output: b'size=       0kB time=-00:00:00.04 bitrate=  -0.0kbits/s speed=N/A'
2026-01-28 22:57:20 DEBUG pydub.converter [req=-] subprocess output: b'[out#0/mp3 @ 0x562ae50b5a40] video:0kB audio:14kB subtitle:0kB other streams:0kB global headers:0kB muxing overhead: 1.634934%'
2026-01-28 22:57:20 DEBUG pydub.converter [req=-] subprocess output: b'size=      14kB time=00:00:03.55 bitrate=  33.2kbits/s speed= 238x'
2026-01-28 22:57:20 DEBUG pydub.converter [req=-] subprocess.call(['ffmpeg', '-y', '-f', 'wav', '-i', '/tmp/tmpf4bkcgs7', '-f', 'mp3', '/tmp/tmprpcmcxjc'])
2026-01-28 22:57:20 DEBUG pydub.converter [req=-] subprocess output: b'ffmpeg version 6.1.1-3ubuntu5 Copyright (c) 2000-2023 the FFmpeg developers'
2026-01-28 22:57:20 DEBUG pydub.converter [req=-] subprocess output: b'  built with gcc 13 (Ubuntu 13.2.0-23ubuntu3)'
2026-01-28 22:57:20 DEBUG pydub.converter [req=-] subprocess output: b'  configuration: --prefix=/usr --extra-version=3ubuntu5 --toolchain=hardened --libdir=/usr/lib/x86_64-linux-gnu --incdir=/usr/include/x86_64-linux-gnu --arch=amd64 --enable-gpl --disable-stripping --disable-omx --enable-gnutls --enable-libaom --enable-libass --enable-libbs2b --enable-libcaca --enable-libcdio --enable-libcodec2 --enable-libdav1d --enable-libflite --enable-libfontconfig --enable-libfreetype --enable-libfribidi --enable-libglslang --enable-libgme --enable-libgsm --enable-libharfbuzz --enable-libmp3lame --enable-libmysofa --enable-libopenjpeg --enable-libopenmpt --enable-libopus --enable-librubberband --enable-libshine --enable-libsnappy --enable-libsoxr --enable-libspeex --enable-libtheora --enable-libtwolame --enable-libvidstab --enable-libvorbis --enable-libvpx --enable-libwebp --enable-libx265 --enable-libxml2 --enable-libxvid --enable-libzimg --enable-openal --enable-opencl --enable-opengl --disable-sndio --enable-libvpl --disable-libmfx --enable-libdc1394 --enable-libdrm --enable-libiec61883 --enable-chromaprint --enable-frei0r --enable-ladspa --enable-libbluray --enable-libjack --enable-libpulse --enable-librabbitmq --enable-librist --enable-libsrt --enable-libssh --enable-libsvtav1 --enable-libx264 --enable-libzmq --enable-libzvbi --enable-lv2 --enable-sdl2 --enable-libplacebo --enable-librav1e --enable-pocketsphinx --enable-librsvg --enable-libjxl --enable-shared'
2026-01-28 22:57:20 DEBUG pydub.converter [req=-] subprocess output: b'  libavutil      58. 29.100 / 58. 29.100'
2026-01-28 22:57:20 DEBUG pydub.converter [req=-] subprocess output: b'  libavcodec     60. 31.102 / 60. 31.102'
2026-01-28 22:57:20 DEBUG pydub.converter [req=-] subprocess output: b'  libavformat    60. 16.100 / 60. 16.100'
2026-01-28 22:57:20 DEBUG pydub.converter [req=-] subprocess output: b'  libavdevice    60.  3.100 / 60.  3.100'
2026-01-28 22:57:20 DEBUG pydub.converter [req=-] subprocess output: b'  libavfilter     9. 12.100 /  9. 12.100'
2026-01-28 22:57:20 DEBUG pydub.converter [req=-] subprocess output: b'  libswscale      7.  5.100 /  7.  5.100'
2026-01-28 22:57:20 DEBUG pydub.converter [req=-] subprocess output: b'  libswresample   4. 12.100 /  4. 12.100'
2026-01-28 22:57:20 DEBUG pydub.converter [req=-] subprocess output: b'  libpostproc    57.  3.100 / 57.  3.100'
2026-01-28 22:57:20 DEBUG pydub.converter [req=-] subprocess output: b'[aist#0:0/pcm_s16le @ 0x5bf0bb1bdec0] Guessed Channel Layout: mono'
2026-01-28 22:57:20 DEBUG pydub.converter [req=-] subprocess output: b"Input #0, wav, from '/tmp/tmpf4bkcgs7':"
2026-01-28 22:57:20 DEBUG pydub.converter [req=-] subprocess output: b'  Duration: 00:00:02.60, bitrate: 384 kb/s'
2026-01-28 22:57:20 DEBUG pydub.converter [req=-] subprocess output: b'  Stream #0:0: Audio: pcm_s16le ([1][0][0][0] / 0x0001), 24000 Hz, 1 channels, s16, 384 kb/s'
2026-01-28 22:57:20 DEBUG pydub.converter [req=-] subprocess output: b'Stream mapping:'
2026-01-28 22:57:20 DEBUG pydub.converter [req=-] subprocess output: b'  Stream #0:0 -> #0:0 (pcm_s16le (native) -> mp3 (libmp3lame))'
2026-01-28 22:57:20 DEBUG pydub.converter [req=-] subprocess output: b'Press [q] to stop, [?] for help'
2026-01-28 22:57:20 DEBUG pydub.converter [req=-] subprocess output: b"Output #0, mp3, to '/tmp/tmprpcmcxjc':"
2026-01-28 22:57:20 DEBUG pydub.converter [req=-] subprocess output: b'  Metadata:'
2026-01-28 22:57:20 DEBUG pydub.converter [req=-] subprocess output: b'    TSSE            : Lavf60.16.100'
2026-01-28 22:57:20 DEBUG pydub.converter [req=-] subprocess output: b'  Stream #0:0: Audio: mp3, 24000 Hz, mono, s16p'
2026-01-28 22:57:20 DEBUG pydub.converter [req=-] subprocess output: b'    Metadata:'
2026-01-28 22:57:20 DEBUG pydub.converter [req=-] subprocess output: b'      encoder         : Lavc60.31.102 libmp3lame'
2026-01-28 22:57:20 DEBUG pydub.converter [req=-] subprocess output: b'size=       0kB time=-00:00:00.04 bitrate=  -0.0kbits/s speed=N/A'
2026-01-28 22:57:20 DEBUG pydub.converter [req=-] subprocess output: b'[out#0/mp3 @ 0x5bf0bb1bd940] video:0kB audio:10kB subtitle:0kB other streams:0kB global headers:0kB muxing overhead: 2.224099%'
2026-01-28 22:57:20 DEBUG pydub.converter [req=-] subprocess output: b'size=      11kB time=00:00:02.59 bitrate=  33.6kbits/s speed= 222x'
2026-01-28 22:57:20 INFO app [req=9c541698ab323426-ORD] GET /new-toefl/api/mock/listening/job/job_listening_full_12_6b6ebad14e -> 200 (1ms)
2026-01-28 22:57:20 INFO werkzeug [req=-] 127.0.0.1 - - [28/Jan/2026 22:57:20] "GET /new-toefl/api/mock/listening/job/job_listening_full_12_6b6ebad14e HTTP/1.1" 200 -
2026-01-28 22:57:20 DEBUG pydub.converter [req=-] subprocess.call(['ffmpeg', '-y', '-f', 'wav', '-i', '/tmp/tmpkwrwy8ua', '-f', 'mp3', '/tmp/tmp6edqeobx'])
2026-01-28 22:57:20 DEBUG pydub.converter [req=-] subprocess output: b'ffmpeg version 6.1.1-3ubuntu5 Copyright (c) 2000-2023 the FFmpeg developers'
2026-01-28 22:57:20 DEBUG pydub.converter [req=-] subprocess output: b'  built with gcc 13 (Ubuntu 13.2.0-23ubuntu3)'
2026-01-28 22:57:20 DEBUG pydub.converter [req=-] subprocess output: b'  configuration: --prefix=/usr --extra-version=3ubuntu5 --toolchain=hardened --libdir=/usr/lib/x86_64-linux-gnu --incdir=/usr/include/x86_64-linux-gnu --arch=amd64 --enable-gpl --disable-stripping --disable-omx --enable-gnutls --enable-libaom --enable-libass --enable-libbs2b --enable-libcaca --enable-libcdio --enable-libcodec2 --enable-libdav1d --enable-libflite --enable-libfontconfig --enable-libfreetype --enable-libfribidi --enable-libglslang --enable-libgme --enable-libgsm --enable-libharfbuzz --enable-libmp3lame --enable-libmysofa --enable-libopenjpeg --enable-libopenmpt --enable-libopus --enable-librubberband --enable-libshine --enable-libsnappy --enable-libsoxr --enable-libspeex --enable-libtheora --enable-libtwolame --enable-libvidstab --enable-libvorbis --enable-libvpx --enable-libwebp --enable-libx265 --enable-libxml2 --enable-libxvid --enable-libzimg --enable-openal --enable-opencl --enable-opengl --disable-sndio --enable-libvpl --disable-libmfx --enable-libdc1394 --enable-libdrm --enable-libiec61883 --enable-chromaprint --enable-frei0r --enable-ladspa --enable-libbluray --enable-libjack --enable-libpulse --enable-librabbitmq --enable-librist --enable-libsrt --enable-libssh --enable-libsvtav1 --enable-libx264 --enable-libzmq --enable-libzvbi --enable-lv2 --enable-sdl2 --enable-libplacebo --enable-librav1e --enable-pocketsphinx --enable-librsvg --enable-libjxl --enable-shared'
2026-01-28 22:57:20 DEBUG pydub.converter [req=-] subprocess output: b'  libavutil      58. 29.100 / 58. 29.100'
2026-01-28 22:57:20 DEBUG pydub.converter [req=-] subprocess output: b'  libavcodec     60. 31.102 / 60. 31.102'
2026-01-28 22:57:20 DEBUG pydub.converter [req=-] subprocess output: b'  libavformat    60. 16.100 / 60. 16.100'
2026-01-28 22:57:20 DEBUG pydub.converter [req=-] subprocess output: b'  libavdevice    60.  3.100 / 60.  3.100'
2026-01-28 22:57:20 DEBUG pydub.converter [req=-] subprocess output: b'  libavfilter     9. 12.100 /  9. 12.100'
2026-01-28 22:57:20 DEBUG pydub.converter [req=-] subprocess output: b'  libswscale      7.  5.100 /  7.  5.100'
2026-01-28 22:57:20 DEBUG pydub.converter [req=-] subprocess output: b'  libswresample   4. 12.100 /  4. 12.100'
2026-01-28 22:57:20 DEBUG pydub.converter [req=-] subprocess output: b'  libpostproc    57.  3.100 / 57.  3.100'
2026-01-28 22:57:20 DEBUG pydub.converter [req=-] subprocess output: b'[aist#0:0/pcm_s16le @ 0x6546eef138c0] Guessed Channel Layout: mono'
2026-01-28 22:57:20 DEBUG pydub.converter [req=-] subprocess output: b"Input #0, wav, from '/tmp/tmpkwrwy8ua':"
2026-01-28 22:57:20 DEBUG pydub.converter [req=-] subprocess output: b'  Duration: 00:00:03.20, bitrate: 384 kb/s'
2026-01-28 22:57:20 DEBUG pydub.converter [req=-] subprocess output: b'  Stream #0:0: Audio: pcm_s16le ([1][0][0][0] / 0x0001), 24000 Hz, 1 channels, s16, 384 kb/s'
2026-01-28 22:57:20 DEBUG pydub.converter [req=-] subprocess output: b'Stream mapping:'
2026-01-28 22:57:20 DEBUG pydub.converter [req=-] subprocess output: b'  Stream #0:0 -> #0:0 (pcm_s16le (native) -> mp3 (libmp3lame))'
2026-01-28 22:57:20 DEBUG pydub.converter [req=-] subprocess output: b'Press [q] to stop, [?] for help'
2026-01-28 22:57:20 DEBUG pydub.converter [req=-] subprocess output: b"Output #0, mp3, to '/tmp/tmp6edqeobx':"
2026-01-28 22:57:20 DEBUG pydub.converter [req=-] subprocess output: b'  Metadata:'
2026-01-28 22:57:20 DEBUG pydub.converter [req=-] subprocess output: b'    TSSE            : Lavf60.16.100'
2026-01-28 22:57:20 DEBUG pydub.converter [req=-] subprocess output: b'  Stream #0:0: Audio: mp3, 24000 Hz, mono, s16p'
2026-01-28 22:57:20 DEBUG pydub.converter [req=-] subprocess output: b'    Metadata:'
2026-01-28 22:57:20 DEBUG pydub.converter [req=-] subprocess output: b'      encoder         : Lavc60.31.102 libmp3lame'
2026-01-28 22:57:20 DEBUG pydub.converter [req=-] subprocess output: b'size=       0kB time=-00:00:00.04 bitrate=  -0.0kbits/s speed=N/A'
2026-01-28 22:57:20 DEBUG pydub.converter [req=-] subprocess output: b'[out#0/mp3 @ 0x6546eeef2a40] video:0kB audio:13kB subtitle:0kB other streams:0kB global headers:0kB muxing overhead: 1.815257%'
2026-01-28 22:57:20 DEBUG pydub.converter [req=-] subprocess output: b'size=      13kB time=00:00:03.19 bitrate=  33.3kbits/s speed= 231x'
2026-01-28 22:57:21 DEBUG pydub.converter [req=-] subprocess.call(['ffmpeg', '-y', '-f', 'wav', '-i', '/tmp/tmp_mil6rk5', '-f', 'mp3', '/tmp/tmp31c2pbvi'])
2026-01-28 22:57:21 DEBUG pydub.converter [req=-] subprocess output: b'ffmpeg version 6.1.1-3ubuntu5 Copyright (c) 2000-2023 the FFmpeg developers'
2026-01-28 22:57:21 DEBUG pydub.converter [req=-] subprocess output: b'  built with gcc 13 (Ubuntu 13.2.0-23ubuntu3)'
2026-01-28 22:57:21 DEBUG pydub.converter [req=-] subprocess output: b'  configuration: --prefix=/usr --extra-version=3ubuntu5 --toolchain=hardened --libdir=/usr/lib/x86_64-linux-gnu --incdir=/usr/include/x86_64-linux-gnu --arch=amd64 --enable-gpl --disable-stripping --disable-omx --enable-gnutls --enable-libaom --enable-libass --enable-libbs2b --enable-libcaca --enable-libcdio --enable-libcodec2 --enable-libdav1d --enable-libflite --enable-libfontconfig --enable-libfreetype --enable-libfribidi --enable-libglslang --enable-libgme --enable-libgsm --enable-libharfbuzz --enable-libmp3lame --enable-libmysofa --enable-libopenjpeg --enable-libopenmpt --enable-libopus --enable-librubberband --enable-libshine --enable-libsnappy --enable-libsoxr --enable-libspeex --enable-libtheora --enable-libtwolame --enable-libvidstab --enable-libvorbis --enable-libvpx --enable-libwebp --enable-libx265 --enable-libxml2 --enable-libxvid --enable-libzimg --enable-openal --enable-opencl --enable-opengl --disable-sndio --enable-libvpl --disable-libmfx --enable-libdc1394 --enable-libdrm --enable-libiec61883 --enable-chromaprint --enable-frei0r --enable-ladspa --enable-libbluray --enable-libjack --enable-libpulse --enable-librabbitmq --enable-librist --enable-libsrt --enable-libssh --enable-libsvtav1 --enable-libx264 --enable-libzmq --enable-libzvbi --enable-lv2 --enable-sdl2 --enable-libplacebo --enable-librav1e --enable-pocketsphinx --enable-librsvg --enable-libjxl --enable-shared'
2026-01-28 22:57:21 DEBUG pydub.converter [req=-] subprocess output: b'  libavutil      58. 29.100 / 58. 29.100'
2026-01-28 22:57:21 DEBUG pydub.converter [req=-] subprocess output: b'  libavcodec     60. 31.102 / 60. 31.102'
2026-01-28 22:57:21 DEBUG pydub.converter [req=-] subprocess output: b'  libavformat    60. 16.100 / 60. 16.100'
2026-01-28 22:57:21 DEBUG pydub.converter [req=-] subprocess output: b'  libavdevice    60.  3.100 / 60.  3.100'
2026-01-28 22:57:21 DEBUG pydub.converter [req=-] subprocess output: b'  libavfilter     9. 12.100 /  9. 12.100'
2026-01-28 22:57:21 DEBUG pydub.converter [req=-] subprocess output: b'  libswscale      7.  5.100 /  7.  5.100'
2026-01-28 22:57:21 DEBUG pydub.converter [req=-] subprocess output: b'  libswresample   4. 12.100 /  4. 12.100'
2026-01-28 22:57:21 DEBUG pydub.converter [req=-] subprocess output: b'  libpostproc    57.  3.100 / 57.  3.100'
2026-01-28 22:57:21 DEBUG pydub.converter [req=-] subprocess output: b'[aist#0:0/pcm_s16le @ 0x5ec12b3bec00] Guessed Channel Layout: mono'
2026-01-28 22:57:21 DEBUG pydub.converter [req=-] subprocess output: b"Input #0, wav, from '/tmp/tmp_mil6rk5':"
2026-01-28 22:57:21 DEBUG pydub.converter [req=-] subprocess output: b'  Duration: 00:00:03.30, bitrate: 384 kb/s'
2026-01-28 22:57:21 DEBUG pydub.converter [req=-] subprocess output: b'  Stream #0:0: Audio: pcm_s16le ([1][0][0][0] / 0x0001), 24000 Hz, 1 channels, s16, 384 kb/s'
2026-01-28 22:57:21 DEBUG pydub.converter [req=-] subprocess output: b'Stream mapping:'
2026-01-28 22:57:21 DEBUG pydub.converter [req=-] subprocess output: b'  Stream #0:0 -> #0:0 (pcm_s16le (native) -> mp3 (libmp3lame))'
2026-01-28 22:57:21 DEBUG pydub.converter [req=-] subprocess output: b'Press [q] to stop, [?] for help'
2026-01-28 22:57:21 DEBUG pydub.converter [req=-] subprocess output: b"Output #0, mp3, to '/tmp/tmp31c2pbvi':"
2026-01-28 22:57:21 DEBUG pydub.converter [req=-] subprocess output: b'  Metadata:'
2026-01-28 22:57:21 DEBUG pydub.converter [req=-] subprocess output: b'    TSSE            : Lavf60.16.100'
2026-01-28 22:57:21 DEBUG pydub.converter [req=-] subprocess output: b'  Stream #0:0: Audio: mp3, 24000 Hz, mono, s16p'
2026-01-28 22:57:21 DEBUG pydub.converter [req=-] subprocess output: b'    Metadata:'
2026-01-28 22:57:21 DEBUG pydub.converter [req=-] subprocess output: b'      encoder         : Lavc60.31.102 libmp3lame'
2026-01-28 22:57:21 DEBUG pydub.converter [req=-] subprocess output: b'size=       0kB time=-00:00:00.04 bitrate=  -0.0kbits/s speed=N/A'
2026-01-28 22:57:21 DEBUG pydub.converter [req=-] subprocess output: b'[out#0/mp3 @ 0x5ec12b3c3a40] video:0kB audio:13kB subtitle:0kB other streams:0kB global headers:0kB muxing overhead: 1.763393%'
2026-01-28 22:57:21 DEBUG pydub.converter [req=-] subprocess output: b'size=      13kB time=00:00:03.28 bitrate=  33.3kbits/s speed= 229x'
2026-01-28 22:57:21 DEBUG pydub.converter [req=-] subprocess.call(['ffmpeg', '-y', '-f', 'wav', '-i', '/tmp/tmpmpc52enu', '-f', 'mp3', '/tmp/tmp_airx8n5'])
2026-01-28 22:57:21 DEBUG pydub.converter [req=-] subprocess output: b'ffmpeg version 6.1.1-3ubuntu5 Copyright (c) 2000-2023 the FFmpeg developers'
2026-01-28 22:57:21 DEBUG pydub.converter [req=-] subprocess output: b'  built with gcc 13 (Ubuntu 13.2.0-23ubuntu3)'
2026-01-28 22:57:21 DEBUG pydub.converter [req=-] subprocess output: b'  configuration: --prefix=/usr --extra-version=3ubuntu5 --toolchain=hardened --libdir=/usr/lib/x86_64-linux-gnu --incdir=/usr/include/x86_64-linux-gnu --arch=amd64 --enable-gpl --disable-stripping --disable-omx --enable-gnutls --enable-libaom --enable-libass --enable-libbs2b --enable-libcaca --enable-libcdio --enable-libcodec2 --enable-libdav1d --enable-libflite --enable-libfontconfig --enable-libfreetype --enable-libfribidi --enable-libglslang --enable-libgme --enable-libgsm --enable-libharfbuzz --enable-libmp3lame --enable-libmysofa --enable-libopenjpeg --enable-libopenmpt --enable-libopus --enable-librubberband --enable-libshine --enable-libsnappy --enable-libsoxr --enable-libspeex --enable-libtheora --enable-libtwolame --enable-libvidstab --enable-libvorbis --enable-libvpx --enable-libwebp --enable-libx265 --enable-libxml2 --enable-libxvid --enable-libzimg --enable-openal --enable-opencl --enable-opengl --disable-sndio --enable-libvpl --disable-libmfx --enable-libdc1394 --enable-libdrm --enable-libiec61883 --enable-chromaprint --enable-frei0r --enable-ladspa --enable-libbluray --enable-libjack --enable-libpulse --enable-librabbitmq --enable-librist --enable-libsrt --enable-libssh --enable-libsvtav1 --enable-libx264 --enable-libzmq --enable-libzvbi --enable-lv2 --enable-sdl2 --enable-libplacebo --enable-librav1e --enable-pocketsphinx --enable-librsvg --enable-libjxl --enable-shared'
2026-01-28 22:57:21 DEBUG pydub.converter [req=-] subprocess output: b'  libavutil      58. 29.100 / 58. 29.100'
2026-01-28 22:57:21 DEBUG pydub.converter [req=-] subprocess output: b'  libavcodec     60. 31.102 / 60. 31.102'
2026-01-28 22:57:21 DEBUG pydub.converter [req=-] subprocess output: b'  libavformat    60. 16.100 / 60. 16.100'
2026-01-28 22:57:21 DEBUG pydub.converter [req=-] subprocess output: b'  libavdevice    60.  3.100 / 60.  3.100'
2026-01-28 22:57:21 DEBUG pydub.converter [req=-] subprocess output: b'  libavfilter     9. 12.100 /  9. 12.100'
2026-01-28 22:57:21 DEBUG pydub.converter [req=-] subprocess output: b'  libswscale      7.  5.100 /  7.  5.100'
2026-01-28 22:57:21 DEBUG pydub.converter [req=-] subprocess output: b'  libswresample   4. 12.100 /  4. 12.100'
2026-01-28 22:57:21 DEBUG pydub.converter [req=-] subprocess output: b'  libpostproc    57.  3.100 / 57.  3.100'
2026-01-28 22:57:21 DEBUG pydub.converter [req=-] subprocess output: b'[aist#0:0/pcm_s16le @ 0x621da0b928c0] Guessed Channel Layout: mono'
2026-01-28 22:57:21 DEBUG pydub.converter [req=-] subprocess output: b"Input #0, wav, from '/tmp/tmpmpc52enu':"
2026-01-28 22:57:21 DEBUG pydub.converter [req=-] subprocess output: b'  Duration: 00:00:03.13, bitrate: 384 kb/s'
2026-01-28 22:57:21 DEBUG pydub.converter [req=-] subprocess output: b'  Stream #0:0: Audio: pcm_s16le ([1][0][0][0] / 0x0001), 24000 Hz, 1 channels, s16, 384 kb/s'
2026-01-28 22:57:21 DEBUG pydub.converter [req=-] subprocess output: b'Stream mapping:'
2026-01-28 22:57:21 DEBUG pydub.converter [req=-] subprocess output: b'  Stream #0:0 -> #0:0 (pcm_s16le (native) -> mp3 (libmp3lame))'
2026-01-28 22:57:21 DEBUG pydub.converter [req=-] subprocess output: b'Press [q] to stop, [?] for help'
2026-01-28 22:57:21 DEBUG pydub.converter [req=-] subprocess output: b"Output #0, mp3, to '/tmp/tmp_airx8n5':"
2026-01-28 22:57:21 DEBUG pydub.converter [req=-] subprocess output: b'  Metadata:'
2026-01-28 22:57:21 DEBUG pydub.converter [req=-] subprocess output: b'    TSSE            : Lavf60.16.100'
2026-01-28 22:57:21 DEBUG pydub.converter [req=-] subprocess output: b'  Stream #0:0: Audio: mp3, 24000 Hz, mono, s16p'
2026-01-28 22:57:21 DEBUG pydub.converter [req=-] subprocess output: b'    Metadata:'
2026-01-28 22:57:21 DEBUG pydub.converter [req=-] subprocess output: b'      encoder         : Lavc60.31.102 libmp3lame'
2026-01-28 22:57:21 DEBUG pydub.converter [req=-] subprocess output: b'size=       0kB time=-00:00:00.04 bitrate=  -0.0kbits/s speed=N/A'
2026-01-28 22:57:21 DEBUG pydub.converter [req=-] subprocess output: b'[out#0/mp3 @ 0x621da0b72a40] video:0kB audio:12kB subtitle:0kB other streams:0kB global headers:0kB muxing overhead: 1.856203%'
2026-01-28 22:57:21 DEBUG pydub.converter [req=-] subprocess output: b'size=      13kB time=00:00:03.12 bitrate=  33.3kbits/s speed= 237x'
2026-01-28 22:57:21 DEBUG pydub.converter [req=-] subprocess.call(['ffmpeg', '-y', '-f', 'wav', '-i', '/tmp/tmpo25kiupn', '-f', 'mp3', '/tmp/tmpnbnwscb3'])
2026-01-28 22:57:21 DEBUG pydub.converter [req=-] subprocess output: b'ffmpeg version 6.1.1-3ubuntu5 Copyright (c) 2000-2023 the FFmpeg developers'
2026-01-28 22:57:21 DEBUG pydub.converter [req=-] subprocess output: b'  built with gcc 13 (Ubuntu 13.2.0-23ubuntu3)'
2026-01-28 22:57:21 DEBUG pydub.converter [req=-] subprocess output: b'  configuration: --prefix=/usr --extra-version=3ubuntu5 --toolchain=hardened --libdir=/usr/lib/x86_64-linux-gnu --incdir=/usr/include/x86_64-linux-gnu --arch=amd64 --enable-gpl --disable-stripping --disable-omx --enable-gnutls --enable-libaom --enable-libass --enable-libbs2b --enable-libcaca --enable-libcdio --enable-libcodec2 --enable-libdav1d --enable-libflite --enable-libfontconfig --enable-libfreetype --enable-libfribidi --enable-libglslang --enable-libgme --enable-libgsm --enable-libharfbuzz --enable-libmp3lame --enable-libmysofa --enable-libopenjpeg --enable-libopenmpt --enable-libopus --enable-librubberband --enable-libshine --enable-libsnappy --enable-libsoxr --enable-libspeex --enable-libtheora --enable-libtwolame --enable-libvidstab --enable-libvorbis --enable-libvpx --enable-libwebp --enable-libx265 --enable-libxml2 --enable-libxvid --enable-libzimg --enable-openal --enable-opencl --enable-opengl --disable-sndio --enable-libvpl --disable-libmfx --enable-libdc1394 --enable-libdrm --enable-libiec61883 --enable-chromaprint --enable-frei0r --enable-ladspa --enable-libbluray --enable-libjack --enable-libpulse --enable-librabbitmq --enable-librist --enable-libsrt --enable-libssh --enable-libsvtav1 --enable-libx264 --enable-libzmq --enable-libzvbi --enable-lv2 --enable-sdl2 --enable-libplacebo --enable-librav1e --enable-pocketsphinx --enable-librsvg --enable-libjxl --enable-shared'
2026-01-28 22:57:21 DEBUG pydub.converter [req=-] subprocess output: b'  libavutil      58. 29.100 / 58. 29.100'
2026-01-28 22:57:21 DEBUG pydub.converter [req=-] subprocess output: b'  libavcodec     60. 31.102 / 60. 31.102'
2026-01-28 22:57:21 DEBUG pydub.converter [req=-] subprocess output: b'  libavformat    60. 16.100 / 60. 16.100'
2026-01-28 22:57:21 DEBUG pydub.converter [req=-] subprocess output: b'  libavdevice    60.  3.100 / 60.  3.100'
2026-01-28 22:57:21 DEBUG pydub.converter [req=-] subprocess output: b'  libavfilter     9. 12.100 /  9. 12.100'
2026-01-28 22:57:21 DEBUG pydub.converter [req=-] subprocess output: b'  libswscale      7.  5.100 /  7.  5.100'
2026-01-28 22:57:21 DEBUG pydub.converter [req=-] subprocess output: b'  libswresample   4. 12.100 /  4. 12.100'
2026-01-28 22:57:21 DEBUG pydub.converter [req=-] subprocess output: b'  libpostproc    57.  3.100 / 57.  3.100'
2026-01-28 22:57:21 DEBUG pydub.converter [req=-] subprocess output: b'[aist#0:0/pcm_s16le @ 0x5bc29f652b40] Guessed Channel Layout: mono'
2026-01-28 22:57:21 DEBUG pydub.converter [req=-] subprocess output: b"Input #0, wav, from '/tmp/tmpo25kiupn':"
2026-01-28 22:57:21 DEBUG pydub.converter [req=-] subprocess output: b'  Duration: 00:00:02.50, bitrate: 384 kb/s'
2026-01-28 22:57:21 DEBUG pydub.converter [req=-] subprocess output: b'  Stream #0:0: Audio: pcm_s16le ([1][0][0][0] / 0x0001), 24000 Hz, 1 channels, s16, 384 kb/s'
2026-01-28 22:57:21 DEBUG pydub.converter [req=-] subprocess output: b'Stream mapping:'
2026-01-28 22:57:21 DEBUG pydub.converter [req=-] subprocess output: b'  Stream #0:0 -> #0:0 (pcm_s16le (native) -> mp3 (libmp3lame))'
2026-01-28 22:57:21 DEBUG pydub.converter [req=-] subprocess output: b'Press [q] to stop, [?] for help'
2026-01-28 22:57:21 DEBUG pydub.converter [req=-] subprocess output: b"Output #0, mp3, to '/tmp/tmpnbnwscb3':"
2026-01-28 22:57:21 DEBUG pydub.converter [req=-] subprocess output: b'  Metadata:'
2026-01-28 22:57:21 DEBUG pydub.converter [req=-] subprocess output: b'    TSSE            : Lavf60.16.100'
2026-01-28 22:57:21 DEBUG pydub.converter [req=-] subprocess output: b'  Stream #0:0: Audio: mp3, 24000 Hz, mono, s16p'
2026-01-28 22:57:21 DEBUG pydub.converter [req=-] subprocess output: b'    Metadata:'
2026-01-28 22:57:21 DEBUG pydub.converter [req=-] subprocess output: b'      encoder         : Lavc60.31.102 libmp3lame'
2026-01-28 22:57:21 DEBUG pydub.converter [req=-] subprocess output: b'size=       0kB time=-00:00:00.04 bitrate=  -0.0kbits/s speed=N/A'
2026-01-28 22:57:21 DEBUG pydub.converter [req=-] subprocess output: b'[out#0/mp3 @ 0x5bc29f6525c0] video:0kB audio:10kB subtitle:0kB other streams:0kB global headers:0kB muxing overhead: 2.307243%'
2026-01-28 22:57:21 DEBUG pydub.converter [req=-] subprocess output: b'size=      10kB time=00:00:02.49 bitrate=  33.7kbits/s speed= 225x'
2026-01-28 22:57:21 DEBUG pydub.converter [req=-] subprocess.call(['ffmpeg', '-y', '-f', 'wav', '-i', '/tmp/tmpdyztaz00', '-f', 'mp3', '/tmp/tmpiasjhlf6'])
2026-01-28 22:57:21 DEBUG pydub.converter [req=-] subprocess output: b'ffmpeg version 6.1.1-3ubuntu5 Copyright (c) 2000-2023 the FFmpeg developers'
2026-01-28 22:57:21 DEBUG pydub.converter [req=-] subprocess output: b'  built with gcc 13 (Ubuntu 13.2.0-23ubuntu3)'
2026-01-28 22:57:21 DEBUG pydub.converter [req=-] subprocess output: b'  configuration: --prefix=/usr --extra-version=3ubuntu5 --toolchain=hardened --libdir=/usr/lib/x86_64-linux-gnu --incdir=/usr/include/x86_64-linux-gnu --arch=amd64 --enable-gpl --disable-stripping --disable-omx --enable-gnutls --enable-libaom --enable-libass --enable-libbs2b --enable-libcaca --enable-libcdio --enable-libcodec2 --enable-libdav1d --enable-libflite --enable-libfontconfig --enable-libfreetype --enable-libfribidi --enable-libglslang --enable-libgme --enable-libgsm --enable-libharfbuzz --enable-libmp3lame --enable-libmysofa --enable-libopenjpeg --enable-libopenmpt --enable-libopus --enable-librubberband --enable-libshine --enable-libsnappy --enable-libsoxr --enable-libspeex --enable-libtheora --enable-libtwolame --enable-libvidstab --enable-libvorbis --enable-libvpx --enable-libwebp --enable-libx265 --enable-libxml2 --enable-libxvid --enable-libzimg --enable-openal --enable-opencl --enable-opengl --disable-sndio --enable-libvpl --disable-libmfx --enable-libdc1394 --enable-libdrm --enable-libiec61883 --enable-chromaprint --enable-frei0r --enable-ladspa --enable-libbluray --enable-libjack --enable-libpulse --enable-librabbitmq --enable-librist --enable-libsrt --enable-libssh --enable-libsvtav1 --enable-libx264 --enable-libzmq --enable-libzvbi --enable-lv2 --enable-sdl2 --enable-libplacebo --enable-librav1e --enable-pocketsphinx --enable-librsvg --enable-libjxl --enable-shared'
2026-01-28 22:57:21 DEBUG pydub.converter [req=-] subprocess output: b'  libavutil      58. 29.100 / 58. 29.100'
2026-01-28 22:57:21 DEBUG pydub.converter [req=-] subprocess output: b'  libavcodec     60. 31.102 / 60. 31.102'
2026-01-28 22:57:21 DEBUG pydub.converter [req=-] subprocess output: b'  libavformat    60. 16.100 / 60. 16.100'
2026-01-28 22:57:21 DEBUG pydub.converter [req=-] subprocess output: b'  libavdevice    60.  3.100 / 60.  3.100'
2026-01-28 22:57:21 DEBUG pydub.converter [req=-] subprocess output: b'  libavfilter     9. 12.100 /  9. 12.100'
2026-01-28 22:57:21 DEBUG pydub.converter [req=-] subprocess output: b'  libswscale      7.  5.100 /  7.  5.100'
2026-01-28 22:57:21 DEBUG pydub.converter [req=-] subprocess output: b'  libswresample   4. 12.100 /  4. 12.100'
2026-01-28 22:57:21 DEBUG pydub.converter [req=-] subprocess output: b'  libpostproc    57.  3.100 / 57.  3.100'
2026-01-28 22:57:21 DEBUG pydub.converter [req=-] subprocess output: b'[aist#0:0/pcm_s16le @ 0x5b69a8c50e80] Guessed Channel Layout: mono'
2026-01-28 22:57:21 DEBUG pydub.converter [req=-] subprocess output: b"Input #0, wav, from '/tmp/tmpdyztaz00':"
2026-01-28 22:57:21 DEBUG pydub.converter [req=-] subprocess output: b'  Duration: 00:00:03.68, bitrate: 384 kb/s'
2026-01-28 22:57:21 DEBUG pydub.converter [req=-] subprocess output: b'  Stream #0:0: Audio: pcm_s16le ([1][0][0][0] / 0x0001), 24000 Hz, 1 channels, s16, 384 kb/s'
2026-01-28 22:57:21 DEBUG pydub.converter [req=-] subprocess output: b'Stream mapping:'
2026-01-28 22:57:21 DEBUG pydub.converter [req=-] subprocess output: b'  Stream #0:0 -> #0:0 (pcm_s16le (native) -> mp3 (libmp3lame))'
2026-01-28 22:57:21 DEBUG pydub.converter [req=-] subprocess output: b'Press [q] to stop, [?] for help'
2026-01-28 22:57:21 DEBUG pydub.converter [req=-] subprocess output: b"Output #0, mp3, to '/tmp/tmpiasjhlf6':"
2026-01-28 22:57:21 DEBUG pydub.converter [req=-] subprocess output: b'  Metadata:'
2026-01-28 22:57:21 DEBUG pydub.converter [req=-] subprocess output: b'    TSSE            : Lavf60.16.100'
2026-01-28 22:57:21 DEBUG pydub.converter [req=-] subprocess output: b'  Stream #0:0: Audio: mp3, 24000 Hz, mono, s16p'
2026-01-28 22:57:21 DEBUG pydub.converter [req=-] subprocess output: b'    Metadata:'
2026-01-28 22:57:21 DEBUG pydub.converter [req=-] subprocess output: b'      encoder         : Lavc60.31.102 libmp3lame'
2026-01-28 22:57:21 DEBUG pydub.converter [req=-] subprocess output: b'size=       0kB time=-00:00:00.04 bitrate=  -0.0kbits/s speed=N/A'
2026-01-28 22:57:21 DEBUG pydub.converter [req=-] subprocess output: b'[out#0/mp3 @ 0x5b69a8c29a40] video:0kB audio:15kB subtitle:0kB other streams:0kB global headers:0kB muxing overhead: 1.582532%'
2026-01-28 22:57:21 DEBUG pydub.converter [req=-] subprocess output: b'size=      15kB time=00:00:03.67 bitrate=  33.1kbits/s speed= 237x'
2026-01-28 22:57:21 DEBUG pydub.converter [req=-] subprocess.call(['ffmpeg', '-y', '-f', 'wav', '-i', '/tmp/tmp8wrsxvd6', '-f', 'mp3', '/tmp/tmpji07f880'])
2026-01-28 22:57:21 DEBUG pydub.converter [req=-] subprocess output: b'ffmpeg version 6.1.1-3ubuntu5 Copyright (c) 2000-2023 the FFmpeg developers'
2026-01-28 22:57:21 DEBUG pydub.converter [req=-] subprocess output: b'  built with gcc 13 (Ubuntu 13.2.0-23ubuntu3)'
2026-01-28 22:57:21 DEBUG pydub.converter [req=-] subprocess output: b'  configuration: --prefix=/usr --extra-version=3ubuntu5 --toolchain=hardened --libdir=/usr/lib/x86_64-linux-gnu --incdir=/usr/include/x86_64-linux-gnu --arch=amd64 --enable-gpl --disable-stripping --disable-omx --enable-gnutls --enable-libaom --enable-libass --enable-libbs2b --enable-libcaca --enable-libcdio --enable-libcodec2 --enable-libdav1d --enable-libflite --enable-libfontconfig --enable-libfreetype --enable-libfribidi --enable-libglslang --enable-libgme --enable-libgsm --enable-libharfbuzz --enable-libmp3lame --enable-libmysofa --enable-libopenjpeg --enable-libopenmpt --enable-libopus --enable-librubberband --enable-libshine --enable-libsnappy --enable-libsoxr --enable-libspeex --enable-libtheora --enable-libtwolame --enable-libvidstab --enable-libvorbis --enable-libvpx --enable-libwebp --enable-libx265 --enable-libxml2 --enable-libxvid --enable-libzimg --enable-openal --enable-opencl --enable-opengl --disable-sndio --enable-libvpl --disable-libmfx --enable-libdc1394 --enable-libdrm --enable-libiec61883 --enable-chromaprint --enable-frei0r --enable-ladspa --enable-libbluray --enable-libjack --enable-libpulse --enable-librabbitmq --enable-librist --enable-libsrt --enable-libssh --enable-libsvtav1 --enable-libx264 --enable-libzmq --enable-libzvbi --enable-lv2 --enable-sdl2 --enable-libplacebo --enable-librav1e --enable-pocketsphinx --enable-librsvg --enable-libjxl --enable-shared'
2026-01-28 22:57:21 DEBUG pydub.converter [req=-] subprocess output: b'  libavutil      58. 29.100 / 58. 29.100'
2026-01-28 22:57:21 DEBUG pydub.converter [req=-] subprocess output: b'  libavcodec     60. 31.102 / 60. 31.102'
2026-01-28 22:57:21 DEBUG pydub.converter [req=-] subprocess output: b'  libavformat    60. 16.100 / 60. 16.100'
2026-01-28 22:57:21 DEBUG pydub.converter [req=-] subprocess output: b'  libavdevice    60.  3.100 / 60.  3.100'
2026-01-28 22:57:21 DEBUG pydub.converter [req=-] subprocess output: b'  libavfilter     9. 12.100 /  9. 12.100'
2026-01-28 22:57:21 DEBUG pydub.converter [req=-] subprocess output: b'  libswscale      7.  5.100 /  7.  5.100'
2026-01-28 22:57:21 DEBUG pydub.converter [req=-] subprocess output: b'  libswresample   4. 12.100 /  4. 12.100'
2026-01-28 22:57:21 DEBUG pydub.converter [req=-] subprocess output: b'  libpostproc    57.  3.100 / 57.  3.100'
2026-01-28 22:57:21 DEBUG pydub.converter [req=-] subprocess output: b'[aist#0:0/pcm_s16le @ 0x5b9204e39ec0] Guessed Channel Layout: mono'
2026-01-28 22:57:21 DEBUG pydub.converter [req=-] subprocess output: b"Input #0, wav, from '/tmp/tmp8wrsxvd6':"
2026-01-28 22:57:21 DEBUG pydub.converter [req=-] subprocess output: b'  Duration: 00:00:02.60, bitrate: 384 kb/s'
2026-01-28 22:57:21 DEBUG pydub.converter [req=-] subprocess output: b'  Stream #0:0: Audio: pcm_s16le ([1][0][0][0] / 0x0001), 24000 Hz, 1 channels, s16, 384 kb/s'
2026-01-28 22:57:21 DEBUG pydub.converter [req=-] subprocess output: b'Stream mapping:'
2026-01-28 22:57:21 DEBUG pydub.converter [req=-] subprocess output: b'  Stream #0:0 -> #0:0 (pcm_s16le (native) -> mp3 (libmp3lame))'
2026-01-28 22:57:21 DEBUG pydub.converter [req=-] subprocess output: b'Press [q] to stop, [?] for help'
2026-01-28 22:57:21 DEBUG pydub.converter [req=-] subprocess output: b"Output #0, mp3, to '/tmp/tmpji07f880':"
2026-01-28 22:57:21 DEBUG pydub.converter [req=-] subprocess output: b'  Metadata:'
2026-01-28 22:57:21 DEBUG pydub.converter [req=-] subprocess output: b'    TSSE            : Lavf60.16.100'
2026-01-28 22:57:21 DEBUG pydub.converter [req=-] subprocess output: b'  Stream #0:0: Audio: mp3, 24000 Hz, mono, s16p'
2026-01-28 22:57:21 DEBUG pydub.converter [req=-] subprocess output: b'    Metadata:'
2026-01-28 22:57:21 DEBUG pydub.converter [req=-] subprocess output: b'      encoder         : Lavc60.31.102 libmp3lame'
2026-01-28 22:57:21 DEBUG pydub.converter [req=-] subprocess output: b'size=       0kB time=-00:00:00.04 bitrate=  -0.0kbits/s speed=N/A'
2026-01-28 22:57:21 DEBUG pydub.converter [req=-] subprocess output: b'[out#0/mp3 @ 0x5b9204e39940] video:0kB audio:10kB subtitle:0kB other streams:0kB global headers:0kB muxing overhead: 2.224099%'
2026-01-28 22:57:21 DEBUG pydub.converter [req=-] subprocess output: b'size=      11kB time=00:00:02.59 bitrate=  33.6kbits/s speed= 225x'
2026-01-28 22:57:21 DEBUG pydub.converter [req=-] subprocess.call(['ffmpeg', '-y', '-f', 'wav', '-i', '/tmp/tmpw5x0hdje', '-f', 'mp3', '/tmp/tmpblbp7pha'])
2026-01-28 22:57:21 DEBUG pydub.converter [req=-] subprocess output: b'ffmpeg version 6.1.1-3ubuntu5 Copyright (c) 2000-2023 the FFmpeg developers'
2026-01-28 22:57:21 DEBUG pydub.converter [req=-] subprocess output: b'  built with gcc 13 (Ubuntu 13.2.0-23ubuntu3)'
2026-01-28 22:57:21 DEBUG pydub.converter [req=-] subprocess output: b'  configuration: --prefix=/usr --extra-version=3ubuntu5 --toolchain=hardened --libdir=/usr/lib/x86_64-linux-gnu --incdir=/usr/include/x86_64-linux-gnu --arch=amd64 --enable-gpl --disable-stripping --disable-omx --enable-gnutls --enable-libaom --enable-libass --enable-libbs2b --enable-libcaca --enable-libcdio --enable-libcodec2 --enable-libdav1d --enable-libflite --enable-libfontconfig --enable-libfreetype --enable-libfribidi --enable-libglslang --enable-libgme --enable-libgsm --enable-libharfbuzz --enable-libmp3lame --enable-libmysofa --enable-libopenjpeg --enable-libopenmpt --enable-libopus --enable-librubberband --enable-libshine --enable-libsnappy --enable-libsoxr --enable-libspeex --enable-libtheora --enable-libtwolame --enable-libvidstab --enable-libvorbis --enable-libvpx --enable-libwebp --enable-libx265 --enable-libxml2 --enable-libxvid --enable-libzimg --enable-openal --enable-opencl --enable-opengl --disable-sndio --enable-libvpl --disable-libmfx --enable-libdc1394 --enable-libdrm --enable-libiec61883 --enable-chromaprint --enable-frei0r --enable-ladspa --enable-libbluray --enable-libjack --enable-libpulse --enable-librabbitmq --enable-librist --enable-libsrt --enable-libssh --enable-libsvtav1 --enable-libx264 --enable-libzmq --enable-libzvbi --enable-lv2 --enable-sdl2 --enable-libplacebo --enable-librav1e --enable-pocketsphinx --enable-librsvg --enable-libjxl --enable-shared'
2026-01-28 22:57:21 DEBUG pydub.converter [req=-] subprocess output: b'  libavutil      58. 29.100 / 58. 29.100'
2026-01-28 22:57:21 DEBUG pydub.converter [req=-] subprocess output: b'  libavcodec     60. 31.102 / 60. 31.102'
2026-01-28 22:57:21 DEBUG pydub.converter [req=-] subprocess output: b'  libavformat    60. 16.100 / 60. 16.100'
2026-01-28 22:57:21 DEBUG pydub.converter [req=-] subprocess output: b'  libavdevice    60.  3.100 / 60.  3.100'
2026-01-28 22:57:21 DEBUG pydub.converter [req=-] subprocess output: b'  libavfilter     9. 12.100 /  9. 12.100'
2026-01-28 22:57:21 DEBUG pydub.converter [req=-] subprocess output: b'  libswscale      7.  5.100 /  7.  5.100'
2026-01-28 22:57:21 DEBUG pydub.converter [req=-] subprocess output: b'  libswresample   4. 12.100 /  4. 12.100'
2026-01-28 22:57:21 DEBUG pydub.converter [req=-] subprocess output: b'  libpostproc    57.  3.100 / 57.  3.100'
2026-01-28 22:57:21 DEBUG pydub.converter [req=-] subprocess output: b'[aist#0:0/pcm_s16le @ 0x61fbb4ff3fc0] Guessed Channel Layout: mono'
2026-01-28 22:57:21 DEBUG pydub.converter [req=-] subprocess output: b"Input #0, wav, from '/tmp/tmpw5x0hdje':"
2026-01-28 22:57:21 DEBUG pydub.converter [req=-] subprocess output: b'  Duration: 00:00:02.53, bitrate: 384 kb/s'
2026-01-28 22:57:21 DEBUG pydub.converter [req=-] subprocess output: b'  Stream #0:0: Audio: pcm_s16le ([1][0][0][0] / 0x0001), 24000 Hz, 1 channels, s16, 384 kb/s'
2026-01-28 22:57:21 DEBUG pydub.converter [req=-] subprocess output: b'Stream mapping:'
2026-01-28 22:57:21 DEBUG pydub.converter [req=-] subprocess output: b'  Stream #0:0 -> #0:0 (pcm_s16le (native) -> mp3 (libmp3lame))'
2026-01-28 22:57:21 DEBUG pydub.converter [req=-] subprocess output: b'Press [q] to stop, [?] for help'
2026-01-28 22:57:21 DEBUG pydub.converter [req=-] subprocess output: b"Output #0, mp3, to '/tmp/tmpblbp7pha':"
2026-01-28 22:57:21 DEBUG pydub.converter [req=-] subprocess output: b'  Metadata:'
2026-01-28 22:57:21 DEBUG pydub.converter [req=-] subprocess output: b'    TSSE            : Lavf60.16.100'
2026-01-28 22:57:21 DEBUG pydub.converter [req=-] subprocess output: b'  Stream #0:0: Audio: mp3, 24000 Hz, mono, s16p'
2026-01-28 22:57:21 DEBUG pydub.converter [req=-] subprocess output: b'    Metadata:'
2026-01-28 22:57:21 DEBUG pydub.converter [req=-] subprocess output: b'      encoder         : Lavc60.31.102 libmp3lame'
2026-01-28 22:57:21 DEBUG pydub.converter [req=-] subprocess output: b'size=       0kB time=-00:00:00.04 bitrate=  -0.0kbits/s speed=N/A'
2026-01-28 22:57:21 DEBUG pydub.converter [req=-] subprocess output: b'[out#0/mp3 @ 0x61fbb4ff3a40] video:0kB audio:10kB subtitle:0kB other streams:0kB global headers:0kB muxing overhead: 2.285880%'
2026-01-28 22:57:21 DEBUG pydub.converter [req=-] subprocess output: b'size=      10kB time=00:00:02.52 bitrate=  33.6kbits/s speed= 223x'
2026-01-28 22:57:22 DEBUG pydub.converter [req=-] subprocess.call(['ffmpeg', '-y', '-f', 'wav', '-i', '/tmp/tmp73_h0zcb', '-f', 'mp3', '/tmp/tmpuu7syfpf'])
2026-01-28 22:57:22 DEBUG pydub.converter [req=-] subprocess output: b'ffmpeg version 6.1.1-3ubuntu5 Copyright (c) 2000-2023 the FFmpeg developers'
2026-01-28 22:57:22 DEBUG pydub.converter [req=-] subprocess output: b'  built with gcc 13 (Ubuntu 13.2.0-23ubuntu3)'
2026-01-28 22:57:22 DEBUG pydub.converter [req=-] subprocess output: b'  configuration: --prefix=/usr --extra-version=3ubuntu5 --toolchain=hardened --libdir=/usr/lib/x86_64-linux-gnu --incdir=/usr/include/x86_64-linux-gnu --arch=amd64 --enable-gpl --disable-stripping --disable-omx --enable-gnutls --enable-libaom --enable-libass --enable-libbs2b --enable-libcaca --enable-libcdio --enable-libcodec2 --enable-libdav1d --enable-libflite --enable-libfontconfig --enable-libfreetype --enable-libfribidi --enable-libglslang --enable-libgme --enable-libgsm --enable-libharfbuzz --enable-libmp3lame --enable-libmysofa --enable-libopenjpeg --enable-libopenmpt --enable-libopus --enable-librubberband --enable-libshine --enable-libsnappy --enable-libsoxr --enable-libspeex --enable-libtheora --enable-libtwolame --enable-libvidstab --enable-libvorbis --enable-libvpx --enable-libwebp --enable-libx265 --enable-libxml2 --enable-libxvid --enable-libzimg --enable-openal --enable-opencl --enable-opengl --disable-sndio --enable-libvpl --disable-libmfx --enable-libdc1394 --enable-libdrm --enable-libiec61883 --enable-chromaprint --enable-frei0r --enable-ladspa --enable-libbluray --enable-libjack --enable-libpulse --enable-librabbitmq --enable-librist --enable-libsrt --enable-libssh --enable-libsvtav1 --enable-libx264 --enable-libzmq --enable-libzvbi --enable-lv2 --enable-sdl2 --enable-libplacebo --enable-librav1e --enable-pocketsphinx --enable-librsvg --enable-libjxl --enable-shared'
2026-01-28 22:57:22 DEBUG pydub.converter [req=-] subprocess output: b'  libavutil      58. 29.100 / 58. 29.100'
2026-01-28 22:57:22 DEBUG pydub.converter [req=-] subprocess output: b'  libavcodec     60. 31.102 / 60. 31.102'
2026-01-28 22:57:22 DEBUG pydub.converter [req=-] subprocess output: b'  libavformat    60. 16.100 / 60. 16.100'
2026-01-28 22:57:22 DEBUG pydub.converter [req=-] subprocess output: b'  libavdevice    60.  3.100 / 60.  3.100'
2026-01-28 22:57:22 DEBUG pydub.converter [req=-] subprocess output: b'  libavfilter     9. 12.100 /  9. 12.100'
2026-01-28 22:57:22 DEBUG pydub.converter [req=-] subprocess output: b'  libswscale      7.  5.100 /  7.  5.100'
2026-01-28 22:57:22 DEBUG pydub.converter [req=-] subprocess output: b'  libswresample   4. 12.100 /  4. 12.100'
2026-01-28 22:57:22 DEBUG pydub.converter [req=-] subprocess output: b'  libpostproc    57.  3.100 / 57.  3.100'
2026-01-28 22:57:22 DEBUG pydub.converter [req=-] subprocess output: b'[aist#0:0/pcm_s16le @ 0x58daa8a67440] Guessed Channel Layout: mono'
2026-01-28 22:57:22 DEBUG pydub.converter [req=-] subprocess output: b"Input #0, wav, from '/tmp/tmp73_h0zcb':"
2026-01-28 22:57:22 DEBUG pydub.converter [req=-] subprocess output: b'  Duration: 00:00:02.90, bitrate: 384 kb/s'
2026-01-28 22:57:22 DEBUG pydub.converter [req=-] subprocess output: b'  Stream #0:0: Audio: pcm_s16le ([1][0][0][0] / 0x0001), 24000 Hz, 1 channels, s16, 384 kb/s'
2026-01-28 22:57:22 DEBUG pydub.converter [req=-] subprocess output: b'Stream mapping:'
2026-01-28 22:57:22 DEBUG pydub.converter [req=-] subprocess output: b'  Stream #0:0 -> #0:0 (pcm_s16le (native) -> mp3 (libmp3lame))'
2026-01-28 22:57:22 DEBUG pydub.converter [req=-] subprocess output: b'Press [q] to stop, [?] for help'
2026-01-28 22:57:22 DEBUG pydub.converter [req=-] subprocess output: b"Output #0, mp3, to '/tmp/tmpuu7syfpf':"
2026-01-28 22:57:22 DEBUG pydub.converter [req=-] subprocess output: b'  Metadata:'
2026-01-28 22:57:22 DEBUG pydub.converter [req=-] subprocess output: b'    TSSE            : Lavf60.16.100'
2026-01-28 22:57:22 DEBUG pydub.converter [req=-] subprocess output: b'  Stream #0:0: Audio: mp3, 24000 Hz, mono, s16p'
2026-01-28 22:57:22 DEBUG pydub.converter [req=-] subprocess output: b'    Metadata:'
2026-01-28 22:57:22 DEBUG pydub.converter [req=-] subprocess output: b'      encoder         : Lavc60.31.102 libmp3lame'
2026-01-28 22:57:22 DEBUG pydub.converter [req=-] subprocess output: b'size=       0kB time=-00:00:00.04 bitrate=  -0.0kbits/s speed=N/A'
2026-01-28 22:57:22 DEBUG pydub.converter [req=-] subprocess output: b'[out#0/mp3 @ 0x58daa8a6ca40] video:0kB audio:12kB subtitle:0kB other streams:0kB global headers:0kB muxing overhead: 2.007114%'
2026-01-28 22:57:22 DEBUG pydub.converter [req=-] subprocess output: b'size=      12kB time=00:00:02.88 bitrate=  33.4kbits/s speed= 234x'
2026-01-28 22:57:22 DEBUG pydub.converter [req=-] subprocess.call(['ffmpeg', '-y', '-f', 'wav', '-i', '/tmp/tmpr02d4qr0', '-f', 'mp3', '/tmp/tmp16fwnk3_'])
2026-01-28 22:57:22 DEBUG pydub.converter [req=-] subprocess output: b'ffmpeg version 6.1.1-3ubuntu5 Copyright (c) 2000-2023 the FFmpeg developers'
2026-01-28 22:57:22 DEBUG pydub.converter [req=-] subprocess output: b'  built with gcc 13 (Ubuntu 13.2.0-23ubuntu3)'
2026-01-28 22:57:22 DEBUG pydub.converter [req=-] subprocess output: b'  configuration: --prefix=/usr --extra-version=3ubuntu5 --toolchain=hardened --libdir=/usr/lib/x86_64-linux-gnu --incdir=/usr/include/x86_64-linux-gnu --arch=amd64 --enable-gpl --disable-stripping --disable-omx --enable-gnutls --enable-libaom --enable-libass --enable-libbs2b --enable-libcaca --enable-libcdio --enable-libcodec2 --enable-libdav1d --enable-libflite --enable-libfontconfig --enable-libfreetype --enable-libfribidi --enable-libglslang --enable-libgme --enable-libgsm --enable-libharfbuzz --enable-libmp3lame --enable-libmysofa --enable-libopenjpeg --enable-libopenmpt --enable-libopus --enable-librubberband --enable-libshine --enable-libsnappy --enable-libsoxr --enable-libspeex --enable-libtheora --enable-libtwolame --enable-libvidstab --enable-libvorbis --enable-libvpx --enable-libwebp --enable-libx265 --enable-libxml2 --enable-libxvid --enable-libzimg --enable-openal --enable-opencl --enable-opengl --disable-sndio --enable-libvpl --disable-libmfx --enable-libdc1394 --enable-libdrm --enable-libiec61883 --enable-chromaprint --enable-frei0r --enable-ladspa --enable-libbluray --enable-libjack --enable-libpulse --enable-librabbitmq --enable-librist --enable-libsrt --enable-libssh --enable-libsvtav1 --enable-libx264 --enable-libzmq --enable-libzvbi --enable-lv2 --enable-sdl2 --enable-libplacebo --enable-librav1e --enable-pocketsphinx --enable-librsvg --enable-libjxl --enable-shared'
2026-01-28 22:57:22 DEBUG pydub.converter [req=-] subprocess output: b'  libavutil      58. 29.100 / 58. 29.100'
2026-01-28 22:57:22 DEBUG pydub.converter [req=-] subprocess output: b'  libavcodec     60. 31.102 / 60. 31.102'
2026-01-28 22:57:22 DEBUG pydub.converter [req=-] subprocess output: b'  libavformat    60. 16.100 / 60. 16.100'
2026-01-28 22:57:22 DEBUG pydub.converter [req=-] subprocess output: b'  libavdevice    60.  3.100 / 60.  3.100'
2026-01-28 22:57:22 DEBUG pydub.converter [req=-] subprocess output: b'  libavfilter     9. 12.100 /  9. 12.100'
2026-01-28 22:57:22 DEBUG pydub.converter [req=-] subprocess output: b'  libswscale      7.  5.100 /  7.  5.100'
2026-01-28 22:57:22 DEBUG pydub.converter [req=-] subprocess output: b'  libswresample   4. 12.100 /  4. 12.100'
2026-01-28 22:57:22 DEBUG pydub.converter [req=-] subprocess output: b'  libpostproc    57.  3.100 / 57.  3.100'
2026-01-28 22:57:22 DEBUG pydub.converter [req=-] subprocess output: b'[aist#0:0/pcm_s16le @ 0x5ee77c596e80] Guessed Channel Layout: mono'
2026-01-28 22:57:22 DEBUG pydub.converter [req=-] subprocess output: b"Input #0, wav, from '/tmp/tmpr02d4qr0':"
2026-01-28 22:57:22 DEBUG pydub.converter [req=-] subprocess output: b'  Duration: 00:00:02.95, bitrate: 384 kb/s'
2026-01-28 22:57:22 DEBUG pydub.converter [req=-] subprocess output: b'  Stream #0:0: Audio: pcm_s16le ([1][0][0][0] / 0x0001), 24000 Hz, 1 channels, s16, 384 kb/s'
2026-01-28 22:57:22 DEBUG pydub.converter [req=-] subprocess output: b'Stream mapping:'
2026-01-28 22:57:22 DEBUG pydub.converter [req=-] subprocess output: b'  Stream #0:0 -> #0:0 (pcm_s16le (native) -> mp3 (libmp3lame))'
2026-01-28 22:57:22 DEBUG pydub.converter [req=-] subprocess output: b'Press [q] to stop, [?] for help'
2026-01-28 22:57:22 DEBUG pydub.converter [req=-] subprocess output: b"Output #0, mp3, to '/tmp/tmp16fwnk3_':"
2026-01-28 22:57:22 DEBUG pydub.converter [req=-] subprocess output: b'  Metadata:'
2026-01-28 22:57:22 DEBUG pydub.converter [req=-] subprocess output: b'    TSSE            : Lavf60.16.100'
2026-01-28 22:57:22 DEBUG pydub.converter [req=-] subprocess output: b'  Stream #0:0: Audio: mp3, 24000 Hz, mono, s16p'
2026-01-28 22:57:22 DEBUG pydub.converter [req=-] subprocess output: b'    Metadata:'
2026-01-28 22:57:22 DEBUG pydub.converter [req=-] subprocess output: b'      encoder         : Lavc60.31.102 libmp3lame'
2026-01-28 22:57:22 DEBUG pydub.converter [req=-] subprocess output: b'size=       0kB time=-00:00:00.04 bitrate=  -0.0kbits/s speed=N/A'
2026-01-28 22:57:22 DEBUG pydub.converter [req=-] subprocess output: b'[out#0/mp3 @ 0x5ee77c59ba40] video:0kB audio:12kB subtitle:0kB other streams:0kB global headers:0kB muxing overhead: 1.975000%'
2026-01-28 22:57:22 DEBUG pydub.converter [req=-] subprocess output: b'size=      12kB time=00:00:02.92 bitrate=  33.4kbits/s speed= 230x'
2026-01-28 22:57:22 DEBUG pydub.converter [req=-] subprocess.call(['ffmpeg', '-y', '-f', 'wav', '-i', '/tmp/tmpybq9sh8q', '-f', 'mp3', '/tmp/tmpskxt7bzo'])
2026-01-28 22:57:22 DEBUG pydub.converter [req=-] subprocess output: b'ffmpeg version 6.1.1-3ubuntu5 Copyright (c) 2000-2023 the FFmpeg developers'
2026-01-28 22:57:22 DEBUG pydub.converter [req=-] subprocess output: b'  built with gcc 13 (Ubuntu 13.2.0-23ubuntu3)'
2026-01-28 22:57:22 DEBUG pydub.converter [req=-] subprocess output: b'  configuration: --prefix=/usr --extra-version=3ubuntu5 --toolchain=hardened --libdir=/usr/lib/x86_64-linux-gnu --incdir=/usr/include/x86_64-linux-gnu --arch=amd64 --enable-gpl --disable-stripping --disable-omx --enable-gnutls --enable-libaom --enable-libass --enable-libbs2b --enable-libcaca --enable-libcdio --enable-libcodec2 --enable-libdav1d --enable-libflite --enable-libfontconfig --enable-libfreetype --enable-libfribidi --enable-libglslang --enable-libgme --enable-libgsm --enable-libharfbuzz --enable-libmp3lame --enable-libmysofa --enable-libopenjpeg --enable-libopenmpt --enable-libopus --enable-librubberband --enable-libshine --enable-libsnappy --enable-libsoxr --enable-libspeex --enable-libtheora --enable-libtwolame --enable-libvidstab --enable-libvorbis --enable-libvpx --enable-libwebp --enable-libx265 --enable-libxml2 --enable-libxvid --enable-libzimg --enable-openal --enable-opencl --enable-opengl --disable-sndio --enable-libvpl --disable-libmfx --enable-libdc1394 --enable-libdrm --enable-libiec61883 --enable-chromaprint --enable-frei0r --enable-ladspa --enable-libbluray --enable-libjack --enable-libpulse --enable-librabbitmq --enable-librist --enable-libsrt --enable-libssh --enable-libsvtav1 --enable-libx264 --enable-libzmq --enable-libzvbi --enable-lv2 --enable-sdl2 --enable-libplacebo --enable-librav1e --enable-pocketsphinx --enable-librsvg --enable-libjxl --enable-shared'
2026-01-28 22:57:22 DEBUG pydub.converter [req=-] subprocess output: b'  libavutil      58. 29.100 / 58. 29.100'
2026-01-28 22:57:22 DEBUG pydub.converter [req=-] subprocess output: b'  libavcodec     60. 31.102 / 60. 31.102'
2026-01-28 22:57:22 DEBUG pydub.converter [req=-] subprocess output: b'  libavformat    60. 16.100 / 60. 16.100'
2026-01-28 22:57:22 DEBUG pydub.converter [req=-] subprocess output: b'  libavdevice    60.  3.100 / 60.  3.100'
2026-01-28 22:57:22 DEBUG pydub.converter [req=-] subprocess output: b'  libavfilter     9. 12.100 /  9. 12.100'
2026-01-28 22:57:22 DEBUG pydub.converter [req=-] subprocess output: b'  libswscale      7.  5.100 /  7.  5.100'
2026-01-28 22:57:22 DEBUG pydub.converter [req=-] subprocess output: b'  libswresample   4. 12.100 /  4. 12.100'
2026-01-28 22:57:22 DEBUG pydub.converter [req=-] subprocess output: b'  libpostproc    57.  3.100 / 57.  3.100'
2026-01-28 22:57:22 DEBUG pydub.converter [req=-] subprocess output: b'[aist#0:0/pcm_s16le @ 0x60ecc54acd00] Guessed Channel Layout: mono'
2026-01-28 22:57:22 DEBUG pydub.converter [req=-] subprocess output: b"Input #0, wav, from '/tmp/tmpybq9sh8q':"
2026-01-28 22:57:22 DEBUG pydub.converter [req=-] subprocess output: b'  Duration: 00:00:02.78, bitrate: 384 kb/s'
2026-01-28 22:57:22 DEBUG pydub.converter [req=-] subprocess output: b'  Stream #0:0: Audio: pcm_s16le ([1][0][0][0] / 0x0001), 24000 Hz, 1 channels, s16, 384 kb/s'
2026-01-28 22:57:22 DEBUG pydub.converter [req=-] subprocess output: b'Stream mapping:'
2026-01-28 22:57:22 DEBUG pydub.converter [req=-] subprocess output: b'  Stream #0:0 -> #0:0 (pcm_s16le (native) -> mp3 (libmp3lame))'
2026-01-28 22:57:22 DEBUG pydub.converter [req=-] subprocess output: b'Press [q] to stop, [?] for help'
2026-01-28 22:57:22 DEBUG pydub.converter [req=-] subprocess output: b"Output #0, mp3, to '/tmp/tmpskxt7bzo':"
2026-01-28 22:57:22 DEBUG pydub.converter [req=-] subprocess output: b'  Metadata:'
2026-01-28 22:57:22 DEBUG pydub.converter [req=-] subprocess output: b'    TSSE            : Lavf60.16.100'
2026-01-28 22:57:22 DEBUG pydub.converter [req=-] subprocess output: b'  Stream #0:0: Audio: mp3, 24000 Hz, mono, s16p'
2026-01-28 22:57:22 DEBUG pydub.converter [req=-] subprocess output: b'    Metadata:'
2026-01-28 22:57:22 DEBUG pydub.converter [req=-] subprocess output: b'      encoder         : Lavc60.31.102 libmp3lame'
2026-01-28 22:57:22 DEBUG pydub.converter [req=-] subprocess output: b'size=       0kB time=-00:00:00.04 bitrate=  -0.0kbits/s speed=N/A'
2026-01-28 22:57:22 DEBUG pydub.converter [req=-] subprocess output: b'[out#0/mp3 @ 0x60ecc54b1a40] video:0kB audio:11kB subtitle:0kB other streams:0kB global headers:0kB muxing overhead: 2.092161%'
2026-01-28 22:57:22 DEBUG pydub.converter [req=-] subprocess output: b'size=      11kB time=00:00:02.76 bitrate=  33.5kbits/s speed= 227x'
2026-01-28 22:57:22 DEBUG pydub.converter [req=-] subprocess.call(['ffmpeg', '-y', '-f', 'wav', '-i', '/tmp/tmptcset25i', '-f', 'mp3', '/tmp/tmp2ml7mmgj'])
2026-01-28 22:57:22 DEBUG pydub.converter [req=-] subprocess output: b'ffmpeg version 6.1.1-3ubuntu5 Copyright (c) 2000-2023 the FFmpeg developers'
2026-01-28 22:57:22 DEBUG pydub.converter [req=-] subprocess output: b'  built with gcc 13 (Ubuntu 13.2.0-23ubuntu3)'
2026-01-28 22:57:22 DEBUG pydub.converter [req=-] subprocess output: b'  configuration: --prefix=/usr --extra-version=3ubuntu5 --toolchain=hardened --libdir=/usr/lib/x86_64-linux-gnu --incdir=/usr/include/x86_64-linux-gnu --arch=amd64 --enable-gpl --disable-stripping --disable-omx --enable-gnutls --enable-libaom --enable-libass --enable-libbs2b --enable-libcaca --enable-libcdio --enable-libcodec2 --enable-libdav1d --enable-libflite --enable-libfontconfig --enable-libfreetype --enable-libfribidi --enable-libglslang --enable-libgme --enable-libgsm --enable-libharfbuzz --enable-libmp3lame --enable-libmysofa --enable-libopenjpeg --enable-libopenmpt --enable-libopus --enable-librubberband --enable-libshine --enable-libsnappy --enable-libsoxr --enable-libspeex --enable-libtheora --enable-libtwolame --enable-libvidstab --enable-libvorbis --enable-libvpx --enable-libwebp --enable-libx265 --enable-libxml2 --enable-libxvid --enable-libzimg --enable-openal --enable-opencl --enable-opengl --disable-sndio --enable-libvpl --disable-libmfx --enable-libdc1394 --enable-libdrm --enable-libiec61883 --enable-chromaprint --enable-frei0r --enable-ladspa --enable-libbluray --enable-libjack --enable-libpulse --enable-librabbitmq --enable-librist --enable-libsrt --enable-libssh --enable-libsvtav1 --enable-libx264 --enable-libzmq --enable-libzvbi --enable-lv2 --enable-sdl2 --enable-libplacebo --enable-librav1e --enable-pocketsphinx --enable-librsvg --enable-libjxl --enable-shared'
2026-01-28 22:57:22 DEBUG pydub.converter [req=-] subprocess output: b'  libavutil      58. 29.100 / 58. 29.100'
2026-01-28 22:57:22 DEBUG pydub.converter [req=-] subprocess output: b'  libavcodec     60. 31.102 / 60. 31.102'
2026-01-28 22:57:22 DEBUG pydub.converter [req=-] subprocess output: b'  libavformat    60. 16.100 / 60. 16.100'
2026-01-28 22:57:22 DEBUG pydub.converter [req=-] subprocess output: b'  libavdevice    60.  3.100 / 60.  3.100'
2026-01-28 22:57:22 DEBUG pydub.converter [req=-] subprocess output: b'  libavfilter     9. 12.100 /  9. 12.100'
2026-01-28 22:57:22 DEBUG pydub.converter [req=-] subprocess output: b'  libswscale      7.  5.100 /  7.  5.100'
2026-01-28 22:57:22 DEBUG pydub.converter [req=-] subprocess output: b'  libswresample   4. 12.100 /  4. 12.100'
2026-01-28 22:57:22 DEBUG pydub.converter [req=-] subprocess output: b'  libpostproc    57.  3.100 / 57.  3.100'
2026-01-28 22:57:22 DEBUG pydub.converter [req=-] subprocess output: b'[aist#0:0/pcm_s16le @ 0x59dae2200d00] Guessed Channel Layout: mono'
2026-01-28 22:57:22 DEBUG pydub.converter [req=-] subprocess output: b"Input #0, wav, from '/tmp/tmptcset25i':"
2026-01-28 22:57:22 DEBUG pydub.converter [req=-] subprocess output: b'  Duration: 00:00:03.40, bitrate: 384 kb/s'
2026-01-28 22:57:22 DEBUG pydub.converter [req=-] subprocess output: b'  Stream #0:0: Audio: pcm_s16le ([1][0][0][0] / 0x0001), 24000 Hz, 1 channels, s16, 384 kb/s'
2026-01-28 22:57:22 DEBUG pydub.converter [req=-] subprocess output: b'Stream mapping:'
2026-01-28 22:57:22 DEBUG pydub.converter [req=-] subprocess output: b'  Stream #0:0 -> #0:0 (pcm_s16le (native) -> mp3 (libmp3lame))'
2026-01-28 22:57:22 DEBUG pydub.converter [req=-] subprocess output: b'Press [q] to stop, [?] for help'
2026-01-28 22:57:22 DEBUG pydub.converter [req=-] subprocess output: b"Output #0, mp3, to '/tmp/tmp2ml7mmgj':"
2026-01-28 22:57:22 DEBUG pydub.converter [req=-] subprocess output: b'  Metadata:'
2026-01-28 22:57:22 DEBUG pydub.converter [req=-] subprocess output: b'    TSSE            : Lavf60.16.100'
2026-01-28 22:57:22 DEBUG pydub.converter [req=-] subprocess output: b'  Stream #0:0: Audio: mp3, 24000 Hz, mono, s16p'
2026-01-28 22:57:22 DEBUG pydub.converter [req=-] subprocess output: b'    Metadata:'
2026-01-28 22:57:22 DEBUG pydub.converter [req=-] subprocess output: b'      encoder         : Lavc60.31.102 libmp3lame'
2026-01-28 22:57:22 DEBUG pydub.converter [req=-] subprocess output: b'size=       0kB time=-00:00:00.04 bitrate=  -0.0kbits/s speed=N/A'
2026-01-28 22:57:22 DEBUG pydub.converter [req=-] subprocess output: b'[out#0/mp3 @ 0x59dae2205a40] video:0kB audio:14kB subtitle:0kB other streams:0kB global headers:0kB muxing overhead: 1.714410%'
2026-01-28 22:57:22 DEBUG pydub.converter [req=-] subprocess output: b'size=      14kB time=00:00:03.38 bitrate=  33.2kbits/s speed= 234x'
2026-01-28 22:57:22 DEBUG pydub.converter [req=-] subprocess.call(['ffmpeg', '-y', '-f', 'wav', '-i', '/tmp/tmpakmg6m4d', '-f', 'mp3', '/tmp/tmpvto3ltn5'])
2026-01-28 22:57:22 DEBUG pydub.converter [req=-] subprocess output: b'ffmpeg version 6.1.1-3ubuntu5 Copyright (c) 2000-2023 the FFmpeg developers'
2026-01-28 22:57:22 DEBUG pydub.converter [req=-] subprocess output: b'  built with gcc 13 (Ubuntu 13.2.0-23ubuntu3)'
2026-01-28 22:57:22 DEBUG pydub.converter [req=-] subprocess output: b'  configuration: --prefix=/usr --extra-version=3ubuntu5 --toolchain=hardened --libdir=/usr/lib/x86_64-linux-gnu --incdir=/usr/include/x86_64-linux-gnu --arch=amd64 --enable-gpl --disable-stripping --disable-omx --enable-gnutls --enable-libaom --enable-libass --enable-libbs2b --enable-libcaca --enable-libcdio --enable-libcodec2 --enable-libdav1d --enable-libflite --enable-libfontconfig --enable-libfreetype --enable-libfribidi --enable-libglslang --enable-libgme --enable-libgsm --enable-libharfbuzz --enable-libmp3lame --enable-libmysofa --enable-libopenjpeg --enable-libopenmpt --enable-libopus --enable-librubberband --enable-libshine --enable-libsnappy --enable-libsoxr --enable-libspeex --enable-libtheora --enable-libtwolame --enable-libvidstab --enable-libvorbis --enable-libvpx --enable-libwebp --enable-libx265 --enable-libxml2 --enable-libxvid --enable-libzimg --enable-openal --enable-opencl --enable-opengl --disable-sndio --enable-libvpl --disable-libmfx --enable-libdc1394 --enable-libdrm --enable-libiec61883 --enable-chromaprint --enable-frei0r --enable-ladspa --enable-libbluray --enable-libjack --enable-libpulse --enable-librabbitmq --enable-librist --enable-libsrt --enable-libssh --enable-libsvtav1 --enable-libx264 --enable-libzmq --enable-libzvbi --enable-lv2 --enable-sdl2 --enable-libplacebo --enable-librav1e --enable-pocketsphinx --enable-librsvg --enable-libjxl --enable-shared'
2026-01-28 22:57:22 DEBUG pydub.converter [req=-] subprocess output: b'  libavutil      58. 29.100 / 58. 29.100'
2026-01-28 22:57:22 DEBUG pydub.converter [req=-] subprocess output: b'  libavcodec     60. 31.102 / 60. 31.102'
2026-01-28 22:57:22 DEBUG pydub.converter [req=-] subprocess output: b'  libavformat    60. 16.100 / 60. 16.100'
2026-01-28 22:57:22 DEBUG pydub.converter [req=-] subprocess output: b'  libavdevice    60.  3.100 / 60.  3.100'
2026-01-28 22:57:22 DEBUG pydub.converter [req=-] subprocess output: b'  libavfilter     9. 12.100 /  9. 12.100'
2026-01-28 22:57:22 DEBUG pydub.converter [req=-] subprocess output: b'  libswscale      7.  5.100 /  7.  5.100'
2026-01-28 22:57:22 DEBUG pydub.converter [req=-] subprocess output: b'  libswresample   4. 12.100 /  4. 12.100'
2026-01-28 22:57:22 DEBUG pydub.converter [req=-] subprocess output: b'  libpostproc    57.  3.100 / 57.  3.100'
2026-01-28 22:57:22 DEBUG pydub.converter [req=-] subprocess output: b'[aist#0:0/pcm_s16le @ 0x63bb6de9c980] Guessed Channel Layout: mono'
2026-01-28 22:57:22 DEBUG pydub.converter [req=-] subprocess output: b"Input #0, wav, from '/tmp/tmpakmg6m4d':"
2026-01-28 22:57:22 DEBUG pydub.converter [req=-] subprocess output: b'  Duration: 00:00:03.58, bitrate: 384 kb/s'
2026-01-28 22:57:22 DEBUG pydub.converter [req=-] subprocess output: b'  Stream #0:0: Audio: pcm_s16le ([1][0][0][0] / 0x0001), 24000 Hz, 1 channels, s16, 384 kb/s'
2026-01-28 22:57:22 DEBUG pydub.converter [req=-] subprocess output: b'Stream mapping:'
2026-01-28 22:57:22 DEBUG pydub.converter [req=-] subprocess output: b'  Stream #0:0 -> #0:0 (pcm_s16le (native) -> mp3 (libmp3lame))'
2026-01-28 22:57:22 DEBUG pydub.converter [req=-] subprocess output: b'Press [q] to stop, [?] for help'
2026-01-28 22:57:22 DEBUG pydub.converter [req=-] subprocess output: b"Output #0, mp3, to '/tmp/tmpvto3ltn5':"
2026-01-28 22:57:22 DEBUG pydub.converter [req=-] subprocess output: b'  Metadata:'
2026-01-28 22:57:22 DEBUG pydub.converter [req=-] subprocess output: b'    TSSE            : Lavf60.16.100'
2026-01-28 22:57:22 DEBUG pydub.converter [req=-] subprocess output: b'  Stream #0:0: Audio: mp3, 24000 Hz, mono, s16p'
2026-01-28 22:57:22 DEBUG pydub.converter [req=-] subprocess output: b'    Metadata:'
2026-01-28 22:57:22 DEBUG pydub.converter [req=-] subprocess output: b'      encoder         : Lavc60.31.102 libmp3lame'
2026-01-28 22:57:22 DEBUG pydub.converter [req=-] subprocess output: b'size=       0kB time=-00:00:00.04 bitrate=  -0.0kbits/s speed=N/A'
2026-01-28 22:57:22 DEBUG pydub.converter [req=-] subprocess output: b'[out#0/mp3 @ 0x63bb6de76a40] video:0kB audio:14kB subtitle:0kB other streams:0kB global headers:0kB muxing overhead: 1.634934%'
2026-01-28 22:57:22 DEBUG pydub.converter [req=-] subprocess output: b'size=      14kB time=00:00:03.55 bitrate=  33.2kbits/s speed= 226x'
2026-01-28 22:57:22 DEBUG pydub.converter [req=-] subprocess.call(['ffmpeg', '-y', '-f', 'wav', '-i', '/tmp/tmpbztxohc2', '-f', 'mp3', '/tmp/tmpz294r_vy'])
2026-01-28 22:57:23 DEBUG pydub.converter [req=-] subprocess output: b'ffmpeg version 6.1.1-3ubuntu5 Copyright (c) 2000-2023 the FFmpeg developers'
2026-01-28 22:57:23 DEBUG pydub.converter [req=-] subprocess output: b'  built with gcc 13 (Ubuntu 13.2.0-23ubuntu3)'
2026-01-28 22:57:23 DEBUG pydub.converter [req=-] subprocess output: b'  configuration: --prefix=/usr --extra-version=3ubuntu5 --toolchain=hardened --libdir=/usr/lib/x86_64-linux-gnu --incdir=/usr/include/x86_64-linux-gnu --arch=amd64 --enable-gpl --disable-stripping --disable-omx --enable-gnutls --enable-libaom --enable-libass --enable-libbs2b --enable-libcaca --enable-libcdio --enable-libcodec2 --enable-libdav1d --enable-libflite --enable-libfontconfig --enable-libfreetype --enable-libfribidi --enable-libglslang --enable-libgme --enable-libgsm --enable-libharfbuzz --enable-libmp3lame --enable-libmysofa --enable-libopenjpeg --enable-libopenmpt --enable-libopus --enable-librubberband --enable-libshine --enable-libsnappy --enable-libsoxr --enable-libspeex --enable-libtheora --enable-libtwolame --enable-libvidstab --enable-libvorbis --enable-libvpx --enable-libwebp --enable-libx265 --enable-libxml2 --enable-libxvid --enable-libzimg --enable-openal --enable-opencl --enable-opengl --disable-sndio --enable-libvpl --disable-libmfx --enable-libdc1394 --enable-libdrm --enable-libiec61883 --enable-chromaprint --enable-frei0r --enable-ladspa --enable-libbluray --enable-libjack --enable-libpulse --enable-librabbitmq --enable-librist --enable-libsrt --enable-libssh --enable-libsvtav1 --enable-libx264 --enable-libzmq --enable-libzvbi --enable-lv2 --enable-sdl2 --enable-libplacebo --enable-librav1e --enable-pocketsphinx --enable-librsvg --enable-libjxl --enable-shared'
2026-01-28 22:57:23 DEBUG pydub.converter [req=-] subprocess output: b'  libavutil      58. 29.100 / 58. 29.100'
2026-01-28 22:57:23 DEBUG pydub.converter [req=-] subprocess output: b'  libavcodec     60. 31.102 / 60. 31.102'
2026-01-28 22:57:23 DEBUG pydub.converter [req=-] subprocess output: b'  libavformat    60. 16.100 / 60. 16.100'
2026-01-28 22:57:23 DEBUG pydub.converter [req=-] subprocess output: b'  libavdevice    60.  3.100 / 60.  3.100'
2026-01-28 22:57:23 DEBUG pydub.converter [req=-] subprocess output: b'  libavfilter     9. 12.100 /  9. 12.100'
2026-01-28 22:57:23 DEBUG pydub.converter [req=-] subprocess output: b'  libswscale      7.  5.100 /  7.  5.100'
2026-01-28 22:57:23 DEBUG pydub.converter [req=-] subprocess output: b'  libswresample   4. 12.100 /  4. 12.100'
2026-01-28 22:57:23 DEBUG pydub.converter [req=-] subprocess output: b'  libpostproc    57.  3.100 / 57.  3.100'
2026-01-28 22:57:23 DEBUG pydub.converter [req=-] subprocess output: b'[aist#0:0/pcm_s16le @ 0x617eeb73be00] Guessed Channel Layout: mono'
2026-01-28 22:57:23 DEBUG pydub.converter [req=-] subprocess output: b"Input #0, wav, from '/tmp/tmpbztxohc2':"
2026-01-28 22:57:23 DEBUG pydub.converter [req=-] subprocess output: b'  Duration: 00:00:03.25, bitrate: 384 kb/s'
2026-01-28 22:57:23 DEBUG pydub.converter [req=-] subprocess output: b'  Stream #0:0: Audio: pcm_s16le ([1][0][0][0] / 0x0001), 24000 Hz, 1 channels, s16, 384 kb/s'
2026-01-28 22:57:23 DEBUG pydub.converter [req=-] subprocess output: b'Stream mapping:'
2026-01-28 22:57:23 DEBUG pydub.converter [req=-] subprocess output: b'  Stream #0:0 -> #0:0 (pcm_s16le (native) -> mp3 (libmp3lame))'
2026-01-28 22:57:23 DEBUG pydub.converter [req=-] subprocess output: b'Press [q] to stop, [?] for help'
2026-01-28 22:57:23 DEBUG pydub.converter [req=-] subprocess output: b"Output #0, mp3, to '/tmp/tmpz294r_vy':"
2026-01-28 22:57:23 DEBUG pydub.converter [req=-] subprocess output: b'  Metadata:'
2026-01-28 22:57:23 DEBUG pydub.converter [req=-] subprocess output: b'    TSSE            : Lavf60.16.100'
2026-01-28 22:57:23 DEBUG pydub.converter [req=-] subprocess output: b'  Stream #0:0: Audio: mp3, 24000 Hz, mono, s16p'
2026-01-28 22:57:23 DEBUG pydub.converter [req=-] subprocess output: b'    Metadata:'
2026-01-28 22:57:23 DEBUG pydub.converter [req=-] subprocess output: b'      encoder         : Lavc60.31.102 libmp3lame'
2026-01-28 22:57:23 DEBUG pydub.converter [req=-] subprocess output: b'size=       0kB time=-00:00:00.04 bitrate=  -0.0kbits/s speed=N/A'
2026-01-28 22:57:23 DEBUG pydub.converter [req=-] subprocess output: b'[out#0/mp3 @ 0x617eeb740a40] video:0kB audio:13kB subtitle:0kB other streams:0kB global headers:0kB muxing overhead: 1.788949%'
2026-01-28 22:57:23 DEBUG pydub.converter [req=-] subprocess output: b'size=      13kB time=00:00:03.24 bitrate=  33.3kbits/s speed= 227x'
2026-01-28 22:57:23 DEBUG pydub.converter [req=-] subprocess.call(['ffmpeg', '-y', '-f', 'wav', '-i', '/tmp/tmpdgxkbswe', '-f', 'mp3', '/tmp/tmpcn5e4pk0'])
2026-01-28 22:57:23 INFO app [req=9c5416a7ac243426-ORD] GET /new-toefl/api/mock/listening/job/job_listening_full_12_6b6ebad14e -> 200 (2ms)
2026-01-28 22:57:23 INFO werkzeug [req=-] 127.0.0.1 - - [28/Jan/2026 22:57:23] "GET /new-toefl/api/mock/listening/job/job_listening_full_12_6b6ebad14e HTTP/1.1" 200 -
2026-01-28 22:57:23 DEBUG pydub.converter [req=-] subprocess output: b'ffmpeg version 6.1.1-3ubuntu5 Copyright (c) 2000-2023 the FFmpeg developers'
2026-01-28 22:57:23 DEBUG pydub.converter [req=-] subprocess output: b'  built with gcc 13 (Ubuntu 13.2.0-23ubuntu3)'
2026-01-28 22:57:23 DEBUG pydub.converter [req=-] subprocess output: b'  configuration: --prefix=/usr --extra-version=3ubuntu5 --toolchain=hardened --libdir=/usr/lib/x86_64-linux-gnu --incdir=/usr/include/x86_64-linux-gnu --arch=amd64 --enable-gpl --disable-stripping --disable-omx --enable-gnutls --enable-libaom --enable-libass --enable-libbs2b --enable-libcaca --enable-libcdio --enable-libcodec2 --enable-libdav1d --enable-libflite --enable-libfontconfig --enable-libfreetype --enable-libfribidi --enable-libglslang --enable-libgme --enable-libgsm --enable-libharfbuzz --enable-libmp3lame --enable-libmysofa --enable-libopenjpeg --enable-libopenmpt --enable-libopus --enable-librubberband --enable-libshine --enable-libsnappy --enable-libsoxr --enable-libspeex --enable-libtheora --enable-libtwolame --enable-libvidstab --enable-libvorbis --enable-libvpx --enable-libwebp --enable-libx265 --enable-libxml2 --enable-libxvid --enable-libzimg --enable-openal --enable-opencl --enable-opengl --disable-sndio --enable-libvpl --disable-libmfx --enable-libdc1394 --enable-libdrm --enable-libiec61883 --enable-chromaprint --enable-frei0r --enable-ladspa --enable-libbluray --enable-libjack --enable-libpulse --enable-librabbitmq --enable-librist --enable-libsrt --enable-libssh --enable-libsvtav1 --enable-libx264 --enable-libzmq --enable-libzvbi --enable-lv2 --enable-sdl2 --enable-libplacebo --enable-librav1e --enable-pocketsphinx --enable-librsvg --enable-libjxl --enable-shared'
2026-01-28 22:57:23 DEBUG pydub.converter [req=-] subprocess output: b'  libavutil      58. 29.100 / 58. 29.100'
2026-01-28 22:57:23 DEBUG pydub.converter [req=-] subprocess output: b'  libavcodec     60. 31.102 / 60. 31.102'
2026-01-28 22:57:23 DEBUG pydub.converter [req=-] subprocess output: b'  libavformat    60. 16.100 / 60. 16.100'
2026-01-28 22:57:23 DEBUG pydub.converter [req=-] subprocess output: b'  libavdevice    60.  3.100 / 60.  3.100'
2026-01-28 22:57:23 DEBUG pydub.converter [req=-] subprocess output: b'  libavfilter     9. 12.100 /  9. 12.100'
2026-01-28 22:57:23 DEBUG pydub.converter [req=-] subprocess output: b'  libswscale      7.  5.100 /  7.  5.100'
2026-01-28 22:57:23 DEBUG pydub.converter [req=-] subprocess output: b'  libswresample   4. 12.100 /  4. 12.100'
2026-01-28 22:57:23 DEBUG pydub.converter [req=-] subprocess output: b'  libpostproc    57.  3.100 / 57.  3.100'
2026-01-28 22:57:23 DEBUG pydub.converter [req=-] subprocess output: b'[aist#0:0/pcm_s16le @ 0x567da8439e00] Guessed Channel Layout: mono'
2026-01-28 22:57:23 DEBUG pydub.converter [req=-] subprocess output: b"Input #0, wav, from '/tmp/tmpdgxkbswe':"
2026-01-28 22:57:23 DEBUG pydub.converter [req=-] subprocess output: b'  Duration: 00:00:03.80, bitrate: 384 kb/s'
2026-01-28 22:57:23 DEBUG pydub.converter [req=-] subprocess output: b'  Stream #0:0: Audio: pcm_s16le ([1][0][0][0] / 0x0001), 24000 Hz, 1 channels, s16, 384 kb/s'
2026-01-28 22:57:23 DEBUG pydub.converter [req=-] subprocess output: b'Stream mapping:'
2026-01-28 22:57:23 DEBUG pydub.converter [req=-] subprocess output: b'  Stream #0:0 -> #0:0 (pcm_s16le (native) -> mp3 (libmp3lame))'
2026-01-28 22:57:23 DEBUG pydub.converter [req=-] subprocess output: b'Press [q] to stop, [?] for help'
2026-01-28 22:57:23 DEBUG pydub.converter [req=-] subprocess output: b"Output #0, mp3, to '/tmp/tmpcn5e4pk0':"
2026-01-28 22:57:23 DEBUG pydub.converter [req=-] subprocess output: b'  Metadata:'
2026-01-28 22:57:23 DEBUG pydub.converter [req=-] subprocess output: b'    TSSE            : Lavf60.16.100'
2026-01-28 22:57:23 DEBUG pydub.converter [req=-] subprocess output: b'  Stream #0:0: Audio: mp3, 24000 Hz, mono, s16p'
2026-01-28 22:57:23 DEBUG pydub.converter [req=-] subprocess output: b'    Metadata:'
2026-01-28 22:57:23 DEBUG pydub.converter [req=-] subprocess output: b'      encoder         : Lavc60.31.102 libmp3lame'
2026-01-28 22:57:23 DEBUG pydub.converter [req=-] subprocess output: b'size=       0kB time=-00:00:00.04 bitrate=  -0.0kbits/s speed=N/A'
2026-01-28 22:57:23 DEBUG pydub.converter [req=-] subprocess output: b'[out#0/mp3 @ 0x567da843ea40] video:0kB audio:15kB subtitle:0kB other streams:0kB global headers:0kB muxing overhead: 1.533385%'
2026-01-28 22:57:23 DEBUG pydub.converter [req=-] subprocess output: b'size=      15kB time=00:00:03.79 bitrate=  33.1kbits/s speed= 241x'
2026-01-28 22:57:26 INFO app [req=9c5416ba5d793426-ORD] GET /new-toefl/api/mock/listening/job/job_listening_full_12_6b6ebad14e -> 200 (1ms)
2026-01-28 22:57:26 INFO werkzeug [req=-] 127.0.0.1 - - [28/Jan/2026 22:57:26] "GET /new-toefl/api/mock/listening/job/job_listening_full_12_6b6ebad14e HTTP/1.1" 200 -
2026-01-28 22:57:26 INFO app [req=9c5416bb0da23426-ORD] GET /static/listening_audio/new_toefl_conversation_1769641040269.mp3 -> 200 (0ms)
2026-01-28 22:57:26 INFO werkzeug [req=-] 127.0.0.1 - - [28/Jan/2026 22:57:26] "GET /static/listening_audio/new_toefl_conversation_1769641040269.mp3 HTTP/1.1" 200 -
2026-01-28 22:57:26 INFO app [req=9c5416bb0da03426-ORD] GET /static/listening_audio/new_toefl_conversation_1769641025807.mp3 -> 200 (0ms)
2026-01-28 22:57:26 INFO werkzeug [req=-] 127.0.0.1 - - [28/Jan/2026 22:57:26] "GET /static/listening_audio/new_toefl_conversation_1769641025807.mp3 HTTP/1.1" 200 -
2026-01-28 22:57:26 INFO app [req=9c5416bb0d9f3426-ORD] GET /static/listening_audio/new_toefl_response_1769641042494.mp3 -> 200 (0ms)
2026-01-28 22:57:26 INFO werkzeug [req=-] 127.0.0.1 - - [28/Jan/2026 22:57:26] "GET /static/listening_audio/new_toefl_response_1769641042494.mp3 HTTP/1.1" 200 -
2026-01-28 22:57:26 INFO app [req=9c5416bb2da73426-ORD] GET /static/listening_audio/new_toefl_response_1769641041270.mp3 -> 200 (1ms)
2026-01-28 22:57:26 INFO app [req=9c5416bb2da53426-ORD] GET /static/listening_audio/new_toefl_response_1769641040902.mp3 -> 200 (1ms)
2026-01-28 22:57:26 INFO werkzeug [req=-] 127.0.0.1 - - [28/Jan/2026 22:57:26] "GET /static/listening_audio/new_toefl_response_1769641041270.mp3 HTTP/1.1" 200 -
2026-01-28 22:57:26 INFO werkzeug [req=-] 127.0.0.1 - - [28/Jan/2026 22:57:26] "GET /static/listening_audio/new_toefl_response_1769641040902.mp3 HTTP/1.1" 200 -
2026-01-28 22:57:26 INFO app [req=9c5416bb2da83426-ORD] GET /static/listening_audio/new_toefl_response_1769641041448.mp3 -> 200 (1ms)
2026-01-28 22:57:26 INFO app [req=9c5416bb2da63426-ORD] GET /static/listening_audio/new_toefl_response_1769641041093.mp3 -> 200 (1ms)
2026-01-28 22:57:26 INFO werkzeug [req=-] 127.0.0.1 - - [28/Jan/2026 22:57:26] "GET /static/listening_audio/new_toefl_response_1769641041093.mp3 HTTP/1.1" 200 -
2026-01-28 22:57:26 INFO werkzeug [req=-] 127.0.0.1 - - [28/Jan/2026 22:57:26] "GET /static/listening_audio/new_toefl_response_1769641041448.mp3 HTTP/1.1" 200 -
2026-01-28 22:57:26 INFO app [req=9c5416bb5dac3426-ORD] GET /static/listening_audio/new_toefl_response_1769641040529.mp3 -> 200 (0ms)
2026-01-28 22:57:26 INFO werkzeug [req=-] 127.0.0.1 - - [28/Jan/2026 22:57:26] "GET /static/listening_audio/new_toefl_response_1769641040529.mp3 HTTP/1.1" 200 -
2026-01-28 22:57:26 INFO app [req=9c5416bb4dab3426-ORD] GET /static/listening_audio/new_toefl_response_1769641040702.mp3 -> 200 (0ms)
2026-01-28 22:57:26 INFO werkzeug [req=-] 127.0.0.1 - - [28/Jan/2026 22:57:26] "GET /static/listening_audio/new_toefl_response_1769641040702.mp3 HTTP/1.1" 200 -
2026-01-28 22:57:26 INFO app [req=9c5416bb6db03426-ORD] GET /static/listening_audio/new_toefl_response_1769641041630.mp3 -> 200 (0ms)
2026-01-28 22:57:26 INFO werkzeug [req=-] 127.0.0.1 - - [28/Jan/2026 22:57:26] "GET /static/listening_audio/new_toefl_response_1769641041630.mp3 HTTP/1.1" 200 -
2026-01-28 22:57:26 INFO app [req=9c5416bb7db43426-ORD] GET /static/listening_audio/new_toefl_response_1769641042140.mp3 -> 200 (1ms)
2026-01-28 22:57:26 INFO werkzeug [req=-] 127.0.0.1 - - [28/Jan/2026 22:57:26] "GET /static/listening_audio/new_toefl_response_1769641042140.mp3 HTTP/1.1" 200 -
2026-01-28 22:57:26 INFO app [req=9c5416bb7db33426-ORD] GET /static/listening_audio/new_toefl_response_1769641041962.mp3 -> 200 (2ms)
2026-01-28 22:57:26 INFO app [req=9c5416bb7db23426-ORD] GET /static/listening_audio/new_toefl_response_1769641041790.mp3 -> 200 (2ms)
2026-01-28 22:57:26 INFO werkzeug [req=-] 127.0.0.1 - - [28/Jan/2026 22:57:26] "GET /static/listening_audio/new_toefl_response_1769641041962.mp3 HTTP/1.1" 200 -
2026-01-28 22:57:26 INFO app [req=9c5416bb7db53426-ORD] GET /static/listening_audio/new_toefl_response_1769641042317.mp3 -> 200 (1ms)
2026-01-28 22:57:26 INFO werkzeug [req=-] 127.0.0.1 - - [28/Jan/2026 22:57:26] "GET /static/listening_audio/new_toefl_response_1769641041790.mp3 HTTP/1.1" 200 -
2026-01-28 22:57:26 INFO werkzeug [req=-] 127.0.0.1 - - [28/Jan/2026 22:57:26] "GET /static/listening_audio/new_toefl_response_1769641042317.mp3 HTTP/1.1" 200 -
2026-01-28 22:57:26 INFO app [req=9c5416bd5dd83426-ORD] GET /static/listening_audio/new_toefl_response_1769641042837.mp3 -> 200 (0ms)
2026-01-28 22:57:26 INFO werkzeug [req=-] 127.0.0.1 - - [28/Jan/2026 22:57:26] "GET /static/listening_audio/new_toefl_response_1769641042837.mp3 HTTP/1.1" 200 -
2026-01-28 22:57:26 INFO app [req=9c5416bd5dd73426-ORD] GET /static/listening_audio/new_toefl_response_1769641042673.mp3 -> 200 (0ms)
2026-01-28 22:57:26 INFO werkzeug [req=-] 127.0.0.1 - - [28/Jan/2026 22:57:26] "GET /static/listening_audio/new_toefl_response_1769641042673.mp3 HTTP/1.1" 200 -
2026-01-28 22:57:26 INFO app [req=9c5416bd6dda3426-ORD] GET /static/listening_audio/new_toefl_response_1769641040332.mp3 -> 200 (1ms)
2026-01-28 22:57:26 INFO app [req=9c5416bd6dd93426-ORD] GET /static/listening_audio/new_toefl_response_1769641043019.mp3 -> 200 (1ms)
2026-01-28 22:57:26 INFO werkzeug [req=-] 127.0.0.1 - - [28/Jan/2026 22:57:26] "GET /static/listening_audio/new_toefl_response_1769641040332.mp3 HTTP/1.1" 200 -
2026-01-28 22:57:26 INFO werkzeug [req=-] 127.0.0.1 - - [28/Jan/2026 22:57:26] "GET /static/listening_audio/new_toefl_response_1769641043019.mp3 HTTP/1.1" 200 -
2026-01-28 23:00:21 INFO app [req=9c541b014868cc6e-ORD] GET /favicon.ico -> 404 (0ms)
2026-01-28 23:00:21 INFO werkzeug [req=-] 127.0.0.1 - - [28/Jan/2026 23:00:21] "[33mGET /favicon.ico HTTP/1.1[0m" 404 -
